update,episodes,rollout_steps,mean_cost,mean_reward,mean_decisions,mean_branches,actor_loss,critic_loss,entropy,approx_kl,clip_fraction,fixed_greedy_cost,elapsed_seconds
1,16,105,34.9286495171396,-34.9286495171396,6.5625,3.726686507936508,-9.869545061036433e-05,620.3074951171875,1.0835132598876953,2.9140049780570127e-08,0.0,16.84955592153876,0.357709200005047
2,32,92,34.57936831860599,-34.57936831860599,5.75,4.651810515873016,-7.596698360146092e-05,605.5983479817709,1.1739314794540405,2.5267186269199254e-08,0.0,16.84955592153876,0.6862023000139743
3,48,94,29.579644925633218,-29.579644925633218,5.875,3.738764880952381,-8.481952232960073e-05,442.96453857421875,1.0542020400365193,2.8322774644114663e-08,0.0,8.283185307179586,1.0157377000432462
4,64,104,35.86476648200343,-35.86476648200343,6.5,4.718179563492064,-8.461452242218097e-05,570.4267781575521,1.1534137328465779,3.133064533737221e-08,0.0,8.283185307179586,1.3910064999945462
5,80,108,44.027653166634934,-44.027653166634934,6.75,4.7155257936507935,-5.658118081737958e-05,744.2348836263021,1.118202845255534,2.0788039437983723e-08,0.0,8.283185307179586,1.8487253000494093
6,96,104,32.854257298990674,-32.854257298990674,6.5,4.204613095238095,-2.820331330729194e-05,470.23183186848956,1.0950623353322346,1.8913012193403727e-08,0.0,8.283185307179586,2.2645813999697566
7,112,91,39.535672886402594,-39.535672886402594,5.6875,4.991700487012987,-4.590561872445479e-05,742.4117431640625,1.1760505040486653,1.2881590460978032e-08,0.0,8.283185307179586,2.589609200018458
8,128,96,34.96321785945535,-34.96321785945535,6,4.910912698412698,-7.54959077724493e-05,494.184814453125,1.193676749865214,2.3179583881945593e-08,0.0,8.283185307179586,2.9334964000154287
9,144,108,39.21183482431918,-39.21183482431918,6.75,3.9122068903318903,-7.062929647953335e-05,599.4429117838541,1.0850179592768352,2.0052179768489015e-08,0.0,8.283185307179586,3.297203400055878
10,160,93,33.98561831860599,-33.98561831860599,5.8125,4.662549603174603,-5.219443999256631e-05,400.67470296223956,1.2041937907536824,2.6063680991228466e-08,0.0,8.283185307179586,3.626250599976629
11,176,97,33.12029768053704,-33.12029768053704,6.0625,3.605406746031746,-0.00011260648863320455,381.16991170247394,1.0573207139968872,2.7856464986560543e-08,0.0,8.283185307179586,3.9481242999900132
12,192,89,34.48893666092174,-34.48893666092174,5.5625,4.333382936507936,-7.057692483887952e-05,648.7360636393229,1.0875561237335205,3.6387854507324846e-08,0.0,8.283185307179586,4.247382199973799
13,208,96,37.17284171157875,-37.17284171157875,6,4.265128968253968,-0.00010363260985831364,496.1705830891927,1.1309946378072102,3.870162679220357e-08,0.0,8.283185307179586,4.572022499982268
14,224,99,42.91648069196344,-42.91648069196344,6.1875,4.172867063492063,-8.878403080932647e-05,825.9942016601562,1.0791504383087158,5.5189483797827656e-08,0.0,8.283185307179586,4.905651199980639
15,240,104,45.63467747790897,-45.63467747790897,6.5,3.967834595959596,-0.00011007487512652385,742.4040120442709,1.088881254196167,5.4446552155695827e-08,0.0,8.283185307179586,5.279643299989402
16,256,101,39.54618206941536,-39.54618206941536,6.3125,4.314434523809524,-0.00011371572963625454,576.885986328125,1.132745385169983,4.2883868900389643e-08,0.0,8.283185307179586,5.641830999986269
17,272,102,33.91509859883832,-33.91509859883832,6.375,3.7930690836940837,-0.00011252051669548753,565.2161865234375,1.0455987453460693,5.8046352317357254e-08,0.0,8.283185307179586,5.989467000006698
18,288,105,31.714324287564278,-31.714324287564278,6.5625,3.7052579365079366,-0.00013409303819974147,314.1012268066406,1.0400079488754272,7.568843921982686e-08,0.0,8.283185307179586,6.3808355000801384
19,304,115,44.956580232812804,-44.956580232812804,7.1875,3.7637536075036078,-0.00011492881177706711,697.1222941080729,1.0540758768717449,7.031620441466657e-08,0.0,8.283185307179586,6.783569400082342
20,320,91,38.132465563702155,-38.132465563702155,5.6875,4.727827380952381,-0.00013827229828670498,686.6534627278646,1.1245368321736653,1.0610936840294016e-07,0.0,8.283185307179586,7.099287600023672
21,336,93,31.06996556370216,-31.06996556370216,5.8125,3.7513392857142858,-0.0001531715460908837,413.7607116699219,1.084742784500122,9.54956149712416e-08,0.0,8.283185307179586,7.423852400039323
22,352,102,39.30503161026472,-39.30503161026472,6.375,4.351041666666666,-0.00021627214505196926,570.5161946614584,1.1555619637171428,1.4570024594225592e-07,0.0,8.283185307179586,7.766256000031717
23,368,102,45.09927931451153,-45.09927931451153,6.375,4.907242063492063,-0.00014560382645475065,778.3423055013021,1.2105525732040405,1.4803768048447333e-07,0.0,8.283185307179586,8.122466000029817
24,384,99,33.22593895667492,-33.22593895667492,6.1875,4.084151785714286,-0.00017055036296890572,347.6972147623698,1.1444502274195354,1.216175557298508e-07,0.0,8.283185307179586,8.459318400011398
25,400,97,39.537332528566,-39.537332528566,6.0625,4.25250496031746,-0.0003112632442422066,382.85198974609375,1.11258331934611,2.7508260795154155e-07,0.0,8.283185307179586,8.791514000040479
26,416,95,27.481193548181302,-27.481193548181302,5.9375,3.829017857142857,-0.00022741117123548094,199.17096455891928,1.0824811061223347,2.1604070354896976e-07,0.0,8.283185307179586,9.14908220001962
27,432,109,36.66731051304514,-36.66731051304514,6.8125,3.792485119047619,-0.0001389528232659624,545.8305460611979,1.060069998105367,1.480090835078348e-07,0.0,8.283185307179586,9.552625400014222
28,448,106,39.024058217291945,-39.024058217291945,6.625,4.100967261904762,-0.0002214020138614122,571.9164428710938,1.0426396131515503,1.8556163420650287e-07,0.0,8.283185307179586,9.9961838000454
29,464,106,41.09540775814131,-41.09540775814131,6.625,4.294494047619048,-0.0002733555350763102,516.3637898763021,1.1178524096806843,2.924001497225011e-07,0.0,8.283185307179586,10.370200400007889
30,480,87,32.03484400733194,-32.03484400733194,5.4375,3.6754464285714286,-0.00019520954816698577,419.4933268229167,1.0782978534698486,2.4230088039682113e-07,0.0,8.283185307179586,10.66004960006103
31,496,95,29.50331740030471,-29.50331740030471,5.9375,4.071651785714286,-0.00020449684801112275,318.75682576497394,1.0793283383051555,2.5305832688597246e-07,0.0,8.283185307179586,10.980177500052378
32,512,101,43.10370408493621,-43.10370408493621,6.3125,4.022247023809524,-0.0003273683840632202,729.8752237955729,1.1203420162200928,3.2477646054000314e-07,0.0,8.283185307179586,11.329863899969496
33,528,101,39.37776418625024,-39.37776418625024,6.3125,4.71838474025974,-0.0002473329189376372,491.0983479817708,1.1758676767349243,3.749387834280545e-07,0.0,8.283185307179586,11.695194100029767
34,544,102,39.34098298771663,-39.34098298771663,6.375,4.550669642857143,-0.00027399436434549784,473.5152079264323,1.1562519073486328,4.28335340529884e-07,0.0,8.283185307179586,12.049855999997817
35,560,102,45.527929773662166,-45.527929773662166,6.375,4.55337527056277,-0.0004437222933783384,799.20263671875,1.1363840103149414,6.388994412039514e-07,0.0,8.283185307179586,12.3962267000461
36,576,106,38.83766464540088,-38.83766464540088,6.625,3.94422123015873,-0.0003238211626784467,451.7039286295573,1.0880221128463745,4.0411200075141096e-07,0.0,8.283185307179586,12.754616699996404
37,592,91,34.110065104551516,-34.110065104551516,5.6875,4.338764880952381,-0.00046644978512588864,352.7776794433594,1.1554810206095378,9.034579117421041e-07,0.0,8.283185307179586,13.063701100065373
38,608,107,41.02046326794897,-41.02046326794897,6.6875,4.539236111111111,-0.000454009514838057,447.7880147298177,1.1290795008341472,7.382805904398992e-07,0.0,8.283185307179586,13.430225600022823
39,624,92,36.60481051304514,-36.60481051304514,5.75,4.275223214285714,-0.0004196495232780724,404.2306416829427,1.133331020673116,6.949556071352466e-07,0.0,8.283185307179586,13.754506399971433
40,640,97,32.31581740030471,-32.31581740030471,6.0625,4.24941829004329,-0.00047102622370687186,355.51584879557294,1.1218898296356201,9.440474286748213e-07,0.0,8.283185307179586,14.086942599969916
41,656,106,38.04618206941535,-38.04618206941535,6.625,5.035218253968254,-0.0004699965025546741,501.7329508463542,1.1109487215677898,9.711058244950739e-07,0.0,8.283185307179586,14.444372700061649
42,672,103,40.00691234964769,-40.00691234964769,6.4375,4.159995039682539,-0.00032847675615036803,539.2841593424479,1.1807903051376343,6.789914361130892e-07,0.0,8.283185307179586,14.790232400060631
43,688,92,38.287332528566,-38.287332528566,5.75,4.4556547619047615,-0.0006245884359354174,518.0682576497396,1.132116675376892,1.197707869475077e-06,0.0,8.283185307179586,15.103218500036746
44,704,104,32.203538497524285,-32.203538497524285,6.5,4.176210768398269,-0.00042947839709720864,383.31833902994794,1.1053068240483601,9.324688600524192e-07,0.0,8.283185307179586,15.454548300011083
45,720,98,34.2936935481813,-34.2936935481813,6.125,4.099702380952381,-0.0006795821606099631,317.97046915690106,1.13326096534729,1.3676630222410797e-06,0.0,8.283185307179586,15.79916310007684
46,736,95,33.481470155208534,-33.481470155208534,5.9375,4.53030753968254,-0.000666770180932493,256.06615193684894,1.158493995666504,1.3997680146834075e-06,0.0,8.283185307179586,16.12405680003576
47,752,86,32.076049976290236,-32.076049976290236,5.375,4.5902529761904765,-0.0008448135985833124,290.6135762532552,1.1810766061147053,2.4893025738492724e-06,0.0,8.283185307179586,16.4204859000165
48,768,94,42.036226100457064,-42.036226100457064,5.875,4.641531385281385,-0.00061860552894899,540.25048828125,1.1906071503957112,2.046214717665862e-06,0.0,8.283185307179586,16.74176670005545
49,784,101,37.73147015520854,-37.73147015520854,6.3125,3.8901785714285713,-0.0007257536447475843,477.32627360026044,1.0599129597345989,2.419791182243595e-06,0.0,8.283185307179586,17.07527300005313
50,800,119,41.408460972195776,-41.408460972195776,7.4375,3.970302960927961,-0.0008161916164025248,493.4049987792969,1.0417189598083496,2.585873251822098e-06,0.0,8.283185307179586,17.48062950000167
51,816,103,33.550330232812804,-33.550330232812804,6.4375,3.857688492063492,-0.0010195681405204364,318.46094767252606,1.0835715134938557,2.953998508322305e-06,0.0,8.283185307179586,17.850726500037126
52,832,97,35.48893666092173,-35.48893666092173,6.0625,4.427480158730159,-0.001203334623070799,365.7461751302083,1.1709663073221843,4.213290670425825e-06,0.0,8.283185307179586,18.19000160007272
53,848,90,30.06194584393449,-30.06194584393449,5.625,4.798635912698413,-0.0013515277929535923,235.08468627929688,1.1600903669993083,5.665752572288814e-06,0.0,8.283185307179586,18.506705600069836
54,864,105,39.635783906017906,-39.635783906017906,6.5625,4.001909722222222,-0.0008902545964774392,431.54967244466144,1.1101289987564087,4.026814015863541e-06,0.0,8.283185307179586,18.856346099986695
55,880,101,34.81913574262046,-34.81913574262046,6.3125,3.7673363095238095,-0.0009192893069879619,364.84081013997394,1.0521692037582397,3.5385093421306615e-06,0.0,8.283185307179586,19.190639000036754
56,896,90,28.84319584393449,-28.84319584393449,5.625,5.099479166666667,-0.0012939559235409792,205.58175659179688,1.1589163939158122,4.7864737098279875e-06,0.0,8.283185307179586,19.51292440004181
57,912,86,25.425054567796614,-25.425054567796614,5.375,4.350372023809523,-0.0013007595999772192,312.089111328125,1.1542432308197021,5.141016041913342e-06,0.0,8.283185307179586,19.818203900009394
58,928,101,36.88135913559323,-36.88135913559323,6.3125,4.010193452380952,-0.0011245209198113375,269.5355529785156,1.0678338209788005,5.0465265151918475e-06,0.0,0.42920367320510344,20.16242150007747
59,944,100,34.4811935481813,-34.4811935481813,6.25,4.206770833333334,-0.0013394775800404564,400.12770589192706,1.113800843556722,6.044109795766417e-06,0.0,0.42920367320510344,20.51529880007729
60,960,109,37.98893666092174,-37.98893666092174,6.8125,4.440992514430015,-0.0016171363209428098,286.3989969889323,1.086934765179952,6.753917053477683e-06,0.0,0.42920367320510344,20.885541700059548
61,976,85,27.15293071567321,-27.15293071567321,5.3125,5.097619047619048,-0.001177595122991093,225.39871215820312,1.2104368607203166,6.241190552221572e-06,0.0,0.42920367320510344,21.186837000073865
62,992,92,33.24750959474386,-33.24750959474386,5.75,4.4504464285714285,-0.0014152766586672527,215.7603556315104,1.1311920483907063,7.535452520338974e-06,0.0,0.42920367320510344,21.504771400010213
63,1008,85,25.24999905798896,-25.24999905798896,5.3125,4.600992063492064,-0.001461009879359117,198.4639638264974,1.139560302098592,6.2552154152702615e-06,0.0,0.42920367320510344,21.825733400066383
64,1024,75,25.98534171157875,-25.98534171157875,4.6875,5.235639880952381,-0.0016186311271872238,227.89591471354166,1.2334904670715332,1.4168819082745662e-05,0.0,0.42920367320510344,22.094341800082475
65,1040,89,20.978981633974485,-20.978981633974485,5.5625,5.017931547619048,-0.0014921058407959542,95.71187337239583,1.1906115214029949,8.196420215729935e-06,0.0,0.42920367320510344,22.424146000063047
66,1056,106,35.453538497524285,-35.453538497524285,6.625,3.4657738095238098,-0.0015386949877580491,251.49384053548178,1.023568034172058,6.859875914718335e-06,0.0,0.42920367320510344,22.78466870007105
67,1072,96,31.91924676223577,-31.91924676223577,6,4.180280483405483,-0.0017364997571955125,379.2808837890625,1.0894858837127686,9.172389127343195e-06,0.0,0.42920367320510344,23.12005610007327
68,1088,96,30.28235548609789,-30.28235548609789,6,4.231820436507936,-0.001608779007154985,189.23334757486978,1.0730297168095906,9.494936875853455e-06,0.0,0.42920367320510344,23.454158200067468
69,1104,90,26.761061455056186,-26.761061455056186,5.625,3.9953125,-0.0026070753819551484,147.3206787109375,1.0757732788721721,1.6479581063322257e-05,0.0,0.42920367320510344,23.763252899982035
70,1120,105,34.08794125242811,-34.08794125242811,6.5625,3.427926587301587,-0.0013048301155252535,270.14007568359375,0.9904283086458842,7.725045634288108e-06,0.0,0.42920367320510344,24.112282400019467
71,1136,99,29.275717859455344,-29.275717859455344,6.1875,3.779389880952381,-0.0019847073604791396,192.6546834309896,1.0611952940622966,1.0711175339868836e-05,0.0,0.42920367320510344,24.440053300000727
72,1152,101,33.845684365168545,-33.845684365168545,6.3125,4.031845238095238,-0.0021901818602453695,266.9324137369792,1.0143521626790364,1.2963715259199185e-05,0.0,0.42920367320510344,24.77642290003132
73,1168,86,23.264656404399165,-23.264656404399165,5.375,4.476041666666666,-0.0017974117640838412,120.65374755859375,1.0854098002115886,1.4716341259675877e-05,0.0,0.42920367320510344,25.07247360004112
74,1184,90,24.169523369263004,-24.169523369263004,5.625,3.92405753968254,-0.001610955514048218,130.7753143310547,1.0675077835718791,1.211243640379204e-05,0.0,0.42920367320510344,25.37828730000183
75,1200,92,24.376105486097888,-24.376105486097888,5.75,3.741344246031746,-0.0023230716106953744,188.0987548828125,1.0718458890914917,1.2991436657709224e-05,0.0,0.42920367320510344,25.701025300077163
76,1216,95,27.069688956674927,-27.069688956674927,5.9375,4.4123511904761905,-0.002498344742905445,174.9834442138672,1.0950469573338826,1.758138296281686e-05,0.0,0.42920367320510344,26.03536510001868
77,1232,97,27.07162520586555,-27.07162520586555,6.0625,3.9604166666666667,-0.0025590498182807377,279.3636881510417,1.0125387112299602,1.688644654980938e-05,0.0,0.42920367320510344,26.41706000000704
78,1248,89,29.770186660921734,-29.770186660921734,5.5625,4.96547619047619,-0.0019611879496063502,178.937744140625,1.1059412956237793,1.8279204293018363e-05,0.0,0.42920367320510344,26.766717900056392
79,1264,83,27.519357781851078,-27.519357781851078,5.1875,4.031770833333334,-0.00356923240745625,167.61902364095053,1.0465989510218303,2.7975164509067934e-05,0.0,8.283185307179586,27.057978000026196
80,1280,89,25.38357199181109,-25.38357199181109,5.5625,5.033035714285714,-0.0026338031447461496,188.67498779296875,1.1106764078140259,2.3207414415082894e-05,0.0,8.283185307179586,27.393874200060964
81,1296,92,29.267144925633218,-29.267144925633218,5.75,3.9361359126984126,-0.00267063626223063,293.56089274088544,1.051866054534912,2.1345804877152357e-05,0.0,8.283185307179586,27.7133323000744
82,1312,96,25.58130456779661,-25.58130456779661,6,3.748214285714286,-0.0027477344135859263,214.15413920084634,1.0278226534525554,2.6224181056022644e-05,0.0,0.42920367320510344,28.042816600063816
83,1328,92,25.81277566501619,-25.81277566501619,5.75,4.267857142857143,-0.0026104160672240084,206.1270955403646,1.0269539753595989,2.3807736397429835e-05,0.0,0.42920367320510344,28.39594760001637
84,1344,78,19.905972450961723,-19.905972450961723,4.875,4.756994047619048,-0.0025371717285113484,118.99061330159505,1.135392427444458,3.039531232692146e-05,0.0,0.42920367320510344,28.6876837000018
85,1360,91,30.446901812892786,-30.446901812892786,5.6875,4.943526785714286,-0.0025689204755643402,281.9911600748698,1.149654467900594,3.444002322794404e-05,0.0,0.42920367320510344,29.02787210000679
86,1376,88,21.39878255227576,-21.39878255227576,5.5,3.785416666666667,-0.002659526653587818,168.74055989583334,0.986725370089213,1.9607896319939755e-05,0.0,0.42920367320510344,29.335867700050585
87,1392,83,17.03318530717959,-17.03318530717959,5.1875,4.415252976190477,-0.002966253684429413,95.42039235432942,1.089410940806071,1.7838425568091527e-05,0.0,0.42920367320510344,29.685001900070347
88,1408,73,14.926160995905544,-14.926160995905544,4.5625,5.063169642857143,-0.003909636525964544,125.5052261352539,1.105655590693156,3.1818265900559105e-05,0.0,0.42920367320510344,29.97906589997001
89,1424,92,20.211282552275758,-20.211282552275758,5.75,4.247023809523809,-0.0027340942136673263,89.07362874348958,1.0212294658025105,2.3842182296599883e-05,0.0,0.42920367320510344,30.327804400003515
90,1440,77,17.952709618453632,-17.952709618453632,4.8125,5.083035714285714,-0.003330860210348637,85.29947916666667,1.0868827899297078,2.7494899162168924e-05,0.0,0.42920367320510344,30.614241300034337
91,1456,68,11.00221191420682,-11.00221191420682,4.25,4.9696428571428575,-0.002925094440762166,72.37717946370442,1.0844615300496419,2.141413733625086e-05,0.0,0.42920367320510344,30.892094300012104
92,1472,84,18.564435307179586,-18.564435307179586,5.25,4.865252976190476,-0.002275806485808829,99.92386627197266,1.072489619255066,2.3869058168202173e-05,0.0,0.42920367320510344,31.187918500043452
93,1488,85,17.493362373357456,-17.493362373357456,5.3125,5.004761904761905,-0.004098482641811489,84.45338948567708,1.0060721238454182,3.366891117669487e-05,0.0,0.42920367320510344,31.506793900043704
94,1504,82,13.345408700152355,-13.345408700152355,5.125,4.311830357142857,-0.00365442476931932,68.98033142089844,0.9970049460728964,3.428623798148086e-05,0.0,0.42920367320510344,31.812025999999605
95,1520,72,14.561116964863837,-14.561116964863837,4.5,5.436979166666666,-0.005073129440899216,85.39450581868489,0.9683998624483744,5.635301931761205e-05,0.0,0.42920367320510344,32.08692819997668
96,1536,90,23.56166923690726,-23.56166923690726,5.625,4.329464285714286,-0.002836465895934855,153.25519307454428,1.0030382076899211,3.641976278837925e-05,0.0,0.42920367320510344,32.439967500045896
97,1552,89,16.76631604656256,-16.76631604656256,5.5625,4.660044642857143,-0.003251482537260486,80.75344340006511,0.953444759051005,1.6048382652418997e-05,0.0,0.42920367320510344,32.75872230005916
98,1568,82,13.252488521234051,-13.252488521234051,5.125,4.298214285714286,-0.0038327036985776886,55.8027089436849,0.9719873269399008,2.4576860293260932e-05,0.0,0.42920367320510344,33.052404900081456
99,1584,88,15.096791735288518,-15.096791735288518,5.5,4.025744047619048,-0.00360986002664454,61.458089192708336,0.930917759736379,3.6905942882488794e-05,0.0,0.42920367320510344,33.368547999998555
100,1600,78,17.907355486097888,-17.907355486097888,4.875,5.318452380952381,-0.004341839398774638,99.66714477539062,1.03448486328125,4.754451219923794e-05,0.0,0.42920367320510344,33.664240700076334
101,1616,83,21.001105486097888,-21.001105486097888,5.1875,5.132886904761905,-0.004089921819472764,119.224609375,0.9478803475697836,4.515811815508641e-05,0.0,0.42920367320510344,33.98853670002427
102,1632,68,13.608683011426399,-13.608683011426399,4.25,5.382291666666667,-0.003482982749119401,97.94587707519531,1.0240806738535564,3.0292161682154983e-05,0.0,0.42920367320510344,34.25904580007773
103,1648,84,10.106471097219577,-10.106471097219577,5.25,4.210119047619048,-0.003131825813195377,74.82419077555339,0.9000321825345358,2.7291477636026684e-05,0.0,0.42920367320510344,34.566093700006604
104,1664,82,18.64020961845363,-18.64020961845363,5.125,5.4097470238095235,-0.004447090621219729,99.99462381998698,0.9203883409500122,4.193937941939415e-05,0.0,0.42920367320510344,34.90571670001373
105,1680,84,15.050331174823846,-15.050331174823846,5.25,4.069642857142857,-0.0030827219634955347,71.1292012532552,0.9147380987803141,3.657892011688091e-05,0.0,0.42920367320510344,35.19558589998633
106,1696,66,8.364767424014474,-8.364767424014474,4.125,4.993005952380952,-0.0037945721773529804,44.072271982828774,0.9183276693026224,2.312750469476062e-05,0.0,0.42920367320510344,35.43776380002964
107,1712,84,14.49889357189107,-14.49889357189107,5.25,4.043154761904762,-0.003964269068092108,73.16545104980469,0.8689993222554525,3.9966746650558584e-05,0.0,0.42920367320510344,35.78435339999851
108,1728,78,10.591813750809372,-10.591813750809372,4.875,5.251488095238095,-0.0043375465509473505,60.08623123168945,0.8916595180829366,4.881900592105618e-05,0.0,0.42920367320510344,36.06586770003196
109,1744,78,12.569689898685965,-12.569689898685965,4.875,4.989136904761905,-0.0034918484206382474,64.71678415934245,0.8861753344535828,3.0205545044736937e-05,0.0,0.42920367320510344,36.35401620005723
110,1760,60,6.377765128261285,-6.377765128261285,3.75,5.428125,-0.004726705462154257,37.34667841593424,0.8618372281392416,4.417962554725818e-05,0.0,0.42920367320510344,36.57569149998017
111,1776,74,14.103981633974485,-14.103981633974485,4.625,4.826736111111111,-0.00507162801233374,95.27305857340495,0.82124129931132,5.815842693361143e-05,0.0,0.42920367320510344,36.83739460003562
112,1792,71,10.306968801466388,-10.306968801466388,4.4375,4.528125,-0.006291620039814205,50.368604024251304,0.887130339940389,5.0657233562863745e-05,0.0,0.42920367320510344,37.096050500054844
113,1808,65,7.8653206380689396,-7.8653206380689396,4.0625,4.420833333333333,-0.0030504973127681487,31.23714256286621,0.8328218261400858,1.9988341591670178e-05,0.0,0.42920367320510344,37.335862800013274
114,1824,64,12.422012832508095,-12.422012832508095,4,5.781622023809524,-0.008744478225708008,80.95193227132161,0.8375299374262491,9.367723638812701e-05,0.0,0.42920367320510344,37.59290539997164
115,1840,72,8.962388980384691,-8.962388980384691,4.5,4.974479166666667,-0.0068766651502632685,41.93890635172526,0.8523582816123962,0.00010973656875042555,0.0,0.42920367320510344,37.874000400071964
116,1856,68,6.955752295753189,-6.955752295753189,4.25,5.99375,-0.0019083736583075013,38.59325281778971,0.9080355763435364,9.078166992064022e-06,0.0,0.42920367320510344,38.13555000000633
117,1872,63,6.277378443629786,-6.277378443629786,3.9375,5.48125,-0.002738473933219391,30.94822629292806,0.85517684618632,2.528419645386748e-05,0.0,0.42920367320510344,38.41697790008038
118,1888,70,9.578816046562562,-9.578816046562562,4.375,4.469047619047619,-0.0035385066776404037,37.42863082885742,0.7715646028518677,4.0434974531914726e-05,0.0,0.42920367320510344,38.68896409997251
119,1904,63,9.149059159302992,-9.149059159302992,3.9375,5.913020833333333,-0.005353028149339245,64.36647542317708,0.8062812089920044,7.238905406362998e-05,0.0,0.42920367320510344,38.93220939999446
120,1920,78,12.735619260617028,-12.735619260617028,4.875,5.062276785714285,-0.004146263198369897,58.622352600097656,0.8369760910669962,4.639527530040747e-05,0.0,0.42920367320510344,39.239290500059724
121,1936,70,8.784844949342983,-8.784844949342983,4.375,5.083978174603175,-0.005964795837090382,69.08836364746094,0.8217577735582987,5.468882469964834e-05,0.0,0.42920367320510344,39.508120400016196
122,1952,65,5.84706834231575,-5.84706834231575,4.0625,4.314583333333333,-0.003389313504195357,24.234424591064453,0.73741481701533,2.9338590441814933e-05,0.0,0.42920367320510344,39.76102550001815
123,1968,70,11.824391276137883,-11.824391276137883,4.375,5.7328125,-0.007308443427263296,87.40498352050781,0.7908465266227722,8.318878220355448e-05,0.0,0.42920367320510344,40.029830100014806
124,1984,69,8.34264357189107,-8.34264357189107,4.3125,4.398139880952381,-0.004359005871656052,45.20957692464193,0.699655016263326,4.118594430716863e-05,0.0,0.42920367320510344,40.28143740002997
125,2000,61,7.284291735288518,-7.284291735288518,3.8125,6.27921626984127,-0.0043614638938767785,46.762900034586586,0.8024770816167196,3.4113318785481774e-05,0.0,0.42920367320510344,40.521911400021054
126,2016,69,6.999170178918303,-6.999170178918303,4.3125,5.46875,-0.002171786520000533,24.024865468343098,0.8496995568275452,2.8054208087269217e-05,0.0,0.42920367320510344,40.782924900064245
127,2032,73,10.824667883165112,-10.824667883165112,4.5625,4.66860119047619,-0.006318774231662753,35.00242487589518,0.6423163016637167,8.25344710998858e-05,0.0,0.42920367320510344,41.04644649999682
128,2048,66,7.660398163397449,-7.660398163397449,4.125,5.967708333333333,-0.006444547292447034,34.61203384399414,0.7878643870353699,0.00013410119087590525,0.0,0.42920367320510344,41.31067350006197
129,2064,69,4.469026607027232,-4.469026607027232,4.3125,5.093055555555556,-0.0012757458334906602,38.42433166503906,0.765740692615509,9.032191125394698e-06,0.0,0.42920367320510344,41.57507770007942
130,2080,63,6.339325229575319,-6.339325229575319,3.9375,4.622916666666667,-0.003433359943320724,35.47899627685547,0.5959935784339905,1.861273312897538e-05,0.0,0.42920367320510344,41.820832500001416
131,2096,69,7.637444490192345,-7.637444490192345,4.3125,4.851711309523809,-0.0035289814605731586,49.045188903808594,0.7127956748008728,4.3330273911124095e-05,0.0,0.42920367320510344,42.07887710002251
132,2112,68,5.714048622548087,-5.714048622548087,4.25,4.905952380952381,-0.0030958250110202,20.56753412882487,0.733575721581777,3.786940093656691e-05,0.0,0.42920367320510344,42.34592610003892
133,2128,72,8.748616964863837,-8.748616964863837,4.5,5.16875,-0.0032555902359524915,33.93027369181315,0.7492878834406534,3.554582265981784e-05,0.0,0.42920367320510344,42.63382009998895
134,2144,68,6.838218801466388,-6.838218801466388,4.25,4.542708333333334,-0.0038399410287972557,24.222097396850586,0.6439275145530701,3.855996813702708e-05,0.0,0.42920367320510344,42.88248430006206
135,2160,59,5.705199081698725,-5.705199081698725,3.6875,4.979166666666667,-0.0028874067481770758,24.572596232096355,0.6303552190462748,3.344763536006212e-05,0.0,0.42920367320510344,43.10875830007717
136,2176,61,3.6512720155208536,-3.6512720155208536,3.8125,6.860416666666667,-0.0021860794841105737,28.396039326985676,0.5589803059895834,2.3621923295043718e-05,0.0,0.42920367320510344,43.358587700058706
137,2192,67,8.1941366846315,-8.1941366846315,4.1875,5.655952380952381,-0.003899803716429654,31.191455841064453,0.645194391409556,4.966660890204366e-05,0.0,0.42920367320510344,43.617391900043
138,2208,66,6.834347245096173,-6.834347245096173,4.125,4.830654761904762,-0.003938855572763818,27.775676091512043,0.6304050882657369,4.875569781385517e-05,0.0,0.42920367320510344,43.87747130007483
139,2224,75,9.191094949342983,-9.191094949342983,4.6875,5.747470238095238,-0.0023692851492927622,77.3330790201823,0.6283415754636129,2.661205022983874e-05,0.0,0.42920367320510344,44.16354290000163
140,2240,78,6.275442194439155,-6.275442194439155,4.875,4.486458333333333,-0.0019702442800307494,19.73043441772461,0.6451077063878378,2.2845263629278634e-05,0.0,0.42920367320510344,44.46676500001922
141,2256,72,4.638827525328509,-4.638827525328509,4.5,5.499553571428572,-0.0018091466562406566,20.60695521036784,0.5451754927635193,1.7124745985105012e-05,0.0,0.42920367320510344,44.75879710004665
142,2272,57,4.839601836602552,-4.839601836602552,3.5625,4.797916666666667,-0.0035609448061744153,11.778814315795898,0.6013201872507731,3.730884661005499e-05,0.0,0.42920367320510344,44.99960400001146
143,2288,73,6.285398163397449,-6.285398163397449,4.5625,4.359821428571428,-0.0032017633699510384,32.51377614339193,0.5488887230555216,4.2369649236206897e-05,0.0,0.42920367320510344,45.25807950005401
144,2304,65,5.556692194439155,-5.556692194439155,4.0625,6.416517857142857,-0.008251834603456428,17.461819330851238,0.6344238519668579,0.00016448696624138393,0.005128205132981141,0.42920367320510344,45.51157139998395
145,2320,61,3.3443032140544653,-3.3443032140544653,3.8125,5.007291666666666,-0.0033201060838017327,14.08269468943278,0.6518566409746805,3.698834613411842e-05,0.0,0.42920367320510344,45.77925200003665
146,2336,57,2.0127210972195773,-2.0127210972195773,3.5625,5.098958333333333,-0.0014914921267035197,14.602115631103516,0.5629255970319113,1.4301977292537535e-05,0.0,0.42920367320510344,46.00229960004799
147,2352,77,8.07964586764426,-8.07964586764426,4.8125,4.588715277777778,-0.0029212701642376735,24.755605697631836,0.5989060401916504,2.8786205196714338e-05,0.0,0.42920367320510344,46.2744701000629
148,2368,64,3.914546326794897,-3.914546326794897,4,5.189583333333333,-0.0025545014068484306,12.30136807759603,0.5024280548095703,2.7453604464729626e-05,0.0,0.42920367320510344,46.529856999986805
149,2384,75,4.660951377451914,-4.660951377451914,4.6875,5.114880952380952,-0.0035965623075343935,13.819661458333334,0.5867994626363119,3.779053683198678e-05,0.0,0.42920367320510344,46.81567779998295
150,2400,57,2.4778761478765947,-2.4778761478765947,3.5625,5.882291666666667,-0.005210773245981552,11.74449348449707,0.5806209444999695,5.815905691027486e-05,0.0,0.42920367320510344,47.036595400073566
151,2416,65,4.280420178918303,-4.280420178918303,4.0625,4.580952380952381,-0.0018304659083533774,11.536146799723307,0.5530136624972025,2.319686639869663e-05,0.0,0.42920367320510344,47.27080900000874
152,2432,67,5.82881604656256,-5.82881604656256,4.1875,5.8566964285714285,-0.0030022512238695085,19.438435872395832,0.6243577202161154,2.2675007736931246e-05,0.0,0.42920367320510344,47.53633889998309
153,2448,67,4.09375,-4.09375,4.1875,5.316071428571428,-0.0023602514217297235,12.184147198994955,0.5474783976872762,1.8399338538680848e-05,0.0,0.42920367320510344,47.78209250001237
154,2464,64,4.90956834231575,-4.90956834231575,4,4.863541666666666,-0.004329594628264506,12.651644070943197,0.5315507451693217,3.854480261603991e-05,0.0,0.42920367320510344,48.02496080007404
155,2480,67,4.851769719767664,-4.851769719767664,4.1875,4.91875,-0.0027084346925515166,17.42310841878255,0.5669669707616171,2.5070943896328874e-05,0.0,0.42920367320510344,48.276755600003526
156,2496,67,5.976769719767664,-5.976769719767664,4.1875,5.462797619047619,-0.004613102214475824,23.721296310424805,0.583424965540568,6.69202260420813e-05,0.0,0.42920367320510344,48.55582999996841
157,2512,76,6.7403206380689396,-6.7403206380689396,4.75,4.798660714285714,-0.0033151314536665013,34.21381759643555,0.5513953566551208,3.436691319317712e-05,0.0,0.42920367320510344,48.83478200004902
158,2528,68,3.76825229575319,-3.76825229575319,4.25,3.9208333333333334,-0.0019249620495873643,12.366654713948568,0.4644436538219452,2.4696338186913636e-05,0.0,0.42920367320510344,49.08227190002799
159,2544,62,2.5978981633974483,-2.5978981633974483,3.875,5.26875,-0.0015180943826689959,8.509836832682291,0.5029941201210022,1.5164415041605631e-05,0.0,0.42920367320510344,49.34058780001942
160,2560,75,5.453816046562562,-5.453816046562562,4.6875,4.558928571428572,-0.002567829132700853,12.791244506835938,0.5068638523419698,2.6196109805217322e-05,0.0,0.42920367320510344,49.65384000004269
161,2576,72,4.497234871738716,-4.497234871738716,4.5,4.729464285714286,-0.002505069029413942,12.362282752990723,0.5030282735824585,2.4326903561207775e-05,0.0,0.42920367320510344,49.947008899995126
162,2592,62,2.875553214054466,-2.875553214054466,3.875,5.1569940476190474,-0.0019319856061189948,10.253915786743164,0.4828226665655772,2.130193115590373e-05,0.0,0.42920367320510344,50.17744300002232
163,2608,69,5.276272015520854,-5.276272015520854,4.3125,5.187648809523809,-0.005206603772830221,17.1890926361084,0.47708211342493695,6.274295992625412e-05,0.0,0.42920367320510344,50.45128310006112
164,2624,60,2.8075220155208536,-2.8075220155208536,3.75,4.920833333333333,-0.0017007841702755637,11.166990280151367,0.5165324409802755,1.4816390224344408e-05,0.0,0.42920367320510344,50.677880299976096
165,2640,75,3.28125,-3.28125,4.6875,4.027083333333334,-0.002221470979145934,7.242761770884196,0.4385637640953064,2.564602376272281e-05,0.0,0.42920367320510344,50.94280269998126
166,2656,65,3.7281527549038276,-3.7281527549038276,4.0625,5.137202380952381,-0.002445193512651785,7.983723322550456,0.5174070596694946,3.4161370422225446e-05,0.0,0.42920367320510344,51.17999079998117
167,2672,72,4.125276607027234,-4.125276607027234,4.5,6.381696428571429,-0.00257622485083564,11.270025571187338,0.5055391987164816,2.487762564366373e-05,0.0,0.42920367320510344,51.44184630003292
168,2688,66,2.932522015520854,-2.932522015520854,4.125,5.615625,-0.004020011522854361,5.078451315561931,0.4751462936401367,4.054199659246175e-05,0.0,0.42920367320510344,51.67998650006484
169,2704,66,5.214878443629784,-5.214878443629784,4.125,5.669866071428571,-0.0035744522194933737,32.82220331827799,0.5191306471824646,4.0617554380636044e-05,0.0,0.42920367320510344,51.92969440005254
170,2720,70,4.067201377451914,-4.067201377451914,4.375,4.664583333333334,-0.002410595183304961,10.5904172261556,0.43490861852963764,3.2685572781095594e-05,0.0,0.42920367320510344,52.17728220007848
171,2736,70,2.8224559689582938,-2.8224559689582938,4.375,4.527678571428571,-0.001818693237423415,8.177291870117188,0.45374542474746704,1.1773460604066107e-05,0.0,0.42920367320510344,52.42813690006733
172,2752,70,4.129977984479146,-4.129977984479146,4.375,4.654017857142857,-0.0026319834093252816,17.999610265096027,0.4023563861846924,3.930160073650768e-05,0.0,0.42920367320510344,52.67546790000051
173,2768,72,3.5365045915063797,-3.5365045915063797,4.5,4.60625,-0.0019786254270002246,8.055600802103678,0.4367932180563609,1.1899266913436199e-05,0.0,0.42920367320510344,52.93166490003932
174,2784,66,2.7370022957531894,-2.7370022957531894,4.125,4.6735863095238095,-0.0024649080199499926,8.71753184000651,0.39906224608421326,2.744891632270689e-05,0.0,0.42920367320510344,53.171540300012566
175,2800,67,3.348451377451914,-3.348451377451914,4.1875,4.458482142857143,-0.0006418201625833694,7.216776529947917,0.37869985898335773,1.2135475875159804e-05,0.0,0.42920367320510344,53.440234199981205
176,2816,62,3.387444490192345,-3.387444490192345,3.875,4.749702380952381,-0.0026686386836149247,23.286877314249676,0.34793219963709515,3.099545635147175e-05,0.0,0.42920367320510344,53.69442670000717
177,2832,71,2.733130739382975,-2.733130739382975,4.4375,4.8921875,-0.0006151739350780024,5.816587766011556,0.46179431676864624,3.0138822542843022e-06,0.0,0.42920367320510344,53.99242630007211
178,2848,63,2.232024311274044,-2.232024311274044,3.9375,4.303125,-0.0012349426415602476,3.187432289123535,0.4780407249927521,6.697520348097896e-06,0.0,0.42920367320510344,54.224665499990806
179,2864,72,3.072179361931061,-3.072179361931061,4.5,4.625595238095238,-0.0009901689029193268,5.648336251576741,0.49794145425160724,5.358485244263041e-06,0.0,0.42920367320510344,54.50171029998455
180,2880,63,4.306968801466389,-4.306968801466389,3.9375,5.127083333333333,-0.002497179221815434,13.841272989908854,0.44753365715344745,2.258022626241048e-05,0.0,0.42920367320510344,54.746903000050224
181,2896,64,3.9150995408493623,-3.9150995408493623,4,4.952901785714285,-0.0034929787119229636,3.209814469019572,0.38040757179260254,3.4718308597803116e-05,0.0,0.42920367320510344,54.99656080000568
182,2912,66,3.51825229575319,-3.51825229575319,4.125,5.617559523809524,-0.0020051346127546075,7.773154894510905,0.5136738816897074,1.7925344157750562e-05,0.0,0.42920367320510344,55.2668440999696
183,2928,71,3.4159293619310604,-3.4159293619310604,4.4375,5.148065476190476,-0.0006748247495960887,9.428793589274088,0.49852417906125385,5.0784451559593435e-06,0.0,0.42920367320510344,55.551908000023104
184,2944,67,3.196902754903828,-3.196902754903828,4.1875,4.432291666666667,-0.003048256240016182,6.483030637105306,0.43560484051704407,2.3796338609827217e-05,0.0,0.42920367320510344,55.821235200040974
185,2960,67,3.5135509183012763,-3.5135509183012763,4.1875,4.444791666666667,-0.0021982059636806994,6.5694379806518555,0.4222774902979533,1.6013003156937582e-05,0.0,0.42920367320510344,56.06762760004494
186,2976,53,1.3213495408493618,-1.3213495408493618,3.3125,6.129166666666666,-0.00040213417305068333,5.8221205075581866,0.44088417291641235,2.872269154371073e-06,0.0,0.42920367320510344,56.27913909999188
187,2992,67,3.048949081698725,-3.048949081698725,4.1875,4.495238095238095,-0.002528132782757986,3.7377471129099527,0.4379819333553314,2.5342055171980366e-05,0.0,0.42920367320510344,56.53498190001119
188,3008,67,3.0309733929727667,-3.0309733929727667,4.1875,5.620386904761904,-0.001681382340999941,5.462663173675537,0.3987479011217753,2.138079374465936e-05,0.0,0.42920367320510344,56.7860635999823
189,3024,55,3.0403761478765956,-3.0403761478765956,3.4375,6.4,-0.00351488854115208,10.406940142313639,0.45524773995081586,4.9013350993239634e-05,0.0,0.42920367320510344,57.0260623000795
190,3040,66,3.0940266070272333,-3.0940266070272333,4.125,5.312202380952381,-0.001300087512583777,7.064111391703288,0.4206853409608205,1.9869118053369068e-05,0.0,0.42920367320510344,57.276044200058095
191,3056,59,2.486725688725957,-2.486725688725957,3.6875,5.921726190476191,-0.002358809372641694,6.621616681416829,0.3401056230068207,1.6268027441886563e-05,0.0,0.42920367320510344,57.511488200048916
192,3072,65,3.7992256887259575,-3.7992256887259575,4.0625,5.875297619047619,-0.002469134631638189,10.862953503926596,0.44994425773620605,3.766367747933449e-05,0.0,0.42920367320510344,57.77980750007555
193,3088,65,2.6302545915063793,-2.6302545915063793,4.0625,4.4125,-0.0032865107835580907,4.322841803232829,0.3774569034576416,4.255901634072264e-05,0.0,0.42920367320510344,58.023505500052124
194,3104,69,2.9554756887259583,-2.9554756887259583,4.3125,5.566145833333334,-0.0010844515495964657,3.797788461049398,0.40945159395535785,9.048892328185806e-06,0.0,0.42920367320510344,58.27361260005273
195,3120,63,3.5135509183012763,-3.5135509183012763,3.9375,6.116071428571429,-0.0012998619115608772,5.184635162353516,0.4368096689383189,1.2811529662333973e-05,0.0,0.42920367320510344,58.54179300006945
196,3136,62,3.0400995408493627,-3.0400995408493627,3.875,5.296875,-0.0026683308239228154,9.083195686340332,0.4491981267929077,2.6466385558402788e-05,0.0,0.42920367320510344,58.772623499971814
197,3152,55,1.7093472450961724,-1.7093472450961724,3.4375,7.453125,-0.00018827264285015133,2.4718074003855386,0.37246116002400714,2.4791017191697997e-06,0.0,0.42920367320510344,58.987506399978884
198,3168,59,2.6158738521234053,-2.6158738521234053,3.6875,5.035416666666666,-0.0027876738208940655,8.929545084635416,0.4044229984283447,3.9627659134566784e-05,0.0,0.42920367320510344,59.21380490006413
199,3184,65,2.6474004591506386,-2.6474004591506386,4.0625,4.710416666666666,-0.0031844994698004094,3.352920929590861,0.4154602885246277,3.130023257350937e-05,0.0,0.42920367320510344,59.45386970008258
200,3200,65,2.2452986225480864,-2.2452986225480864,4.0625,6.098958333333333,-0.0001594072749400155,3.8547022342681885,0.39277052879333496,3.3381656976416707e-06,0.0,0.42920367320510344,59.698955000028946
201,3216,80,5.594303214054466,-5.594303214054466,5,4.617261904761905,-0.00202948257016633,15.108381271362305,0.438107709089915,1.4937110790924635e-05,0.0,0.42920367320510344,59.99806650006212
202,3232,71,4.826604132355741,-4.826604132355741,4.4375,5.234821428571428,-0.004963715390209937,9.675546328226725,0.33790995677312213,8.452470137854107e-05,0.0,0.42920367320510344,60.25373180001043
203,3248,74,3.655973392972767,-3.655973392972767,4.625,5.278422619047619,-0.0016764732715380444,11.404988924662272,0.4789836605389913,1.4140799521555891e-05,0.0,0.42920367320510344,60.519160100026056
204,3264,57,2.1745022957531903,-2.1745022957531903,3.5625,6.283333333333333,-0.00299543741142827,4.388353188832601,0.4343776007493337,3.77759261027677e-05,0.0,0.42920367320510344,60.73612380004488
205,3280,54,1.4106747704246816,-1.4106747704246816,3.375,6.778125,-0.0003334173534194444,2.9247095584869385,0.3760095040003459,9.882596903783754e-07,0.0,0.42920367320510344,60.948444599984214
206,3296,55,1.5185289027804225,-1.5185289027804225,3.4375,6.21875,-0.0019848631081084513,3.1437934239705405,0.37292394042015076,1.3172626343778878e-05,0.0,0.42920367320510344,61.17520639998838
207,3312,63,2.392975688725957,-2.392975688725957,3.9375,4.980208333333334,-0.001770400511169908,4.335909843444824,0.39443323016166687,2.708778689945272e-05,0.0,0.42920367320510344,61.43527939997148
208,3328,67,3.0625,-3.0625,4.1875,5.477380952380952,-0.0032697921139259734,4.498929023742676,0.3244690001010895,1.9646105556603288e-05,0.0,0.42920367320510344,61.70458210003562
209,3344,59,1.2414270661778715,-1.2414270661778715,3.6875,4.85625,-0.001131595200516718,4.304623126983643,0.37268346548080444,7.979613959226603e-06,0.0,0.42920367320510344,61.94845750008244
210,3360,64,3.4469027549038276,-3.4469027549038276,4,5.956696428571428,-0.0009426806742946307,10.416255315144857,0.4543782075246175,9.845010936260223e-06,0.0,0.42920367320510344,62.23808999999892
211,3376,66,1.9380532140544655,-1.9380532140544655,4.125,5.120833333333334,-0.0012826197227990832,2.331625541051229,0.44967830181121826,1.2000401511613745e-05,0.0,0.42920367320510344,62.49608050007373
212,3392,74,3.0719027549038276,-3.0719027549038276,4.625,3.9973958333333335,-0.0004779095132209458,3.766577959060669,0.442613164583842,5.87528635757432e-06,0.0,0.42920367320510344,62.77229340001941
213,3408,64,3.4651550506570175,-3.4651550506570175,4,4.917857142857143,-0.002201941485206286,7.621211210886638,0.33694227536519367,3.958326609184345e-05,0.0,0.42920367320510344,63.005832600058056
214,3424,63,1.9565821168348885,-1.9565821168348885,3.9375,5.11875,-0.002152380189814155,3.008678913116455,0.42038455605506897,1.3219142753465954e-05,0.0,0.42920367320510344,63.247771300026216
215,3440,60,2.3744467859455347,-2.3744467859455347,3.75,5.134375,-0.002785189372176866,11.310613950093588,0.3602873782316844,2.756946590428318e-05,0.0,0.42920367320510344,63.501096999971196
216,3456,68,5.991427066177871,-5.991427066177871,4.25,6.2230654761904765,-0.0027055204800311796,12.931986172993978,0.5127307971318563,3.165856711954499e-05,0.0,0.42920367320510344,63.77384520007763
217,3472,71,3.5439710972195773,-3.5439710972195773,4.4375,4.766815476190477,-0.0018919809872258349,8.194851239522299,0.35464518268903095,1.8640565031091683e-05,0.0,0.42920367320510344,64.03768720000517
218,3488,56,1.8525995408493623,-1.8525995408493623,3.5,4.808333333333334,-0.0008442501227060953,3.027822573979696,0.3342784841855367,3.5931312443911643e-06,0.0,0.42920367320510344,64.24607760005165
219,3504,57,1.34375,-1.34375,3.5625,6.208333333333333,-0.0005578158152008683,2.643399238586426,0.24388620257377625,2.4113738466742993e-06,0.0,0.42920367320510344,64.47114000003785
220,3520,63,2.3622789027804227,-2.3622789027804227,3.9375,5.886904761904762,-0.003986312378266632,3.5118700663248696,0.38943426807721454,2.303739165654406e-05,0.0,0.42920367320510344,64.72227690008003
221,3536,70,3.5,-3.5,4.375,4.742633928571428,-0.0021705639071851004,15.812492370605469,0.37435882290204364,2.866529302991694e-05,0.0,0.42920367320510344,64.98857919999864
222,3552,71,3.487832116834888,-3.487832116834888,4.4375,4.563095238095238,-0.0015573367468810773,7.171756426493327,0.38376764456431073,1.2105339768216558e-05,0.0,0.42920367320510344,65.26406780001707
223,3568,71,3.9870022957531894,-3.9870022957531894,4.4375,4.48125,-0.0010362133070032087,14.931625048319498,0.42020735144615173,6.343697274739195e-06,0.0,0.42920367320510344,65.52312340005301
224,3584,63,2.1440821168348885,-2.1440821168348885,3.9375,5.209573412698413,-0.0016282546092514967,3.4083944161732993,0.46714935700098675,1.0415517560128743e-05,0.0,0.42920367320510344,65.75134319998324
225,3600,63,2.6252766070272333,-2.6252766070272333,3.9375,5.567013888888889,-0.0006975878449526629,5.3159104983011884,0.4118975102901459,4.3705736061383504e-06,0.0,0.42920367320510344,65.98593650001567
226,3616,62,3.325221097219578,-3.325221097219578,3.875,5.559375,-0.0028209596952445772,8.511126518249512,0.3389307955900828,2.929023442751107e-05,0.0,0.42920367320510344,66.21891110006254
227,3632,65,2.4507743112740434,-2.4507743112740434,4.0625,5.5598214285714285,-0.0006291493579434851,5.681320349375407,0.4029282331466675,3.7387776501418557e-06,0.0,0.42920367320510344,66.4644522999879
228,3648,70,3.2331307393829745,-3.2331307393829745,4.375,5.095238095238095,-0.001777683607568692,7.955035209655762,0.4207035005092621,1.069427980837645e-05,0.0,0.42920367320510344,66.72124660003465
229,3664,65,2.5630532140544653,-2.5630532140544653,4.0625,4.716666666666667,-0.0020188936026384794,5.254984696706136,0.38421469926834106,2.0379973951397307e-05,0.0,0.42920367320510344,66.96564639999997
230,3680,70,2.8620022957531903,-2.8620022957531903,4.375,5.377976190476191,-0.00039610664271509205,5.447805563608806,0.4231341977914174,3.2719400830198233e-06,0.0,0.42920367320510344,67.22575149999466
231,3696,54,1.7638275253285087,-1.7638275253285087,3.375,6.095833333333333,-0.0010620937237148336,4.468667189280192,0.3037039240201314,5.351908460700845e-06,0.0,0.42920367320510344,67.43515460006893
232,3712,59,2.3443032140544657,-2.3443032140544657,3.6875,4.86875,-0.0004239924407253663,4.163593928019206,0.3366313676039378,3.17889858555039e-06,0.0,0.42920367320510344,67.65688670007512
233,3728,70,2.5398229338221303,-2.5398229338221303,4.375,5.41875,-0.0003098868141284683,3.635585308074951,0.4138676921526591,1.7523544026213738e-06,0.0,0.42920367320510344,67.91416450007819
234,3744,67,2.210453673205103,-2.210453673205103,4.1875,4.8546875,-0.001469567612123986,3.5018057028452554,0.4237251778443654,6.99642873769335e-06,0.0,0.42920367320510344,68.16016410000157
235,3760,60,2.8044802802323363,-2.8044802802323363,3.75,6.127083333333333,-0.0016208112136357016,10.777187983194986,0.3576840062936147,2.1519108183080487e-05,0.0,0.42920367320510344,68.40318330004811
236,3776,60,1.267975688725957,-1.267975688725957,3.75,5.464583333333334,-0.0005414287249247233,3.2094531059265137,0.3742498457431793,9.848591162153753e-06,0.0,0.42920367320510344,68.64867460005917
237,3792,57,2.545630739382974,-2.545630739382974,3.5625,5.1,-0.0004323512742606302,7.863834698994954,0.3338859478632609,5.256341182757751e-06,0.0,0.42920367320510344,68.87775340001099
238,3808,57,2.2464050506570175,-2.2464050506570175,3.5625,6.079166666666667,-0.002293320003031359,5.829601287841797,0.36242781082789105,1.7101283143953577e-05,0.0,0.42920367320510344,69.11030310008209
239,3824,52,1.0710729338221292,-1.0710729338221292,3.25,5.89375,-2.684310330103301e-05,1.5310105085372925,0.3226124445597331,1.7664563074504258e-06,0.0,0.42920367320510344,69.31995689996984
240,3840,64,2.1969027549038276,-2.1969027549038276,4,5.184077380952381,-0.0008987250427405039,2.6120027701059976,0.3952370782693227,5.26774723160391e-06,0.0,0.42920367320510344,69.56151720008347
241,3856,70,2.209900459150638,-2.209900459150638,4.375,4.767708333333333,-0.0006269721807689402,3.3889218966166177,0.33959763248761493,6.9968580949838115e-06,0.0,0.42920367320510344,69.82373810000718
242,3872,58,2.4474559689582933,-2.4474559689582933,3.625,7.086458333333334,-0.001741951525521775,2.5810814698537192,0.3839908142884572,1.5667200689980138e-05,0.0,0.42920367320510344,70.047518700012
243,3888,66,2.285674770424681,-2.285674770424681,4.125,4.91875,-0.0010070566027990206,7.8902363777160645,0.3086829384167989,8.935090136219515e-06,0.0,0.42920367320510344,70.29411200003233
244,3904,71,2.728152754903828,-2.728152754903828,4.4375,4.975,-0.000996528084317679,2.166661500930786,0.41629618406295776,9.310742219289144e-06,0.0,0.42920367320510344,70.56240310007706
245,3920,61,2.353705968958293,-2.353705968958293,3.8125,4.85,-0.0014971435480989708,3.14582896232605,0.31046847502390545,1.191612985470177e-05,0.0,0.42920367320510344,70.8103795000352
246,3936,61,2.4958518366025517,-2.4958518366025517,3.8125,5.334970238095238,-0.008571345109716392,4.1868470509847,0.35515114665031433,0.00013761849550064653,0.0,0.42920367320510344,71.0550364999799
247,3952,70,3.0896018366025517,-3.0896018366025517,4.375,4.90952380952381,-0.0020064240066511494,3.8152786095937095,0.3376184900601705,2.7318050342728384e-05,0.0,0.42920367320510344,71.33610349998344
248,3968,66,2.73700229575319,-2.73700229575319,4.125,4.619791666666667,-0.00035091270451559353,5.130584716796875,0.3786642750104268,1.25199861334598e-05,0.0,0.42920367320510344,71.58583029999863
249,3984,57,2.781526607027233,-2.781526607027233,3.5625,5.616517857142857,-0.0024630464974257174,5.192429860432942,0.3412518799304962,1.3660617241839645e-05,0.0,0.42920367320510344,71.80405150004663
250,4000,75,2.7898229338221294,-2.7898229338221294,4.6875,4.980208333333334,-0.00260137639732827,5.614057858784993,0.33063805103302,3.6300653543245666e-05,0.0,0.42920367320510344,72.09023370000068
251,4016,59,2.887997704246811,-2.887997704246811,3.6875,5.165625,-0.002605663408593658,8.25510025024414,0.32975947856903076,3.2138183693556734e-05,0.0,0.42920367320510344,72.32731630001217
252,4032,67,2.8501110196153108,-2.8501110196153108,4.1875,4.675347222222222,-0.0016983023373207118,3.426444927851359,0.4350009063879649,2.1751543802868884e-05,0.0,0.42920367320510344,72.59634879999794
253,4048,59,3.0666481633974483,-3.0666481633974483,3.6875,5.673214285714286,-0.0007258411273255069,8.085556348164877,0.36191366116205853,2.2149244917576045e-05,0.0,0.42920367320510344,72.82662160007749
254,4064,69,3.1073009183012763,-3.1073009183012763,4.3125,4.836383928571428,-0.0012540627028544786,11.093896547953287,0.2587829331556956,6.1170345967790736e-06,0.0,0.42920367320510344,73.11306480003987
255,4080,62,2.1294247704246816,-2.1294247704246816,3.875,5.997916666666667,-0.0016861686380380547,5.249936103820801,0.3532806932926178,2.6723069822764955e-05,0.0,0.42920367320510344,73.36591789999511
256,4096,61,2.9601770661778706,-2.9601770661778706,3.8125,5.972321428571429,-0.0006399298019331331,11.613654454549154,0.4240085581938426,3.878698862536112e-06,0.0,0.42920367320510344,73.63390700006858
257,4112,69,2.9115045915063797,-2.9115045915063797,4.3125,4.927083333333333,-0.001958160819755861,7.729688962300618,0.4321620762348175,2.1439819950804424e-05,0.0,0.42920367320510344,73.94356879999395
258,4128,60,2.2500000000000004,-2.2500000000000004,3.75,4.929166666666667,-0.00042110350590925566,2.3435765902201333,0.36040059725443524,3.682242625776174e-06,0.0,0.42920367320510344,74.18628500006162
259,4144,67,2.0539270661778715,-2.0539270661778715,4.1875,5.015625,-0.0008720046712028898,2.4626983801523843,0.42865702509880066,3.7937913172451467e-06,0.0,0.42920367320510344,74.4371898000827
260,4160,65,3.2361724746714913,-3.2361724746714913,4.0625,5.798214285714286,-0.00316431708036898,8.95612621307373,0.37794483701388043,5.892942923916659e-05,0.0,0.42920367320510344,74.72275910002645
261,4176,73,3.6344027549038276,-3.6344027549038276,4.5625,5.58452380952381,-0.0004716632786987418,5.568380991617839,0.3703639904658,2.4538606263983334e-06,0.0,0.42920367320510344,75.01178379997145
262,4192,68,4.915652754903828,-4.915652754903828,4.25,4.747916666666667,-0.0028501205858500653,30.051889419555664,0.38296201825141907,5.0424727305653505e-05,0.0,0.42920367320510344,75.25767429999541
263,4208,60,3.1877766070272333,-3.1877766070272333,3.75,5.563541666666667,-0.002570420824405358,5.948594888051351,0.3167658547560374,4.269281998858787e-05,0.0,0.42920367320510344,75.48348120006267
264,4224,74,2.7724004591506386,-2.7724004591506386,4.625,4.61264880952381,-0.0010872123199766233,4.91749890645345,0.4334683020909627,4.410475109276983e-06,0.0,0.42920367320510344,75.74405410001054
265,4240,73,3.692201377451914,-3.692201377451914,4.5625,4.503571428571429,-0.0019773193677572465,5.793756167093913,0.39409398039182025,1.419570374613007e-05,0.0,0.42920367320510344,75.99942760006525
266,4256,61,2.754424770424681,-2.754424770424681,3.8125,4.524107142857143,-0.0025773654536654553,10.035877227783203,0.32984670996665955,6.94648145630102e-05,0.0,0.42920367320510344,76.23085370007902
267,4272,63,1.7912059689582938,-1.7912059689582938,3.9375,4.741666666666666,-0.001958273096803372,3.5018348693847656,0.4337405463059743,3.3003628838438694e-05,0.0,0.42920367320510344,76.4890224999981
268,4288,68,2.6648229338221294,-2.6648229338221294,4.25,5.165922619047619,-0.0010525253989423315,3.0490564505259194,0.33766263723373413,1.3366944131121272e-05,0.0,0.42920367320510344,76.7613643000368
269,4304,70,3.205199081698725,-3.205199081698725,4.375,5.354166666666667,-0.0016667241019951244,6.358248074849446,0.3522041042645772,2.3516445101752954e-05,0.0,0.42920367320510344,77.03137750003953
270,4320,54,1.660674770424681,-1.660674770424681,3.375,6.847619047619047,-0.0023275146830001128,6.15117883682251,0.3136760691801707,3.3365906650336306e-05,0.0,0.42920367320510344,77.25816199998371
271,4336,70,2.4021018366025513,-2.4021018366025513,4.375,5.317113095238096,-0.00034893161112758975,4.585884094238281,0.3527769247690837,1.434183540519977e-06,0.0,0.42920367320510344,77.5284762000665
272,4352,64,2.254701377451914,-2.254701377451914,4,4.441443452380953,-0.000624010960261027,8.321199099222818,0.3973311980565389,4.0978193283081055e-06,0.0,0.42920367320510344,77.7672092000721
273,4368,61,2.5129977042468106,-2.5129977042468106,3.8125,5.033333333333333,-0.0008314514743889371,2.2434357007344565,0.3339090744654338,4.630922527818863e-06,0.0,0.42920367320510344,78.00499869999476
274,4384,62,3.1875,-3.1875,3.875,6.966666666666667,-0.001556994491106541,8.763936996459961,0.34910765290260315,2.1137737652073458e-05,0.0,0.42920367320510344,78.24677610001527
275,4400,57,1.692201377451914,-1.692201377451914,3.5625,6.147916666666667,-0.0013703360162372984,3.134643236796061,0.3689972758293152,7.6175435121209984e-06,0.0,0.42920367320510344,78.4803544000024
276,4416,59,2.6073009183012763,-2.6073009183012763,3.6875,5.742708333333333,-0.00041816125546271604,4.071839650472005,0.2514406045277913,3.570553947914353e-06,0.0,0.42920367320510344,78.71391659998335
277,4432,75,3.3077986225480864,-3.3077986225480864,4.6875,4.3324404761904765,-0.0006821844400839439,5.059430122375488,0.3699902792771657,4.564231858239509e-06,0.0,0.42920367320510344,78.99311110004783
278,4448,62,2.999446785945535,-2.999446785945535,3.875,4.8,-0.005946260221021997,3.6442845662434897,0.33835988243420917,0.00010737520885110523,0.0,0.42920367320510344,79.2212201000657
279,4464,62,1.7325775253285092,-1.7325775253285092,3.875,5.166815476190476,-0.0006000463577281087,5.30382506052653,0.3322983980178833,1.2136755534205198e-05,0.0,0.42920367320510344,79.45700170006603
280,4480,69,1.9513275253285087,-1.9513275253285087,4.3125,4.483184523809523,-0.00028807011708783153,2.992405335108439,0.3886466125647227,2.1309740532160504e-06,0.0,0.42920367320510344,79.7319439999992
281,4496,59,2.8525995408493623,-2.8525995408493623,3.6875,5.747916666666667,-0.0005450235248285473,6.1453196207682295,0.328987717628479,7.237123327286099e-06,0.0,0.42920367320510344,79.97924250003416
282,4512,60,2.3174779844791478,-2.3174779844791478,3.75,5.123214285714286,-0.001060232195434126,2.436023553212484,0.42456615964571637,8.795410091503678e-06,0.0,0.42920367320510344,80.2401296000462
283,4528,62,2.586006887259569,-2.586006887259569,3.875,6.63125,-0.0008654357347216054,5.418662389119466,0.3852207362651825,4.527008930684436e-06,0.0,0.42920367320510344,80.49964080005884
284,4544,48,0.4330752295753191,-0.4330752295753191,3,6.515625,-0.000979688613571857,2.5403733253479004,0.27350516120592755,5.926729803225801e-06,0.0,0.42920367320510344,80.72143460006919
285,4560,68,3.534568342315751,-3.534568342315751,4.25,5.606547619047619,-0.0019597322680056095,9.519719441731771,0.3135049839814504,2.5225164487589307e-05,0.0,0.42920367320510344,80.98646689997986
286,4576,64,1.7547013774519142,-1.7547013774519142,4,4.959375,-0.00034463219344615936,3.9148475329081216,0.27178412675857544,3.2254417116443315e-06,0.0,0.42920367320510344,81.24613210000098
287,4592,67,3.4059733929727676,-3.4059733929727676,4.1875,4.8375,-0.0004074087236725828,5.860911687215169,0.32001469532648724,4.776229919419468e-06,0.0,0.42920367320510344,81.49716390005779
288,4608,72,3.13357293382213,-3.13357293382213,4.5,4.850892857142857,-0.0011231363945019741,8.689775149027506,0.3424305021762848,4.961051899954327e-06,0.0,0.42920367320510344,81.76110980007797
289,4624,68,3.2065821168348885,-3.2065821168348885,4.25,5.328273809523809,-0.008601653435285813,4.390207767486572,0.39544283350308734,0.0001816885451262351,0.004901960802574952,0.42920367320510344,82.03173699998297
290,4640,62,2.8708518366025517,-2.8708518366025517,3.875,4.871354166666666,-0.0008538871614251301,10.520673751831055,0.31589553753534955,3.055859679079731e-06,0.0,0.42920367320510344,82.26589889999013
291,4656,71,3.098174770424681,-3.098174770424681,4.4375,4.800892857142857,-0.00047814341340135513,2.744887034098307,0.3701232274373372,3.461931404065884e-06,0.0,0.42920367320510344,82.53307700005826
292,4672,70,5.36532063806894,-5.36532063806894,4.375,5.368154761904762,-0.0037797547965533105,25.67908223470052,0.3461025456587474,8.21979998969861e-05,0.0,0.42920367320510344,82.78482850000728
293,4688,69,3.4861724746714913,-3.4861724746714913,4.3125,5.158333333333333,-0.0010731182882791994,6.464242140452067,0.2196535219748815,1.705187924017082e-05,0.0,0.42920367320510344,83.03857440000866
294,4704,59,2.139104132355741,-2.139104132355741,3.6875,4.922916666666667,-0.0016419018531944236,2.8411142826080322,0.39279629786809284,7.503113768810484e-06,0.0,0.42920367320510344,83.26352739997674
295,4720,61,1.8354536732051034,-1.8354536732051034,3.8125,4.633333333333333,-0.0012970035743033275,4.446712493896484,0.30994882186253864,9.199064758528644e-06,0.0,0.42920367320510344,83.4921901000198
296,4736,66,2.1924779844791464,-2.1924779844791464,4.125,5.223214285714286,-0.0018836174729385629,5.4747633934021,0.36825963854789734,2.332185977138579e-05,0.0,0.42920367320510344,83.74431720003486
297,4752,60,2.0495022957531894,-2.0495022957531894,3.75,4.848958333333333,-0.0008737259531496436,3.142528533935547,0.3068315585454305,4.468361491187049e-06,0.0,0.42920367320510344,83.97640919999685
298,4768,68,1.9422013774519138,-1.9422013774519138,4.25,4.803125,-0.00037601985169721797,3.922241687774658,0.2845115860303243,1.212253266658081e-06,0.0,0.42920367320510344,84.23253490007482
299,4784,62,2.4333518366025517,-2.4333518366025517,3.875,5.182440476190476,-0.0010222993717245998,5.336819330851237,0.37395502130190533,5.085982744882737e-06,0.0,0.42920367320510344,84.48826070001815
300,4800,65,3.6172568872595696,-3.6172568872595696,4.0625,4.632291666666666,-0.0005150685043566009,9.401139895121256,0.3549314836661021,9.69749423044656e-06,0.0,0.42920367320510344,84.74029900005553
301,4816,64,2.098174770424681,-2.098174770424681,4,7.004166666666666,-0.000718491772810618,3.26053516070048,0.44211621085802716,6.185844540596008e-06,0.0,0.42920367320510344,84.99225820007268
302,4832,83,3.822179361931061,-3.822179361931061,5.1875,4.259672619047619,-0.0005381777630108312,7.52364444732666,0.3963676194349925,5.397092839605951e-06,0.0,0.42920367320510344,85.29033620003611
303,4848,66,2.5760509183012763,-2.5760509183012763,4.125,5.256597222222222,-0.001984657016535607,5.431100845336914,0.37593897183736164,1.3853752079739934e-05,0.0,0.42920367320510344,85.53959349996876
304,4864,70,3.1521018366025517,-3.1521018366025517,4.375,5.423735119047619,-0.0008025646287327012,4.9069186846415205,0.37071985999743146,1.0169146662519779e-05,0.0,0.42920367320510344,85.78903790004551
305,4880,74,3.278208264711483,-3.278208264711483,4.625,5.06217757936508,-0.0012819605673920857,3.613694747289022,0.40555768211682636,1.1214835315816648e-05,0.0,0.42920367320510344,86.0499844000442
306,4896,62,2.053650459150638,-2.053650459150638,3.875,4.914434523809524,-0.0013747050411877144,2.607215960820516,0.3851788143316905,1.410887580277631e-05,0.0,0.42920367320510344,86.28178750001825
307,4912,61,1.8481747704246807,-1.8481747704246807,3.8125,5.896130952380952,-0.0012763028524185316,3.3519346714019775,0.3522209624449412,9.553430269685729e-06,0.0,0.42920367320510344,86.5145570000168
308,4928,73,3.7107302802323368,-3.7107302802323368,4.5625,4.823958333333334,-0.0006097246099106002,4.131702582041423,0.41986613472302753,9.111737047836263e-06,0.0,0.42920367320510344,86.7827390000457
309,4944,64,2.7323009183012763,-2.7323009183012763,4,4.449553571428572,-0.0004956101377805074,5.945449193318685,0.35537488261858624,6.057719777648647e-06,0.0,0.42920367320510344,87.01708390004933
310,4960,65,2.3083518366025517,-2.3083518366025517,4.0625,5.773511904761905,-0.001417442322828144,3.5018932024637857,0.33376195033391315,8.335790653291042e-06,0.0,0.42920367320510344,87.26868720003404
311,4976,67,1.9427545915063795,-1.9427545915063795,4.1875,5.465625,-0.00014730531483368262,3.3337836265563965,0.3992985089619954,4.801621268294791e-06,0.0,0.42920367320510344,87.51285579998512
312,4992,68,2.500276607027233,-2.500276607027233,4.25,5.590327380952381,-0.0016384387945792926,3.873542149861654,0.3950229088465373,1.4133203573389133e-05,0.0,0.42920367320510344,87.7832448000554
313,5008,62,1.6792036732051043,-1.6792036732051043,3.875,5.029166666666667,-0.0006567121305636192,2.4349335034688315,0.3707889914512634,5.610447412133605e-06,0.0,0.42920367320510344,88.02940430003218
314,5024,57,1.8307522957531897,-1.8307522957531897,3.5625,5.360416666666667,-0.0006573576720469987,4.061482111612956,0.37328436970710754,6.75774223661089e-06,0.0,0.42920367320510344,88.25828589999583
315,5040,71,2.5978981633974483,-2.5978981633974483,4.4375,4.924702380952381,-0.0002949215380745329,3.7716556390126548,0.34096107880274457,2.288482581510228e-06,0.0,0.42920367320510344,88.53165770007763
316,5056,66,2.996405050657017,-2.996405050657017,4.125,5.057291666666667,-0.0003180326258934348,6.8678404490153,0.3499399622281392,3.984931709055672e-06,0.0,0.42920367320510344,88.8111396000022
317,5072,65,2.2417036732051034,-2.2417036732051034,4.0625,5.963095238095238,-0.0015228222386959682,3.481048663457235,0.4380638102690379,7.953467426583908e-06,0.0,0.42920367320510344,89.08624940004665
318,5088,55,2.2464050506570175,-2.2464050506570175,3.4375,6.1359375,-0.003434546143663416,8.91965421040853,0.3102315564950307,6.886506283384126e-05,0.0,0.42920367320510344,89.31057370000053
319,5104,69,3.057522015520854,-3.057522015520854,4.3125,5.514583333333333,-0.0011550585322019913,9.004484176635742,0.2877038319905599,9.487810226952812e-06,0.0,0.42920367320510344,89.56570580007974
320,5120,64,3.3263275253285087,-3.3263275253285087,4,5.574107142857143,-0.0012437626719474792,6.476903120676677,0.32492034633954364,2.6847269812909264e-05,0.0,0.42920367320510344,89.81180979998317
321,5136,64,2.5890486225480864,-2.5890486225480864,4,4.678125,-0.000230398029088974,5.29628849029541,0.4013531406720479,2.255430445075035e-06,0.0,0.42920367320510344,90.0453224000521
322,5152,69,2.535951377451914,-2.535951377451914,4.3125,4.83125,-0.0017353135098113388,3.2072201569875083,0.3771725495656331,1.7904357264342252e-05,0.0,0.42920367320510344,90.30327210004907
323,5168,66,2.022677066177871,-2.022677066177871,4.125,4.973958333333333,-0.0022840390906135135,5.034554481506348,0.35402647654215497,3.530348415855163e-05,0.0,0.42920367320510344,90.54567230003886
324,5184,59,2.7057522957531903,-2.7057522957531903,3.6875,5.766666666666667,-0.00015881808907429,3.434962352116903,0.30065598090489704,2.1526390128201456e-06,0.0,0.42920367320510344,90.77960120001808
325,5200,61,3.142975688725958,-3.142975688725958,3.8125,5.376041666666667,-0.0011231553905564813,8.692994435628256,0.28168872992197674,4.792066799078991e-06,0.0,0.42920367320510344,91.01138000003994
326,5216,62,2.0486724746714913,-2.0486724746714913,3.875,5.271875,-0.00025045967542543696,4.244872570037842,0.3119930326938629,3.556530524898941e-06,0.0,0.42920367320510344,91.25697480002418
327,5232,67,2.9109513774519145,-2.9109513774519145,4.1875,4.805208333333334,-0.004533136856570752,6.4312411944071455,0.3332895239194234,0.0001595453213667497,0.004975124262273312,0.42920367320510344,91.5121930000605
328,5248,67,2.7986724746714917,-2.7986724746714917,4.1875,5.4400297619047615,-0.0003917970377789552,4.906741142272949,0.3266854484875997,2.531937108566732e-06,0.0,0.42920367320510344,91.76434039999731
329,5264,63,2.655973392972767,-2.655973392972767,3.9375,5.2,-0.000748991009362617,4.164899826049805,0.3588988582293193,5.059772092863568e-06,0.0,0.42920367320510344,92.00563460006379
330,5280,59,1.5091261478765947,-1.5091261478765947,3.6875,5.059375,-0.0004488721479711799,3.7969197432200112,0.32341042160987854,3.994858161604498e-06,0.0,0.42920367320510344,92.27126239996869
331,5296,69,2.4460729338221294,-2.4460729338221294,4.3125,5.467708333333333,-0.001170456697961934,6.646142323811849,0.3763185739517212,8.893113620918788e-06,0.0,0.42920367320510344,92.54027220001444
332,5312,65,2.813329821081698,-2.813329821081698,4.0625,4.7375,-0.001373860110433019,3.357214371363322,0.34820497035980225,2.1139321991843946e-05,0.0,0.42920367320510344,92.81302610004786
333,5328,70,1.9466261478765952,-1.9466261478765952,4.375,4.397172619047619,-0.0005272303150765841,3.1689165433247886,0.37646059195200604,4.8524211706535425e-06,0.0,0.42920367320510344,93.11581790004857
334,5344,58,1.3437500000000004,-1.3437500000000004,3.625,5.396875,-0.0032367756531369216,3.2982089519500732,0.2561848660310109,4.957804715862343e-05,0.0,0.42920367320510344,93.39918040006887
335,5360,69,3.079922474671492,-3.079922474671492,4.3125,4.375520833333334,-0.0031396623403914248,10.212974230448404,0.2511308491230011,4.580376662488561e-05,0.0,0.42920367320510344,93.69114890007768
336,5376,80,3.7732302802323368,-3.7732302802323368,5,4.061011904761905,-0.0004836174290782462,5.569129625956218,0.3925175567468007,4.915210032171065e-06,0.0,0.42920367320510344,93.97276470006909
337,5392,63,2.286781198533612,-2.286781198533612,3.9375,5.360416666666667,-0.0013474985401552193,2.0072051684061685,0.3214867115020752,1.076786278038829e-05,0.0,0.42920367320510344,94.2098770000739
338,5408,58,2.4386064281089315,-2.4386064281089315,3.625,4.842708333333333,-0.0019433518681653734,2.326094150543213,0.37953270475069684,5.0737840865622275e-05,0.0,0.42920367320510344,94.4319915000815
339,5424,68,1.687223392972768,-1.687223392972768,4.25,4.0339285714285715,-0.0013203447360508787,1.8382762670516968,0.28790201743443805,9.075245240334576e-06,0.0,0.42920367320510344,94.69556180003565
340,5440,63,2.982854132355741,-2.982854132355741,3.9375,5.336011904761905,-0.0052851495855344615,5.325140953063965,0.3910950720310211,0.00010594741494666475,0.0,0.42920367320510344,94.93304250005167
341,5456,61,2.3974004591506377,-2.3974004591506377,3.8125,4.860863095238095,-0.0009891807840875326,4.942108949025472,0.33737677335739136,2.9522626391553786e-05,0.0,0.42920367320510344,95.22732659999747
342,5472,71,3.3744467859455347,-3.3744467859455347,4.4375,5.252380952380952,-0.00130722836860168,8.207456270853678,0.3494038184483846,8.069643172348151e-06,0.0,0.42920367320510344,95.5483671000693
343,5488,71,3.058351836602552,-3.058351836602552,4.4375,4.861979166666667,-0.0014772168655786306,3.402880589167277,0.2979915340741475,1.2615512484141314e-05,0.0,0.42920367320510344,95.84749279997777
344,5504,63,1.9339050506570175,-1.9339050506570175,3.9375,4.608333333333333,-0.0009724706021465579,2.168878714243571,0.24540301660696665,5.655976262157007e-06,0.0,0.42920367320510344,96.09503259998746
345,5520,62,2.745575229575319,-2.745575229575319,3.875,5.306770833333333,-0.00019122451762558038,2.461185852686564,0.23511039217313132,3.218009775688794e-06,0.0,0.42920367320510344,96.37697360001039
346,5536,63,3.004424770424681,-3.004424770424681,3.9375,4.782291666666667,-0.0011201131843746974,3.758315404256185,0.39404428998629254,1.1488243065590117e-05,0.0,0.42920367320510344,96.63543450005818
347,5552,66,2.3708518366025517,-2.3708518366025517,4.125,4.80141369047619,-0.0013426689717993174,5.898679733276367,0.27297940850257874,9.740542888418227e-06,0.0,0.42920367320510344,96.92756380001083
348,5568,48,1.3655972450961724,-1.3655972450961724,3,6.614583333333333,-0.0015808054013177752,2.0487632751464844,0.22794947028160095,1.3051450726682864e-05,0.0,0.42920367320510344,97.15186290000565
349,5584,63,1.741703673205103,-1.741703673205103,3.9375,5.00625,-0.0018278946434815424,7.274689197540283,0.34239448110262555,2.534600783595427e-05,0.0,0.42920367320510344,97.40855210006703
350,5600,60,2.267699081698724,-2.267699081698724,3.75,5.15,-0.0008285297171418312,7.078755855560303,0.32575151324272156,5.23196338993633e-06,0.0,0.42920367320510344,97.66797740000766
351,5616,65,2.4560289027804223,-2.4560289027804223,4.0625,5.6102678571428575,-0.00046910201975454885,4.324423313140869,0.28311484058698017,7.4267101505635464e-06,0.0,0.42920367320510344,97.92590700008441
352,5632,67,1.4195243112740434,-1.4195243112740434,4.1875,4.930059523809524,-0.0013885530498368344,2.8426593939463296,0.4394710560639699,9.954272021180563e-06,0.0,0.42920367320510344,98.17865120002534
353,5648,60,1.785674770424681,-1.785674770424681,3.75,5.326041666666667,-0.0002482584286352581,3.234224875768026,0.2837857206662496,4.213717223440956e-06,0.0,0.42920367320510344,98.41515160002746
354,5664,61,1.4109513774519145,-1.4109513774519145,3.8125,4.477380952380952,-0.0002482530256653348,2.661145051320394,0.3318546613057454,2.560556974155285e-06,0.0,0.42920367320510344,98.65116690006107
355,5680,62,3.053373852123405,-3.053373852123405,3.875,7.136904761904762,-0.0010197361479313827,8.673839569091797,0.22663486003875732,8.007251002103052e-06,0.0,0.42920367320510344,98.89175870001782
356,5696,69,2.697455968958293,-2.697455968958293,4.3125,5.709895833333333,-0.0011442087934880145,4.377082188924153,0.3820081055164337,1.7478341760579497e-05,0.0,0.42920367320510344,99.1561473000329
357,5712,74,2.8221793619310613,-2.8221793619310613,4.625,4.927083333333333,-0.0012991256159227877,3.9512229760487876,0.38787969946861267,9.230229049232245e-06,0.0,0.42920367320510344,99.4409403000027
358,5728,68,2.379701377451914,-2.379701377451914,4.25,4.1709821428571425,-0.0008703049639808095,1.9129059712092082,0.30502012372016907,8.889857629886441e-06,0.0,0.42920367320510344,99.6815700000152
359,5744,52,1.0047013774519145,-1.0047013774519145,3.25,5.35,-0.00021235702539949367,2.558417876561483,0.3053036828835805,6.724244182502541e-06,0.0,0.42920367320510344,99.88757700007409
360,5760,69,1.7818032140544664,-1.7818032140544664,4.3125,5.037053571428571,-0.0010238099631803739,1.8505674600601196,0.37799816330273944,6.796153077933316e-06,0.0,0.42920367320510344,100.14674090000335
361,5776,61,2.347898163397448,-2.347898163397448,3.8125,5.503125,-0.00036454840281407996,4.6058915456136065,0.24587631225585938,1.979574411355619e-06,0.0,0.42920367320510344,100.39182889997028
362,5792,57,1.6827986225480869,-1.6827986225480869,3.5625,5.852083333333334,-0.0011072967178324216,2.7403880755106607,0.3225468397140503,6.069412620490766e-06,0.0,0.42920367320510344,100.64668580004945
363,5808,65,2.0807522957531894,-2.0807522957531894,4.0625,5.201041666666667,-0.0002950888501707105,3.004230817159017,0.31879613796869916,3.7505459052529964e-06,0.0,0.42920367320510344,100.9248967000749
364,5824,64,3.535674770424681,-3.535674770424681,4,5.0625,-0.006318926500777404,11.279149373372396,0.37039726972579956,0.0003008019897000243,0.005208333333333333,0.42920367320510344,101.19355510000605
365,5840,62,1.5934733929727671,-1.5934733929727671,3.875,4.809375,-0.0006376370372655297,2.8140153090159097,0.32755131522814435,4.623951554094674e-06,0.0,0.42920367320510344,101.4375942000188
366,5856,70,3.9065266070272346,-3.9065266070272346,4.375,4.781175595238095,-0.001149111529368696,10.232369422912598,0.37984750668207806,6.487344535344164e-06,0.0,0.42920367320510344,101.7050828000065
367,5872,57,3.0226770661778706,-3.0226770661778706,3.5625,5.480208333333334,-0.001985335832173085,7.267428080240886,0.2539086937904358,1.6501641918390913e-05,0.0,0.42920367320510344,101.92742449999787
368,5888,73,3.499999999999999,-3.499999999999999,4.5625,5.300520833333334,-0.0008058912661894624,6.064421494801839,0.39144135514895123,5.159033738285264e-06,0.0,0.42920367320510344,102.1986995000625
369,5904,56,1.6778206380689396,-1.6778206380689396,3.5,6.35625,-0.0009180265090738734,4.902291774749756,0.2690700093905131,5.479724753361855e-06,0.0,0.42920367320510344,102.42139210004825
370,5920,67,3.02793165768425,-3.02793165768425,4.1875,5.174851190476191,-0.001812348588235461,6.912502924601237,0.31168776750564575,1.6985043657768983e-05,0.0,0.42920367320510344,102.67319050000515
371,5936,58,2.0135509183012763,-2.0135509183012763,3.625,5.578571428571428,-0.0008785923462545734,2.774191935857137,0.3196018934249878,1.2272733329155017e-05,0.0,0.42920367320510344,102.89842750004027
372,5952,68,3.0846238521234053,-3.0846238521234053,4.25,4.4211309523809526,-0.00014232186252479315,9.188192049662272,0.256345401207606,1.2455617479645298e-06,0.0,0.42920367320510344,103.14736369997263
373,5968,70,3.455475688725957,-3.455475688725957,4.375,5.146800595238095,-0.000579343525792512,3.106861432393392,0.38854915897051495,5.8368245845485944e-06,0.0,0.42920367320510344,103.40575350006111
374,5984,59,2.09375,-2.09375,3.6875,5.2941964285714285,-0.002805599399531881,3.4132824738820395,0.28929099440574646,5.598162048651526e-05,0.0,0.42920367320510344,103.63214910007082
375,6000,66,2.232577525328509,-2.232577525328509,4.125,5.594791666666667,-0.0007631143589144074,3.6708532174428306,0.3932501971721649,6.323012333571872e-06,0.0,0.42920367320510344,103.88504020008259
376,6016,63,3.0810289027804227,-3.0810289027804227,3.9375,4.838541666666667,-0.0004596384037371948,7.3503499031066895,0.26392318805058795,2.4726860298566558e-06,0.0,0.42920367320510344,104.11743850004859
377,6032,57,1.7544247704246811,-1.7544247704246811,3.5625,5.251636904761905,-0.0004983366513352886,4.16264533996582,0.3029698630174001,3.1517915886070114e-06,0.0,0.42920367320510344,104.34077470004559
378,6048,54,1.4065266070272326,-1.4065266070272326,3.375,7.193229166666667,-0.0015375724372764428,6.429473241170247,0.38259078065554303,9.761869932845002e-06,0.0,0.42920367320510344,104.56551800004672
379,6064,62,2.4336284436297846,-2.4336284436297846,3.875,5.915625,-0.0017797767650336027,3.4288531144460044,0.2457446108261744,2.002367606716386e-05,0.0,0.42920367320510344,104.82054470002186
380,6080,60,1.5851770661778706,-1.5851770661778706,3.75,6.091666666666667,-0.0006995505873218141,3.755162239074707,0.33626313010851544,4.703220459608322e-06,0.0,0.42920367320510344,105.06250720005482
381,6096,57,2.3702986225480864,-2.3702986225480864,3.5625,5.628125,-0.0008276889178281029,3.083677609761556,0.20653090874354044,4.945921925051759e-06,0.0,0.42920367320510344,105.29616929998156
382,6112,63,2.3982302802323363,-2.3982302802323363,3.9375,5.908184523809524,-0.001466746999458331,4.257907390594482,0.33306126793225604,1.87440443066104e-05,0.0,0.42920367320510344,105.53127969999332
383,6128,63,3.0539270661778715,-3.0539270661778715,3.9375,5.993377976190477,-0.0011277091532339394,2.4675755500793457,0.2868502934773763,1.0013989140134072e-05,0.0,0.42920367320510344,105.76249540003482
384,6144,62,3.169524311274043,-3.169524311274043,3.875,5.680208333333334,-0.001342615793629302,5.236361980438232,0.22018670042355856,1.7234858357066212e-05,0.0,0.42920367320510344,105.99198809999507
385,6160,65,3.008849540849363,-3.008849540849363,4.0625,5.161160714285714,-0.0019657801991949477,7.213590145111084,0.30945510665575665,1.6638115084788296e-05,0.0,0.42920367320510344,106.22884750005323
386,6176,57,1.6695243112740437,-1.6695243112740437,3.5625,5.1154761904761905,-0.0023377297217385498,3.871877352396647,0.2184985081354777,2.7166297210593864e-05,0.0,0.42920367320510344,106.44437020004261
387,6192,61,1.4247789027804225,-1.4247789027804225,3.8125,5.64375,-0.0004817986562836533,3.8564182122548423,0.2660953601201375,9.636898539611138e-06,0.0,0.42920367320510344,106.67667179997079
388,6208,62,1.705475688725958,-1.705475688725958,3.875,5.154166666666667,8.676577272126451e-05,3.1206814448038735,0.33669430017471313,4.8702764464299735e-06,0.0,0.42920367320510344,106.91176970000379
389,6224,71,2.8216261478765947,-2.8216261478765947,4.4375,4.3775297619047615,-0.0013520085097601016,5.999417622884114,0.35269429286321,1.1700384675350506e-05,0.0,0.42920367320510344,107.17587939999066
390,6240,64,3.027378443629785,-3.027378443629785,4,5.461458333333334,-0.000719600667556127,5.46105941136678,0.30989553531010944,2.7328060241416097e-06,0.0,0.42920367320510344,107.42311750003137
391,6256,67,2.6745022957531903,-2.6745022957531903,4.1875,5.704613095238095,-0.0011939818206920805,2.176343043645223,0.3081407944361369,6.231761820648292e-06,0.0,0.42920367320510344,107.67784360004589
392,6272,74,2.839325229575319,-2.839325229575319,4.625,4.926785714285714,-0.0017381584007492752,9.187065442403158,0.3810101052125295,1.9881555696580715e-05,0.0,0.42920367320510344,107.94948120007757
393,6288,64,1.9825775253285087,-1.9825775253285087,4,5.578125,-0.0007423519467314085,2.9516541957855225,0.33520811796188354,3.58242565804782e-06,0.0,0.42920367320510344,108.19559870008379
394,6304,63,2.526825229575319,-2.526825229575319,3.9375,5.503125,-0.0010308475059913984,3.6417781511942544,0.32596486806869507,1.0128650501428638e-05,0.0,0.42920367320510344,108.44453810004052
395,6320,70,1.7995022957531894,-1.7995022957531894,4.375,5.367708333333334,-0.0014619475108615572,2.986609617869059,0.33846373359362286,1.08260416406362e-05,0.0,0.42920367320510344,108.71887560002506
396,6336,68,3.325774311274043,-3.325774311274043,4.25,4.716592261904762,-0.0015505143377345654,5.88147767384847,0.3730798065662384,1.4952232201418761e-05,0.0,0.42920367320510344,108.98537570005283
397,6352,71,2.861725688725957,-2.861725688725957,4.4375,4.891666666666667,-0.002374444288057257,6.536579449971517,0.30285974343617755,2.8509035776854336e-05,0.0,0.42920367320510344,109.25826989999041
398,6368,49,2.044524311274043,-2.044524311274043,3.0625,5.670833333333333,-0.004691033313671748,7.0392327308654785,0.23795432349046072,0.00013581173819450973,0.0,0.42920367320510344,109.476031600032
399,6384,60,3.1468472450961724,-3.1468472450961724,3.75,6.173065476190476,-0.0010125643664249395,4.3856228192647295,0.28071679671605426,9.360221611132147e-06,0.0,0.42920367320510344,109.7131887000287
400,6400,66,2.8174779844791464,-2.8174779844791464,4.125,5.498958333333333,-0.0007023474403228628,5.667885939280192,0.2772570053736369,5.837195885760593e-06,0.0,0.42920367320510344,109.99970190005843
401,6416,64,2.0577986225480864,-2.0577986225480864,4,4.567708333333333,-0.0010211436698834102,3.035121281941732,0.2725663383801778,6.798344353834788e-06,0.0,0.42920367320510344,110.25959120003972
402,6432,68,1.6695243112740434,-1.6695243112740434,4.25,4.441964285714286,-0.0007708960831370367,3.531721591949463,0.32052235802014667,2.609127534469735e-06,0.0,0.42920367320510344,110.53740100003779
403,6448,59,1.4109513774519138,-1.4109513774519138,3.6875,6.064583333333333,-0.0014262933311665431,2.513215700785319,0.2325453907251358,1.1293228302141264e-05,0.0,0.42920367320510344,110.7640600000741
404,6464,68,3.63799770424681,-3.63799770424681,4.25,5.413541666666666,-0.0013440272191028353,9.146333376566568,0.29087190826733905,1.321148632390153e-05,0.0,0.42920367320510344,111.02540250006132
405,6480,67,2.4773229338221294,-2.4773229338221294,4.1875,5.229315476190476,-0.0004512528192132474,1.8353811899820964,0.25363169113794964,2.8767581928453487e-06,0.0,0.42920367320510344,111.26999330008402
406,6496,72,3.0273784436297846,-3.0273784436297846,4.5,4.813020833333334,-0.0012585780048673574,3.8440555731455484,0.31904969612757367,1.4067248230276164e-05,0.0,0.42920367320510344,111.54413699998986
407,6512,72,2.9065266070272333,-2.9065266070272333,4.5,4.704166666666667,-0.001167738299247656,2.7225611209869385,0.3481528361638387,1.1936778719245922e-05,0.0,0.42920367320510344,111.80904239998199
408,6528,64,2.1435289027804227,-2.1435289027804227,4,5.2875,-0.0009459285065531731,2.7911011377970376,0.25875917077064514,9.822271143396696e-06,0.0,0.42920367320510344,112.05048780003563
409,6544,60,2.4773229338221294,-2.4773229338221294,3.75,5.283333333333333,-0.002521765806401769,7.176207701365153,0.25416749715805054,3.472550118506964e-05,0.0,0.42920367320510344,112.28566040005535
410,6560,72,2.545630739382975,-2.545630739382975,4.5,4.932986111111111,-0.0017553225237255294,5.870927015940349,0.3088090121746063,1.9702173934395734e-05,0.0,0.42920367320510344,112.5626136000501
411,6576,59,1.6509954084936211,-1.6509954084936211,3.6875,5.2907738095238095,-0.0007699266507548153,2.8292895952860513,0.17146970331668854,4.726493746905665e-06,0.0,0.42920367320510344,112.8040566999698
412,6592,63,2.0721793619310604,-2.0721793619310604,3.9375,4.292708333333334,-0.0007375712135668048,2.472336769104004,0.23064232369263968,1.2985677585675148e-05,0.0,0.42920367320510344,113.05554229998961
413,6608,76,2.8354536732051034,-2.8354536732051034,4.75,5.2125,-0.00043586158758361176,3.6363179683685303,0.4225109815597534,8.003883976925863e-06,0.0,0.42920367320510344,113.38158200006
414,6624,66,2.767975688725957,-2.767975688725957,4.125,6.079166666666667,-0.0005696367668199068,5.549057642618815,0.3286856710910797,9.110357647538573e-06,0.0,0.42920367320510344,113.63328190008178
415,6640,70,2.8573009183012763,-2.8573009183012763,4.375,4.621130952380953,-1.1694428810364125e-05,2.9701242446899414,0.2971145411332448,1.7989249272432062e-06,0.0,0.42920367320510344,113.8981303999899
416,6656,65,2.3434733929727676,-2.3434733929727676,4.0625,4.991666666666666,-0.00027258945979739363,3.5023554960886636,0.2346918781598409,9.803196689972538e-07,0.0,0.42920367320510344,114.13774400006514
417,6672,65,1.09375,-1.09375,4.0625,4.453125,-0.0004375087709220793,3.604459206263224,0.2670597235361735,2.0081893505145367e-06,0.0,0.42920367320510344,114.38359940005466
418,6688,61,1.9460729338221294,-1.9460729338221294,3.8125,6.553125,-0.0013726389460527362,4.949583212534587,0.38929933309555054,6.530250781603779e-06,0.0,0.42920367320510344,114.66499319998547
419,6704,69,1.821349540849362,-1.821349540849362,4.3125,4.307291666666667,-0.0009946281417692049,2.193103790283203,0.3826434512933095,8.968294423539191e-06,0.0,0.42920367320510344,114.91754669998772
420,6720,62,2.0445243112740434,-2.0445243112740434,3.875,6.021875,-0.001619962005255123,4.635218779246013,0.2567856212457021,1.80376046046149e-05,0.0,0.42920367320510344,115.15782419999596
421,6736,67,3.0984513774519145,-3.0984513774519145,4.1875,4.743452380952381,-0.0002528749300931092,4.986897945404053,0.2824006676673889,1.0656702822113099e-05,0.0,0.42920367320510344,115.42364729999099
422,6752,65,2.785951377451914,-2.785951377451914,4.0625,5.335416666666667,-0.0006790808973630528,3.798570235570272,0.43156615893046063,6.429487863594356e-06,0.0,0.42920367320510344,115.6689739000285
423,6768,66,3.623893571891069,-3.623893571891069,4.125,5.372916666666667,-0.0003498924985490722,6.380862871805827,0.33931251366933185,3.4986402776363925e-06,0.0,0.42920367320510344,115.90954380005132
424,6784,64,3.128871556370216,-3.128871556370216,4,6.207738095238096,-0.0006341918682058653,7.493406772613525,0.3294886847337087,6.1488535720855e-06,0.0,0.42920367320510344,116.15361580008175
425,6800,70,2.1266596421633968,-2.1266596421633968,4.375,4.559375,-0.00099125689982138,3.3168373902638755,0.36000744501749676,6.638157022583376e-06,0.0,0.42920367320510344,116.43399100005627
426,6816,71,2.8523229338221308,-2.8523229338221308,4.4375,4.679513888888889,-0.0014551021278936815,5.218000888824463,0.3394460479418437,1.4482258544982566e-05,0.0,0.42920367320510344,116.72240570001304
427,6832,59,1.901272015520854,-1.901272015520854,3.6875,6.016666666666667,-6.611064600292593e-05,4.853188832600911,0.3423856198787689,1.533114811991254e-06,0.0,0.42920367320510344,116.98850910004694
428,6848,58,2.107300918301276,-2.107300918301276,3.625,4.6467261904761905,-0.0009962875367914847,3.3651463985443115,0.33365799983342487,5.0684500365605345e-06,0.0,0.42920367320510344,117.22928199998569
429,6864,55,1.1786504591506382,-1.1786504591506382,3.4375,5.255208333333333,-0.0009775263116214756,2.356207847595215,0.15889321267604828,7.069382036206662e-06,0.0,0.42920367320510344,117.4481074999785
430,6880,68,2.4236724746714913,-2.4236724746714913,4.25,5.473363095238096,-0.0010088349318168415,7.953146298726399,0.3664475580056508,6.42742240112663e-06,0.0,0.42920367320510344,117.70401800004765
431,6896,67,1.9245022957531899,-1.9245022957531899,4.1875,4.852604166666667,-0.0002773513861124381,3.799654006958008,0.27542032798131305,1.6933205794581834e-06,0.0,0.42920367320510344,117.95068300003186
432,6912,62,1.8440266070272329,-1.8440266070272329,3.875,5.758854166666667,-0.000761622376489394,2.0459772745768228,0.30365877350171405,6.667738792505891e-06,0.0,0.42920367320510344,118.19286970002577
433,6928,62,1.8974004591506382,-1.8974004591506382,3.875,5.882291666666666,-0.0014256085244118328,2.9505343437194824,0.3155089815457662,8.237548096682682e-06,0.0,0.42920367320510344,118.43499740003608
434,6944,58,1.821349540849362,-1.821349540849362,3.625,4.977083333333334,-0.00023975779537262673,3.461055596669515,0.3229188919067383,1.558386315991811e-06,0.0,0.42920367320510344,118.65537759999279
435,6960,58,1.7898229338221294,-1.7898229338221294,3.625,6.744270833333333,-0.001184633384383756,3.1325538953145347,0.2883392771085103,6.1518674101535e-06,0.0,0.42920367320510344,118.88429580000229
436,6976,68,3.1479536732051034,-3.1479536732051034,4.25,5.597395833333334,-0.0008322085178568509,6.947979132334392,0.31661759813626605,4.966040175228652e-06,0.0,0.42920367320510344,119.131235799985
437,6992,61,2.0129977042468106,-2.0129977042468106,3.8125,5.230208333333334,-0.0008515139034687517,3.9436887900034585,0.3145737548669179,5.241972075964441e-06,0.0,0.42920367320510344,119.36901580006815
438,7008,75,3.1382743112740434,-3.1382743112740434,4.6875,4.741666666666666,-0.0010487360414117575,7.366077423095703,0.34860653678576153,1.000100958966262e-05,0.0,0.42920367320510344,119.6575024999911
439,7024,59,1.6155972450961733,-1.6155972450961733,3.6875,6.002083333333333,-0.0011315143865791022,3.320156971613566,0.2780236303806305,9.195405558178512e-06,0.0,0.42920367320510344,119.89153530006297
440,7040,54,1.557245408493621,-1.557245408493621,3.375,5.810416666666667,-0.00034679711457163975,2.6535271803538003,0.240818719069163,4.150720693966529e-06,0.0,0.42920367320510344,120.09895360004157
441,7056,65,2.8877210972195777,-2.8877210972195777,4.0625,4.586458333333334,-0.001649280723470999,5.821735858917236,0.2972755829493205,1.1484821394939596e-05,0.0,0.42920367320510344,120.34287829999812
442,7072,72,2.436946785945536,-2.436946785945536,4.5,5.228125,-0.002698520086360734,2.4583752950032554,0.2895794113477071,0.00013504683981106305,0.004629629664123058,0.42920367320510344,120.62623210006859
443,7088,63,2.5400995408493623,-2.5400995408493623,3.9375,5.423511904761905,-0.0009141570778205358,2.1644614537556968,0.2723335822423299,8.292831277382598e-06,0.0,0.42920367320510344,120.88217530003749
444,7104,64,1.2585729338221294,-1.2585729338221294,4,5.154166666666667,-0.000108833114306132,2.279910405476888,0.2729552388191223,1.2782935906822483e-06,0.0,0.42920367320510344,121.13457940006629
445,7120,69,2.4195243112740434,-2.4195243112740434,4.3125,6.284672619047619,-0.00037750040767559057,3.933263063430786,0.3212606410185496,3.812069887014028e-06,0.0,0.42920367320510344,121.41807320003863
446,7136,68,1.227322933822129,-1.227322933822129,4.25,5.302083333333333,-0.0007952667702006977,2.624269723892212,0.3835345506668091,2.8620821694858023e-06,0.0,0.42920367320510344,121.7066900000209
447,7152,60,1.6385509183012759,-1.6385509183012759,3.75,5.357291666666667,-0.0006288356154176,1.8334739605585735,0.268040398756663,3.2285849253336587e-06,0.0,0.42920367320510344,121.9495652000187
448,7168,66,2.204645867644259,-2.204645867644259,4.125,4.8566964285714285,-0.0006687159595936502,2.3857711950937905,0.23188070952892303,3.620525906929591e-06,0.0,0.42920367320510344,122.19391719996929
449,7184,64,2.1836284436297846,-2.1836284436297846,4,5.470982142857142,-0.0025126244872808456,4.150033791859944,0.2851775387922923,3.2535899663344026e-05,0.0,0.42920367320510344,122.43866690003779
450,7200,68,2.937500000000001,-2.937500000000001,4.25,5.705208333333333,-0.0012377795635485356,4.572781403859456,0.32880212863286334,7.34064800174868e-06,0.0,0.42920367320510344,122.69862200005446
451,7216,67,2.9059733929727676,-2.9059733929727676,4.1875,5.007291666666666,-0.0016185946916624043,4.878573417663574,0.31525036692619324,1.9990463442809414e-05,0.0,0.42920367320510344,122.94333819998428
452,7232,65,2.6910949493429825,-2.6910949493429825,4.0625,4.960416666666667,-0.0012308236516009134,4.331246376037598,0.3314467171827952,1.572908361898347e-05,0.0,0.42920367320510344,123.18385470006615
453,7248,70,1.8797013774519136,-1.8797013774519136,4.375,4.880952380952381,-0.0006854642149332809,3.1114789644877114,0.31806180874506634,1.04747709883668e-05,0.0,0.42920367320510344,123.43738140002824
454,7264,65,2.405973392972767,-2.405973392972767,4.0625,5.132142857142857,0.0004065544156429309,6.318998495737712,0.3495841920375824,3.0814455082387817e-06,0.0,0.42920367320510344,123.67631850007456
455,7280,68,2.6377210972195777,-2.6377210972195777,4.25,6.030059523809524,-0.000772557430215833,3.175636370976766,0.26900289456049603,3.7786131012277715e-06,0.0,0.42920367320510344,123.92757840000559
456,7296,68,2.5754977042468106,-2.5754977042468106,4.25,4.997172619047619,-0.0014270181772205366,5.5915350914001465,0.2827094793319702,1.526335427115555e-05,0.0,0.42920367320510344,124.18993069999851
457,7312,62,2.06775459150638,-2.06775459150638,3.875,5.972916666666666,-0.0013312992266811818,2.422271251678467,0.272594819466273,6.9273176753389025e-06,0.0,0.42920367320510344,124.44019920006394
458,7328,62,1.513550918301276,-1.513550918301276,3.875,6.291666666666667,-0.0007140046775451955,2.28216290473938,0.4360065162181854,4.149412764794154e-06,0.0,0.42920367320510344,124.69547130004503
459,7344,66,1.5495022957531897,-1.5495022957531897,4.125,5.24375,-0.0006140392447697707,2.2012762228647866,0.38522160053253174,3.816352924938353e-06,0.0,0.42920367320510344,124.94922279997263
460,7360,64,2.2411504591506386,-2.2411504591506386,4,4.409722222222222,-0.0006330758333206177,5.800494035085042,0.2597058316071828,4.12575900554657e-06,0.0,0.42920367320510344,125.19345190003514
461,7376,66,1.8166481633974483,-1.8166481633974483,4.125,5.919642857142858,-0.00148990181876781,4.346544583638509,0.31488802035649616,9.558003512211144e-06,0.0,0.42920367320510344,125.45685519999824
462,7392,64,1.317201377451914,-1.317201377451914,4,4.834375,-0.0003203550974527995,2.030689318974813,0.3605598310629527,2.899401200314363e-06,0.0,0.42920367320510344,125.69562050001696
463,7408,69,2.34375,-2.34375,4.3125,4.219345238095238,-0.001185261677885426,4.039155642191569,0.312608927488327,5.960394825403152e-06,0.0,0.42920367320510344,125.97175939998124
464,7424,61,2.660121556370216,-2.660121556370216,3.8125,6.933333333333334,-0.0013179427357599138,7.190064907073975,0.32683850328127545,1.5934379310541164e-05,0.0,0.42920367320510344,126.24791889998596
465,7440,62,2.918694490192345,-2.918694490192345,3.875,5.230952380952381,-0.0018726747585660064,8.094287872314453,0.1876959502696991,1.5631275346095208e-05,0.0,0.42920367320510344,126.47808010003064
466,7456,70,2.4914270661778715,-2.4914270661778715,4.375,5.313318452380952,-0.0003909709960379833,3.63216765721639,0.30916011333465576,1.0816717500953624e-05,0.0,0.42920367320510344,126.74365119996946
467,7472,73,2.0182522957531903,-2.0182522957531903,4.5625,4.675446428571429,-0.0019328131151201688,2.758471886316935,0.24123020470142365,2.1082732928334735e-05,0.0,0.42920367320510344,127.01741610001773
468,7488,67,3.3343472450961724,-3.3343472450961724,4.1875,4.242708333333333,-0.0002724884234428515,5.195323785146077,0.25199243426322937,3.351398997134917e-06,0.0,0.42920367320510344,127.2612841000082
469,7504,67,2.3296458676442584,-2.3296458676442584,4.1875,5.445833333333333,-0.0011810008222141732,3.8618901570638022,0.2710999051729838,6.913276820341707e-06,0.0,0.42920367320510344,127.50942160002887
470,7520,70,2.6476770661778706,-2.6476770661778706,4.375,5.340625,-0.001687660114839673,5.561033248901367,0.3098326623439789,2.329511880816426e-05,0.0,0.42920367320510344,127.77110350003932
471,7536,64,1.8974004591506384,-1.8974004591506384,4,5.7370535714285715,-0.001124264361957709,2.403143564860026,0.36689356962839764,6.667512934654951e-06,0.0,0.42920367320510344,128.01393600006122
472,7552,69,2.7629977042468106,-2.7629977042468106,4.3125,5.220535714285714,-0.0009927435717343631,6.280475457509358,0.369928906361262,6.735057165011919e-06,0.0,0.42920367320510344,128.27937590004876
473,7568,79,2.280696785945535,-2.280696785945535,4.9375,4.928720238095238,-0.0006562370793670169,2.9939120610555015,0.3155486583709717,8.263605650427053e-06,0.0,0.42920367320510344,128.58775279996917
474,7584,54,1.5890486225480864,-1.5890486225480864,3.375,6.24375,-0.0038151432857791434,2.169016679128011,0.2323203682899475,6.569147202147481e-05,0.0,0.42920367320510344,128.81221630005166
475,7600,62,2.02267706617787,-2.02267706617787,3.875,4.527083333333334,-0.0009298645065077457,5.179128487904866,0.2916257381439209,5.7622630720288726e-06,0.0,0.42920367320510344,129.0503691000631
476,7616,65,2.6474004591506377,-2.6474004591506377,4.0625,4.57172619047619,-0.0008294240114852988,4.80120309193929,0.27849526206652325,4.0847523147628335e-06,0.0,0.42920367320510344,129.30205050006043
477,7632,70,2.750000000000001,-2.750000000000001,4.375,6.131944444444445,-0.000868573930624524,7.555104891459147,0.326463262240092,3.933835690380268e-06,0.0,0.42920367320510344,129.56591840006877
478,7648,60,1.5312500000000004,-1.5312500000000004,3.75,5.1625,-0.0013945804624300173,3.689107656478882,0.32407710949579877,9.432910853017043e-06,0.0,0.42920367320510344,129.82918850006536
479,7664,60,2.5768807393829745,-2.5768807393829745,3.75,6.678645833333333,-0.001280188896796967,4.3947164217631025,0.42638613780339557,7.002925106765663e-06,0.0,0.42920367320510344,130.08044930000324
480,7680,61,2.2541481633974483,-2.2541481633974483,3.8125,5.288839285714285,-0.0009390746044182959,3.310388167699178,0.3216775059700012,1.3821147301011175e-05,0.0,0.42920367320510344,130.31417080003303
481,7696,69,2.4557522957531894,-2.4557522957531894,4.3125,4.999479166666667,-0.0007092261485584691,3.343379497528076,0.3336974084377289,1.0932777665099517e-05,0.0,0.42920367320510344,130.57429150003009
482,7712,82,3.2181967859455343,-3.2181967859455343,5.125,4.190972222222222,-0.001268608811712942,4.4903340339660645,0.3266624907652537,7.1466817341085216e-06,0.0,0.42920367320510344,130.8626171000069
483,7728,72,2.78125,-2.78125,4.5,4.825297619047619,-0.0006221709363335067,4.323782602945964,0.33900577823321026,2.575132801515186e-06,0.0,0.42920367320510344,131.13057949999347
484,7744,62,1.508572933822129,-1.508572933822129,3.875,5.307291666666667,-0.0005891887196938228,2.3055280844370523,0.3202310601870219,6.017505408332606e-06,0.0,0.42920367320510344,131.3652533000568
485,7760,66,2.0182522957531908,-2.0182522957531908,4.125,4.988169642857143,-0.000929414633911089,4.176369349161784,0.29275627930959064,8.045761736260223e-06,0.0,0.42920367320510344,131.62136210000608
486,7776,68,2.706305509807655,-2.706305509807655,4.25,4.6433035714285715,-0.0016828354575908477,6.343917528788249,0.3616298735141754,2.258566837554099e-05,0.0,0.42920367320510344,131.8748749999795
487,7792,57,1.8752766070272329,-1.8752766070272329,3.5625,5.117708333333333,-0.0017385725197461472,2.420468727747599,0.31684960921605426,4.241062197252177e-05,0.0,0.42920367320510344,132.0961751000723
488,7808,62,2.7267697197676646,-2.7267697197676646,3.875,4.964583333333334,-0.0007537218963638755,6.3463765780131025,0.32447296380996704,6.76024016380931e-06,0.0,0.42920367320510344,132.33797120000236
489,7824,59,1.7187500000000002,-1.7187500000000002,3.6875,6.47797619047619,-0.001246733486384007,1.722057819366455,0.3067517876625061,8.692344181326916e-06,0.0,0.42920367320510344,132.57985440001357
490,7840,61,2.1512720155208536,-2.1512720155208536,3.8125,5.229910714285714,-0.001040426113762057,6.470753192901611,0.3009074827035268,6.506636736958171e-06,0.0,0.42920367320510344,132.8222700000042
491,7856,56,1.6733958676442584,-1.6733958676442584,3.5,5.087946428571429,-0.0005611468652550281,2.035221974054972,0.2772137721379598,5.009162653853612e-06,0.0,0.42920367320510344,133.04550490004476
492,7872,69,2.2853981633974487,-2.2853981633974487,4.3125,4.4048115079365076,-0.0012475142546743239,3.568578004837036,0.31741570432980853,7.510068447421266e-06,0.0,0.42920367320510344,133.30620640004054
493,7888,49,0.9106747704246816,-0.9106747704246816,3.0625,5.494791666666667,-0.0008608994626939648,2.463203032811483,0.33243682980537415,6.202988591515653e-06,0.0,0.42920367320510344,133.51738440000918
494,7904,66,2.7674224746714913,-2.7674224746714913,4.125,4.423065476190476,-8.152891699175768e-05,3.903550863265991,0.22579311827818552,1.0365714047111396e-06,0.0,0.42920367320510344,133.7623242000118
495,7920,61,4.048119260617026,-4.048119260617026,3.8125,5.392708333333333,-0.0009779663250111998,12.705526351928711,0.26833780606587726,6.3204539249757845e-06,0.0,0.42920367320510344,133.9891938000219
496,7936,68,4.173949081698725,-4.173949081698725,4.25,5.150744047619048,-0.000583556369426456,9.441500663757324,0.2570596734682719,2.292112715925517e-06,0.0,0.42920367320510344,134.2492528000148
497,7952,64,1.9366701789183018,-1.9366701789183018,4,5.019047619047619,-0.0005355222771565119,2.5139616330464682,0.25015200674533844,2.4617377979060016e-06,0.0,0.42920367320510344,134.48981090006419
498,7968,66,1.9961284436297846,-1.9961284436297846,4.125,4.207986111111111,-0.0009216889156959951,2.752129554748535,0.22204759220282236,5.352376547307358e-06,0.0,0.42920367320510344,134.72894030006137
499,7984,70,3.254148163397449,-3.254148163397449,4.375,4.568154761904762,-0.0009174676357014041,9.772711435953775,0.37315593163172406,1.0170592455930697e-05,0.0,0.42920367320510344,134.9764629000565
500,8000,64,2.2903761478765947,-2.2903761478765947,4,5.1390625,-0.0011019093605379264,3.124107996622721,0.26282232999801636,9.805546142160892e-06,0.0,0.42920367320510344,135.21435180003755
501,8016,67,2.0135509183012763,-2.0135509183012763,4.1875,5.575148809523809,-0.0013067965402697723,4.292014280954997,0.3103235960006714,6.5381992347586975e-06,0.0,0.42920367320510344,135.45942800003104
502,8032,61,1.6922013774519145,-1.6922013774519145,3.8125,4.94375,-0.00161364369789041,2.192056735356649,0.31499508023262024,9.416678949492052e-06,0.0,0.42920367320510344,135.68819900008384
503,8048,57,2.2865045915063797,-2.2865045915063797,3.5625,8.494791666666666,-0.00030533193359734884,4.545162359873454,0.3363940715789795,2.739896482732244e-06,0.0,0.42920367320510344,135.91177170001902
504,8064,69,2.3125000000000004,-2.3125000000000004,4.3125,5.860714285714286,-0.00047330580880089457,4.389102776845296,0.322987695535024,1.0418575016046816e-06,0.0,0.42920367320510344,136.1639355000807
505,8080,66,2.303927066177871,-2.303927066177871,4.125,5.804761904761905,-0.0008825611351343335,1.449001709620158,0.2941600779692332,6.300933667565308e-06,0.0,0.42920367320510344,136.42898159998003
506,8096,62,1.9872789027804227,-1.9872789027804227,3.875,5.2404761904761905,-0.002096292779340203,1.9227146704991658,0.3121268053849538,2.1095140861386124e-05,0.0,0.42920367320510344,136.67357420001645
507,8112,69,2.200221097219578,-2.200221097219578,4.3125,5.535119047619047,-0.0005111993921206685,2.509035031000773,0.31105517347653705,3.814949271448616e-06,0.0,0.42920367320510344,136.9426994000096
508,8128,62,2.1474004591506377,-2.1474004591506377,3.875,4.813541666666667,-0.0006306600764454847,2.173900604248047,0.3048375944296519,6.545815873929921e-06,0.0,0.42920367320510344,137.190432399977
509,8144,50,1.4327986225480864,-1.4327986225480864,3.125,7.211458333333334,-0.001873695026151978,2.234011650085449,0.2465799351533254,2.337336415318229e-05,0.0,0.42920367320510344,137.40676110005006
510,8160,60,2.0810289027804227,-2.0810289027804227,3.75,5.535416666666666,-0.00033227866014281143,3.2459117571512857,0.21561659375826517,3.0438932678104416e-06,0.0,0.42920367320510344,137.6354606000241
511,8176,62,2.9236724746714913,-2.9236724746714913,3.875,6.7453125,-0.00038580180950731346,4.9686784744262695,0.3421337902545929,3.4585114387179297e-06,0.0,0.42920367320510344,137.87083670007996
512,8192,67,1.6214050506570181,-1.6214050506570181,4.1875,4.416666666666667,-0.0012692645567455123,2.1438817977905273,0.2858780225118001,1.1206168740803454e-05,0.0,0.42920367320510344,138.1118662999943
513,8208,67,3.351769719767664,-3.351769719767664,4.1875,5.01875,-0.0005360752699168359,5.970261573791504,0.22547604143619537,2.0923158672303543e-06,0.0,0.42920367320510344,138.3531772000715
514,8224,61,2.1733958676442593,-2.1733958676442593,3.8125,4.997023809523809,-0.000405366631743694,3.0181801319122314,0.2674558262030284,4.476801298854601e-06,0.0,0.42920367320510344,138.57937200006563
515,8240,73,2.249446785945535,-2.249446785945535,4.5625,5.285416666666666,-0.0007576376234806522,3.119970162709554,0.29086946447690326,5.183341727388324e-06,0.0,0.42920367320510344,138.84423390007578
516,8256,64,1.919524311274043,-1.919524311274043,4,5.652083333333334,-0.0009652183701594671,2.5495619773864746,0.35971420009930927,2.025471379359563e-05,0.0,0.42920367320510344,139.1010277000023
517,8272,59,1.8398784436297846,-1.8398784436297846,3.6875,5.080208333333333,-0.001391785308103059,2.7799519697825112,0.3258892297744751,1.1030922905774787e-05,0.0,0.42920367320510344,139.32858650002163
518,8288,62,1.4690266070272335,-1.4690266070272335,3.875,4.657291666666667,-0.0011587434370691578,1.9358569383621216,0.3114203413327535,1.1265077318967087e-05,0.0,0.42920367320510344,139.5668395999819
519,8304,58,1.4015486225480869,-1.4015486225480869,3.625,7.198958333333334,-0.00036336157080215276,5.418769995371501,0.3111250201861064,7.87320823292248e-06,0.0,0.42920367320510344,139.79877340001985
520,8320,60,1.9115045915063795,-1.9115045915063795,3.75,4.689583333333333,-0.001970972022455738,3.4564844767252603,0.2869378427664439,1.0518460991685666e-05,0.0,0.42920367320510344,140.02240450005047
521,8336,60,1.5448009183012756,-1.5448009183012756,3.75,5.810714285714286,-0.0018075224865848523,4.199141661326091,0.36680589119593304,9.670605474335995e-06,0.0,0.42920367320510344,140.25398460007273
522,8352,70,1.540099540849362,-1.540099540849362,4.375,4.81889880952381,-0.0008600649540314956,1.9273340304692586,0.39069147904713947,8.981746001760863e-06,0.0,0.42920367320510344,140.52967840002384
523,8368,68,1.8260509183012763,-1.8260509183012763,4.25,5.310416666666667,-0.0003986720962441126,1.8447790543238323,0.34663863976796466,2.3434267859556712e-06,0.0,0.42920367320510344,140.78924469999038
524,8384,52,1.138274311274043,-1.138274311274043,3.25,6.969791666666667,-0.0006428223568946123,2.1255647341410318,0.26800548036893207,2.796785527910591e-06,0.0,0.42920367320510344,141.0033658000175
525,8400,66,2.5085729338221294,-2.5085729338221294,4.125,5.120833333333334,-0.0012447171305976685,3.2670278549194336,0.4111105402310689,8.693439819277652e-06,0.0,0.42920367320510344,141.26438050006982
526,8416,75,3.151825229575319,-3.151825229575319,4.6875,4.758333333333333,-0.0015939447718362014,2.930353879928589,0.3390942911307017,1.828901622502599e-05,0.0,0.42920367320510344,141.54365400003735
527,8432,63,2.039546326794897,-2.039546326794897,3.9375,5.0511904761904765,-0.00035181877804764855,3.465306123097738,0.2895444929599762,6.058339674079131e-06,0.0,0.42920367320510344,141.77251629997045
528,8448,63,2.1827986225480864,-2.1827986225480864,3.9375,5.924255952380952,-0.0010243704392838282,3.2635753949483237,0.34577101469039917,1.1646085264753006e-05,0.0,0.42920367320510344,142.00670600007288
529,8464,59,2.4643252295753193,-2.4643252295753193,3.6875,5.921875,-0.0010113850479953612,9.410173734029135,0.2965232729911804,8.695711433877781e-06,0.0,0.42920367320510344,142.23642790003214
530,8480,62,2.0448009183012763,-2.0448009183012763,3.875,6.114583333333333,-0.0021349140405355627,2.099214474360148,0.3573135534922282,2.1867874238523655e-05,0.0,0.42920367320510344,142.47709449997637
531,8496,73,2.5044247704246807,-2.5044247704246807,4.5625,4.950099206349206,-0.0003087762764497626,4.468230088551839,0.26215916872024536,3.9861307262375094e-06,0.0,0.42920367320510344,142.7464702000143
532,8512,73,2.504424770424681,-2.504424770424681,4.5625,4.760763888888889,-0.00234000865671972,4.4044121106465655,0.26013967394828796,1.486198607381084e-05,0.0,0.42920367320510344,143.0161474000197
533,8528,56,2.299225688725957,-2.299225688725957,3.5,5.902083333333334,-0.0007940062787383795,5.813459555308024,0.3353891472021739,9.363362172128594e-06,0.0,0.42920367320510344,143.24496739997994
534,8544,70,2.067477984479147,-2.067477984479147,4.375,5.178125,-0.0010721598158678347,3.3271575768788657,0.4095189869403839,4.752760787596344e-06,0.0,0.42920367320510344,143.5098121999763
535,8560,70,2.361725688725957,-2.361725688725957,4.375,5.980505952380953,-0.0007843590973477532,3.876364549001058,0.2544559637705485,8.527030180024061e-06,0.0,0.42920367320510344,143.76820469996892
536,8576,65,1.754701377451914,-1.754701377451914,4.0625,5.534672619047619,-0.0013847632250059878,2.0918712615966797,0.30659976601600647,1.4941967947379453e-05,0.0,0.42920367320510344,144.01201409997884
537,8592,65,3.446902754903828,-3.446902754903828,4.0625,5.6375,-0.0014178887576772325,6.537590503692627,0.31234856446584064,1.2060775588906836e-05,0.0,0.42920367320510344,144.26584240002558
538,8608,59,1.1523784436297846,-1.1523784436297846,3.6875,4.663541666666666,-0.0012966104379283176,2.0720489025115967,0.3770504891872406,1.84042395024638e-05,0.0,0.42920367320510344,144.50093069998547
539,8624,68,2.196902754903829,-2.196902754903829,4.25,5.139583333333333,-0.001263701850000724,3.904593070348104,0.2656848430633545,1.0530966240670145e-05,0.0,0.42920367320510344,144.76920750003774
540,8640,57,1.6603981633974485,-1.6603981633974485,3.5625,5.748958333333333,-0.0002881119526243481,3.272097110748291,0.2545486291249593,1.7101042431022506e-06,0.0,0.42920367320510344,145.00407040002756
541,8656,66,2.664546326794897,-2.664546326794897,4.125,5.425446428571428,-0.00022366009845834847,4.058822472890218,0.2653304537137349,3.332253413645958e-06,0.0,0.42920367320510344,145.27019150007982
542,8672,62,1.6205752295753189,-1.6205752295753189,3.875,5.017113095238095,-0.0010904951730831651,1.4834709962209065,0.29940805832544964,7.199263942917848e-06,0.0,0.42920367320510344,145.5082596000284
543,8688,59,1.8166481633974483,-1.8166481633974483,3.6875,6.026636904761904,-0.001161317352210774,2.417682647705078,0.303608496983846,6.9200832513161e-06,0.0,0.42920367320510344,145.7423135000281
544,8704,59,1.602599540849362,-1.602599540849362,3.6875,5.613541666666666,-0.0019958824186327995,1.5216299692789714,0.20605047543843588,2.1462407251722954e-05,0.0,0.42920367320510344,145.97167200001422
545,8720,76,3.8290926535897936,-3.8290926535897936,4.75,4.90766369047619,-0.003361670623059846,10.114375432332357,0.3240695297718048,0.0001697378708437706,0.004385964944958687,0.42920367320510344,146.25013180007227
546,8736,78,2.8531527549038276,-2.8531527549038276,4.875,4.246354166666666,-0.0011362932820434917,3.446244478225708,0.3156600793202718,1.7790117757006858e-05,0.0,0.42920367320510344,146.53379400004633
547,8752,66,2.329369260617026,-2.329369260617026,4.125,5.451636904761905,-0.000503361524398116,5.2877763112386065,0.3921767274538676,6.036369616898203e-06,0.0,0.42920367320510344,146.78009050001856
548,8768,65,2.4504977042468106,-2.4504977042468106,4.0625,5.257291666666667,-0.001125330805109866,3.7588330109914145,0.30507399638493854,9.937011175982965e-06,0.0,0.42920367320510344,147.02387160004582
549,8784,67,1.624723392972768,-1.624723392972768,4.1875,5.826934523809524,-9.659925502939852e-05,1.9699525833129883,0.2989034454027812,3.656122165314931e-06,0.0,0.42920367320510344,147.2812125000637
550,8800,68,2.09375,-2.09375,4.25,4.196130952380952,-0.0009835263138965693,2.408414443333944,0.2584754228591919,7.89235590067013e-06,0.0,0.42920367320510344,147.54274459998123
551,8816,65,2.1025995408493623,-2.1025995408493623,4.0625,5.760267857142857,-0.0013352290554067652,2.097876707712809,0.23367219169934592,7.765754465557015e-06,0.0,0.42920367320510344,147.79075629997533
552,8832,63,2.1656527549038276,-2.1656527549038276,3.9375,5.821875,-0.0008623063932026535,3.4310782750447593,0.29903634389241535,7.2315965553571004e-06,0.0,0.42920367320510344,148.03675920004025
553,8848,67,2.758019719767665,-2.758019719767665,4.1875,5.101636904761905,-0.00034047062898305097,3.8882373174031577,0.20995347698529562,1.6318022820390372e-06,0.0,0.42920367320510344,148.28771629999392
554,8864,48,1.1648229338221294,-1.1648229338221294,3,6.4375,-0.0011079240680878695,3.5228071212768555,0.20024150609970093,1.447482206155352e-05,0.0,0.42920367320510344,148.49020250001922
555,8880,55,2.1645463267948966,-2.1645463267948966,3.4375,5.537946428571429,-0.0010344383878297947,4.2278157869974775,0.26084234317143756,1.0104522819650205e-05,0.0,0.42920367320510344,148.70801270008087
556,8896,60,1.8520463267948963,-1.8520463267948963,3.75,5.076339285714286,-0.0007353087188673632,2.536149581273397,0.22938438256581625,1.1442197925741008e-05,0.0,0.42920367320510344,148.9471460999921
557,8912,64,2.4375000000000004,-2.4375000000000004,4,5.510267857142857,-0.0012209611013531685,2.835165500640869,0.3338576853275299,1.1106104163142541e-05,0.0,0.42920367320510344,149.19963829999324
558,8928,70,3.4864490816987237,-3.4864490816987237,4.375,5.564657738095238,-0.0009703040100810986,13.86119016011556,0.32305697600046795,1.751635105999109e-05,0.0,0.42920367320510344,149.47166110004764
559,8944,60,1.7450220155208533,-1.7450220155208533,3.75,6.096875,-0.00022278228958979204,3.4403158823649087,0.3243419925371806,2.5884248013123092e-06,0.0,0.42920367320510344,149.7088007000275
560,8960,66,1.575497704246811,-1.575497704246811,4.125,5.568005952380952,-0.0009318936017640075,2.1912012894948325,0.3225436607996623,6.298383899168887e-06,0.0,0.42920367320510344,149.9570310000563
561,8976,64,2.1603981633974483,-2.1603981633974483,4,5.171875,-0.00037872201452652615,1.7319059769312541,0.21712394058704376,4.122365983979155e-06,0.0,0.42920367320510344,150.2010847000638
562,8992,53,1.2721238521234053,-1.2721238521234053,3.3125,5.683333333333334,-0.0013818510525432555,1.8829445441563923,0.2593785524368286,1.0330300483474275e-05,0.0,0.42920367320510344,150.41556720004883
563,9008,63,1.8705752295753189,-1.8705752295753189,3.9375,5.452529761904762,-0.0015448432997183421,1.2151742776234944,0.24061567584673563,1.1831639919061368e-05,0.0,0.42920367320510344,150.66177000000607
564,9024,71,2.388827525328509,-2.388827525328509,4.4375,5.174305555555556,-0.0010848593605166101,2.617164373397827,0.3977678219477336,1.2134512568688175e-05,0.0,0.42920367320510344,150.92759680002928
565,9040,58,1.8437499999999998,-1.8437499999999998,3.625,6.260416666666667,-0.0015454637970577778,3.4107112089792886,0.20761657257874808,1.3337823323430106e-05,0.0,0.42920367320510344,151.1557965000393
566,9056,53,2.017699081698724,-2.017699081698724,3.3125,6.941666666666666,-0.0013365374699398913,3.873380661010742,0.28960710763931274,2.0540205089976855e-05,0.0,0.42920367320510344,151.36964519997127
567,9072,61,2.8069688014663883,-2.8069688014663883,3.8125,6.213988095238095,-0.0006841733635667424,6.388636112213135,0.19860000908374786,1.1331892740903035e-05,0.0,0.42920367320510344,151.60773060005158
568,9088,74,3.043971097219578,-3.043971097219578,4.625,4.955505952380952,-0.0009652440591404835,6.1251756350199384,0.2717146873474121,1.105454308950963e-05,0.0,0.42920367320510344,151.88167430006433
569,9104,56,1.1780972450961729,-1.1780972450961729,3.5,6.426041666666666,-0.002237975652817544,4.269229253133138,0.3881911337375641,2.0380386861991912e-05,0.0,0.42920367320510344,152.10246640001424
570,9120,62,1.3080752295753197,-1.3080752295753197,3.875,4.891666666666667,-0.0013658782762663673,3.084928353627523,0.29225946466128033,1.3772722468274878e-05,0.0,0.42920367320510344,152.35189879999962
571,9136,59,2.732300918301276,-2.732300918301276,3.6875,5.616666666666667,-0.0006094719768346598,7.884511152903239,0.2093480477730433,1.4680653900237909e-05,0.0,0.42920367320510344,152.59042270004284
572,9152,57,1.7638275253285087,-1.7638275253285087,3.5625,5.373214285714286,-0.001088458891857158,2.2502781550089517,0.2810709575812022,9.30434831995323e-06,0.0,0.42920367320510344,152.8169364000205
573,9168,67,1.937223392972768,-1.937223392972768,4.1875,4.65625,-0.0007853481350394986,2.736440976460775,0.2902214626471202,8.281542401770517e-06,0.0,0.42920367320510344,153.0686391000636
574,9184,69,2.3747233929727676,-2.3747233929727676,4.3125,4.738541666666666,-0.0015208531235195721,3.2996200720469155,0.2571787138779958,1.809350078474381e-05,0.0,0.42920367320510344,153.33287530008238
575,9200,73,2.91482293382213,-2.91482293382213,4.5625,4.178125,-0.0007107462042933813,5.670624415079753,0.283958633740743,5.908565223459543e-06,0.0,0.42920367320510344,153.60470829997212
576,9216,65,1.9731747704246811,-1.9731747704246811,4.0625,5.65625,-0.0009609540649808679,2.839477221171061,0.32006723682085675,4.484733608478564e-06,0.0,0.42920367320510344,153.85796980001032
577,9232,68,2.3174779844791473,-2.3174779844791473,4.25,3.9617559523809525,-0.001823827905087357,3.8589293162027993,0.20948090155919394,1.1031853925184501e-05,0.0,0.42920367320510344,154.1033992000157
578,9248,71,1.5268252295753195,-1.5268252295753195,4.4375,4.5616071428571425,-0.0013485821925911523,2.37943164507548,0.36449060837427777,1.0185210612689843e-05,0.0,0.42920367320510344,154.37044650001917
579,9264,66,2.490597245096173,-2.490597245096173,4.125,5.413392857142857,-0.0010660501447450343,3.478611946105957,0.29448986053466797,1.2830200982231569e-05,0.0,0.42920367320510344,154.62236210005358
580,9280,67,2.0309733929727676,-2.0309733929727676,4.1875,5.197916666666667,-4.3233828061299086e-05,4.844563007354736,0.20421754817167917,3.6873701295310943e-06,0.0,0.42920367320510344,154.86932539998088
581,9296,61,1.8384954084936207,-1.8384954084936207,3.8125,5.31875,-0.0014929159466798108,3.3123974005381265,0.29477259516716003,1.0157787680024436e-05,0.0,0.42920367320510344,155.09600320004392
582,9312,73,2.048395867644259,-2.048395867644259,4.5625,4.217708333333333,-0.00043783175411367853,1.9169784784317017,0.3005474805831909,2.9522670956794173e-06,0.0,0.42920367320510344,155.3644503999967
583,9328,66,2.6025995408493627,-2.6025995408493627,4.125,5.161979166666667,-0.0008699379037035252,3.2312978903452554,0.38120195269584656,9.171325928036822e-06,0.0,0.42920367320510344,155.64005849999376
584,9344,66,2.713772015520854,-2.713772015520854,4.125,5.5015625,-0.0009139143777166699,6.124338308970134,0.36371105909347534,6.036927061359165e-06,0.0,0.42920367320510344,155.89645260001998
585,9360,67,2.3130532140544657,-2.3130532140544657,4.1875,4.978571428571429,-0.0009246201808125557,2.5067131519317627,0.35963016748428345,6.496225447942076e-06,0.0,0.42920367320510344,156.14662210003007
586,9376,65,2.2137720155208536,-2.2137720155208536,4.0625,4.561458333333333,-0.0006103463676901585,6.113571008046468,0.33279745777448017,4.683702248560924e-06,0.0,0.42920367320510344,156.40088800003286
587,9392,55,1.4198009183012759,-1.4198009183012759,3.4375,5.635416666666667,-0.0008282538757405552,3.843533515930176,0.2735656102498372,6.921453708249222e-06,0.0,0.42920367320510344,156.6335522000445
588,9408,60,1.9056967859455343,-1.9056967859455343,3.75,5.036458333333333,-0.0007251083734445274,2.794741710027059,0.2448584238688151,5.751629563140644e-06,0.0,0.42920367320510344,156.88637089997064
589,9424,70,2.2497233929727676,-2.2497233929727676,4.375,4.482291666666667,-0.0015576084687687342,2.8990867932637534,0.23411927620569864,1.9150776703706168e-05,0.0,0.42920367320510344,157.15336640004534
590,9440,64,2.2945243112740434,-2.2945243112740434,4,5.466369047619048,-0.0015405059481660526,2.7545505364735923,0.34789679447809857,1.5330306875209015e-05,0.0,0.42920367320510344,157.39944639999885
591,9456,65,2.2588495408493623,-2.2588495408493623,4.0625,5.594791666666667,-0.0012472507460281612,3.332746903101603,0.2868184447288513,1.3557992891340595e-05,0.0,0.42920367320510344,157.6463470000308
592,9472,67,3.276825229575319,-3.276825229575319,4.1875,4.933407738095238,-0.0007916149423824829,7.6844550768534345,0.3528007169564565,6.198915419493763e-06,0.0,0.42920367320510344,157.8993665999733
593,9488,67,2.125,-2.125,4.1875,5.160267857142857,-0.0011371469292535963,2.127753496170044,0.23830758531888327,9.225041746200683e-06,0.0,0.42920367320510344,158.14597359998152
594,9504,72,2.3567477042468115,-2.3567477042468115,4.5,4.812202380952381,-0.00042831124759416345,2.4326444466908774,0.29617805282274884,4.518552790007864e-06,0.0,0.42920367320510344,158.40667030005716
595,9520,71,2.7995022957531903,-2.7995022957531903,4.4375,4.66875,-0.0012213680417681634,2.4113707542419434,0.3244627316792806,1.718562180030858e-05,0.0,0.42920367320510344,158.66864090005402
596,9536,57,1.4375000000000004,-1.4375000000000004,3.5625,5.241666666666667,-0.000706391036646418,1.933412790298462,0.33303677042325336,4.260599174206921e-06,0.0,0.42920367320510344,158.88534170005005
597,9552,73,1.977046326794897,-1.977046326794897,4.5625,4.847470238095238,-0.0009387312347991875,3.167996406555176,0.30162864923477173,1.2031611731799785e-05,0.0,0.42920367320510344,159.148981400067
598,9568,61,2.78982293382213,-2.78982293382213,3.8125,7.0459821428571425,-0.0032998453494913114,3.7220354874928794,0.2496077617009481,4.3224848316943586e-05,0.0,0.42920367320510344,159.39339009998366
599,9584,62,3.1559733929727667,-3.1559733929727667,3.875,6.029166666666667,-0.0006504834163933992,8.325608571370443,0.35296860337257385,1.3877161715451317e-05,0.0,0.42920367320510344,159.63769790006336
600,9600,74,2.9056967859455347,-2.9056967859455347,4.625,4.841815476190476,-0.0017581136723108237,2.0974694887797036,0.3246218065420787,1.2462443161590878e-05,0.0,0.42920367320510344,159.9171750000678
601,9616,67,2.1247233929727676,-2.1247233929727676,4.1875,5.909375,-0.0007555757623758375,5.6016190846761065,0.33014074961344403,9.309148178241836e-06,0.0,0.42920367320510344,160.1710070000263
602,9632,68,1.8614490816987244,-1.8614490816987244,4.25,5.486458333333333,-0.0007316084229387343,1.7541566689809163,0.27926451961199444,9.996634010652391e-06,0.0,0.42920367320510344,160.44126350001898
603,9648,63,1.3882743112740434,-1.3882743112740434,3.9375,5.921577380952381,-0.0008098748075238508,2.1022825241088867,0.3107675611972809,4.54122732662654e-06,0.0,0.42920367320510344,160.71949480008334
604,9664,62,1.9148229338221299,-1.9148229338221299,3.875,5.090625,-0.0015403878254195054,1.9147682984670003,0.22224120299021402,1.2200686493694471e-05,0.0,0.42920367320510344,160.9627410999965
605,9680,65,2.646847245096173,-2.646847245096173,4.0625,5.216666666666667,-0.0009138229458282391,2.5829861958821616,0.2174870620171229,8.180813892977312e-06,0.0,0.42920367320510344,161.21109880006406
606,9696,72,1.754424770424682,-1.754424770424682,4.5,5.358333333333333,-0.000427231735860308,2.1757709980010986,0.34057772159576416,3.8180560295586474e-06,0.0,0.42920367320510344,161.48196990008
607,9712,67,2.303650459150638,-2.303650459150638,4.1875,4.848958333333333,-0.001265457876499454,2.7330052057902017,0.3686239421367645,8.753579853267487e-06,0.0,0.42920367320510344,161.73504649999086
608,9728,61,1.9820243112740432,-1.9820243112740432,3.8125,5.440848214285714,-0.0016675445230808588,1.5676124095916748,0.3141789535681407,1.3591161708366902e-05,0.0,0.42920367320510344,161.97052059997804
609,9744,71,2.548119260617026,-2.548119260617026,4.4375,4.479166666666667,-0.0012614005409233482,9.064215977986654,0.3424326578776042,7.3661757748292684e-06,0.0,0.42920367320510344,162.24253719998524
610,9760,67,3.0799224746714913,-3.0799224746714913,4.1875,5.352529761904762,-0.0005647637784325829,8.824689229329428,0.39934346079826355,3.935537430758511e-06,0.0,0.42920367320510344,162.49591569998302
611,9776,62,1.54507752532851,-1.54507752532851,3.875,5.692261904761905,-0.0037285401886428815,2.6996211210886636,0.32000450293223065,5.7535227824700996e-05,0.0,0.42920367320510344,162.7410636000568
612,9792,54,1.4239490816987241,-1.4239490816987241,3.375,6.172916666666667,-0.0019178993620529994,1.9665180842081706,0.291935274998347,1.2052906943911998e-05,0.0,0.42920367320510344,162.95807489997242
613,9808,65,1.2898229338221299,-1.2898229338221299,4.0625,4.728125,-0.0006671074270390154,2.4441646734873452,0.30720577637354535,4.025290801716134e-06,0.0,0.42920367320510344,163.20593639998697
614,9824,59,2.0846238521234053,-2.0846238521234053,3.6875,5.626041666666667,-0.00015848100728706646,4.005176464716594,0.24544722338517508,2.2367316887539346e-06,0.0,0.42920367320510344,163.44392350001726
615,9840,66,2.4637720155208536,-2.4637720155208536,4.125,5.151190476190476,-0.0006850753129447421,3.391005833943685,0.20499525467554727,3.515846780525559e-06,0.0,0.42920367320510344,163.70166680007242
616,9856,68,2.423949081698725,-2.423949081698725,4.25,5.790922619047619,-0.0004298032333334885,3.2924501101175943,0.3170245289802551,3.621055232846023e-06,0.0,0.42920367320510344,163.9545488000149
617,9872,64,2.8025440310417067,-2.8025440310417067,4,5.043154761904762,-0.00048399964968363446,6.095354874928792,0.2633407811323802,3.729672850264857e-06,0.0,0.42920367320510344,164.1937630000757
618,9888,64,1.6922013774519136,-1.6922013774519136,4,5.238020833333334,-0.0012402595020830631,1.953304648399353,0.23552597562472025,7.186395426591237e-06,0.0,0.42920367320510344,164.45246170007158
619,9904,66,1.883296326794897,-1.883296326794897,4.125,4.92827380952381,-0.000259759752262075,7.065124034881592,0.23774248858292898,2.2716275225320715e-06,0.0,0.42920367320510344,164.70503050007392
620,9920,59,2.6819688014663887,-2.6819688014663887,3.6875,5.237797619047619,-0.0014882155208676788,6.761379559834798,0.3091343641281128,7.667447259033603e-06,0.0,0.42920367320510344,164.9382521000225
621,9936,68,2.1061944901923457,-2.1061944901923457,4.25,4.526041666666667,-0.0008031942096411449,4.182745615641276,0.28524090846379596,4.4099403263923404e-06,0.0,0.42920367320510344,165.19774229999166
622,9952,69,2.245851836602552,-2.245851836602552,4.3125,4.649553571428571,-0.0009654610795148955,4.151082356770833,0.3026222288608551,9.642599252401851e-06,0.0,0.42920367320510344,165.4601432000054
623,9968,68,1.9239490816987241,-1.9239490816987241,4.25,5.553125,-0.0014358210176521613,2.594860871632894,0.322971632083257,1.722599851442889e-05,0.0,0.42920367320510344,165.70930170000065
624,9984,54,0.9507743112740434,-0.9507743112740434,3.375,5.705208333333333,-0.001612160702660977,2.1196767489115396,0.23327921827634177,1.8670511053642258e-05,0.0,0.42920367320510344,165.9254778000759
625,10000,63,2.334900459150638,-2.334900459150638,3.9375,4.914583333333333,-0.0005130313705497732,3.33502467473348,0.2747159500916799,7.967755209392635e-06,0.0,0.42920367320510344,166.15552270004991
626,10016,65,2.146847245096173,-2.146847245096173,4.0625,4.6078125,-0.0010861384795787614,5.024173418680827,0.29543229937553406,6.495037723652786e-06,0.0,0.42920367320510344,166.39342660002876
627,10032,56,1.915652754903828,-1.915652754903828,3.5,6.498958333333333,-0.0019058713500961961,2.7262399991353354,0.26993592580159503,1.2798123407264939e-05,0.0,0.42920367320510344,166.62701479997486
628,10048,63,2.883019719767664,-2.883019719767664,3.9375,5.273363095238095,-0.00043038180465633974,6.470142364501953,0.264690637588501,3.4925828155489094e-06,0.0,0.42920367320510344,166.86349150002934
629,10064,61,1.9236724746714913,-1.9236724746714913,3.8125,5.404761904761905,-0.0021286480557532648,3.544491688410441,0.33926670749982196,1.698025516816415e-05,0.0,0.42920367320510344,167.0938739000121
630,10080,64,1.2768252295753193,-1.2768252295753193,4,4.658333333333333,-0.000799158588051796,2.232160727183024,0.28653137882550556,7.891872276862463e-06,0.0,0.42920367320510344,167.32777099998202
631,10096,72,3.2497233929727676,-3.2497233929727676,4.5,4.256994047619048,-0.0015186413656920195,5.4640913009643555,0.29219664136568707,8.796566059269631e-06,0.0,0.42920367320510344,167.58917130006012
632,10112,69,1.9637720155208536,-1.9637720155208536,4.3125,4.893005952380952,-0.0002861224562490013,2.5878403981526694,0.28301191329956055,1.3307924670395248e-06,0.0,0.42920367320510344,167.85385569999926
633,10128,71,3.0931967859455347,-3.0931967859455347,4.4375,4.652380952380953,-0.0020663895471537685,4.739307880401611,0.30762829383214313,2.1643132640747353e-05,0.0,0.42920367320510344,168.12213090003934
634,10144,65,1.9867256887259575,-1.9867256887259575,4.0625,5.594345238095238,-0.0014688005730606097,2.43018905321757,0.3130764464537303,1.3402249957531845e-05,0.0,0.42920367320510344,168.3939737000037
635,10160,66,2.3785949493429834,-2.3785949493429834,4.125,4.853422619047619,-0.0006933121967265995,9.42641830444336,0.28952956199645996,4.808185546304837e-06,0.0,0.42920367320510344,168.65669510001317
636,10176,68,1.6025995408493625,-1.6025995408493625,4.25,5.207886904761905,-0.0010902364795351005,2.1632212003072104,0.2567855815092723,1.0197224279788012e-05,0.0,0.42920367320510344,168.94071740005165
637,10192,61,2.2051990816987246,-2.2051990816987246,3.8125,4.698958333333334,-0.00028244719821183634,4.181277434031169,0.258038471142451,6.262518430351823e-06,0.0,0.42920367320510344,169.18471579998732
638,10208,56,2.401548622548086,-2.401548622548086,3.5,5.847916666666666,-0.0006225123125614592,5.197877566019694,0.2493206411600113,5.642262597878774e-06,0.0,0.42920367320510344,169.4165895000333
639,10224,61,1.2986724746714917,-1.2986724746714917,3.8125,4.682291666666667,-0.00033018368365015743,2.0270074208577475,0.2579517563184102,1.6740292683910714e-06,0.0,0.42920367320510344,169.65677350002807
640,10240,62,1.8744467859455343,-1.8744467859455343,3.875,4.933928571428571,-0.0011227137424173843,2.4815593560536704,0.26377103726069134,5.031465245034876e-06,0.0,0.42920367320510344,169.8940458999714
641,10256,59,0.7632743112740433,-0.7632743112740433,3.6875,4.504166666666666,-0.0009522327204839106,2.6907735665639243,0.26342172423998517,6.138005346656428e-06,0.0,0.42920367320510344,170.12099890003446
642,10272,60,1.70907063806894,-1.70907063806894,3.75,5.703720238095238,-0.0011879136371943193,1.7240933179855347,0.2011045217514038,1.0976692313609723e-05,0.0,0.42920367320510344,170.35232260008343
643,10288,68,1.3307522957531903,-1.3307522957531903,4.25,5.317708333333333,-0.001837418617808358,2.2956716219584146,0.2722414235273997,1.9139747867787566e-05,0.0,0.42920367320510344,170.60775680001825
644,10304,69,2.9115045915063797,-2.9115045915063797,4.3125,5.1433035714285715,-0.0011609447476058261,4.495351473490397,0.30730103453000385,1.2485422606308324e-05,0.0,0.42920367320510344,170.86886709998362
645,10320,60,2.669524311274043,-2.669524311274043,3.75,5.503125,-0.001220451453183576,4.761746883392334,0.3012645939985911,2.0834968684842654e-05,0.0,0.42920367320510344,171.10008380003273
646,10336,72,2.454369260617026,-2.454369260617026,4.5,4.822222222222222,-0.0006850587896122621,3.8717620372772217,0.23341221113999686,2.2701599543021683e-05,0.0,0.42920367320510344,171.3671593000181
647,10352,60,1.4330752295753186,-1.4330752295753186,3.75,5.976041666666666,-0.001247496077687445,1.766196568806966,0.2278976341088613,1.237673844419381e-05,0.0,0.42920367320510344,171.5983608000679
648,10368,52,1.7275995408493623,-1.7275995408493623,3.25,4.802083333333333,-0.0003760422573228321,2.3172477881113687,0.2524266242980957,4.479900477842118e-06,0.0,0.42920367320510344,171.8020704999799
649,10384,59,1.4192477042468106,-1.4192477042468106,3.6875,6.129464285714286,-0.0006327298884200397,3.3687294324239097,0.31587234139442444,5.7221723182010464e-06,0.0,0.42920367320510344,172.03081520006526
650,10400,70,2.512444490192345,-2.512444490192345,4.375,5.7683035714285715,-0.0007484506937630956,3.9006272157033286,0.32474836707115173,4.833901281623791e-06,0.0,0.42920367320510344,172.30487970006652
651,10416,62,2.486449081698724,-2.486449081698724,3.875,6.061904761904762,-0.001160695226311977,7.050393422444661,0.2687271436055501,1.2302189891973589e-05,0.0,0.42920367320510344,172.54808760003652
652,10432,67,1.7853981633974483,-1.7853981633974483,4.1875,4.896875,-0.0009050422729762012,1.7370477120081584,0.26572824517885846,1.4390633926571658e-05,0.0,0.42920367320510344,172.80679190007504
653,10448,61,2.0348449493429825,-2.0348449493429825,3.8125,5.2040178571428575,-0.000674498551989681,2.877033074696859,0.24705615639686584,8.31053224222463e-06,0.0,0.42920367320510344,173.0474979999708
654,10464,55,1.3260509183012759,-1.3260509183012759,3.4375,5.752083333333333,-0.0012735981176691762,1.8128811915715535,0.29826531807581586,6.079093054722762e-06,0.0,0.42920367320510344,173.26761600002646
655,10480,69,2.6601215563702163,-2.6601215563702163,4.3125,4.9245535714285715,-0.00044919498833362326,2.835329532623291,0.2389067461093267,4.892403846194308e-06,0.0,0.42920367320510344,173.5312371000182
656,10496,69,2.3443032140544657,-2.3443032140544657,4.3125,4.233928571428572,-0.00132400179754244,2.5562757651011148,0.2621340254942576,1.1606186944845831e-05,0.0,0.42920367320510344,173.7794903999893
657,10512,61,1.7635509183012759,-1.7635509183012759,3.8125,4.566666666666666,-0.0012461279208461444,1.4860968589782715,0.2884753743807475,5.143959166768279e-06,0.0,0.42920367320510344,174.0079882000573
658,10528,70,2.9817477042468106,-2.9817477042468106,4.375,5.645089285714286,-0.0010044155049226215,4.928040822347005,0.3150877257188161,8.942045193786422e-06,0.0,0.42920367320510344,174.27268729999196
659,10544,69,2.2411504591506377,-2.2411504591506377,4.3125,5.091964285714286,-0.0005864262057002634,4.550702412923177,0.34379974007606506,7.733810889476445e-06,0.0,0.42920367320510344,174.5371976000024
660,10560,55,1.5580752295753193,-1.5580752295753193,3.4375,5.75,-0.0009285032590427752,2.3381242752075195,0.2872190574804942,1.1345790577858375e-05,0.0,0.42920367320510344,174.75114760000724
661,10576,59,2.0660949493429825,-2.0660949493429825,3.6875,6.770907738095238,-0.0011647449688603946,4.167495568593343,0.29057292143503827,8.583152824333714e-06,0.0,0.42920367320510344,174.98180289997254
662,10592,66,2.566648163397449,-2.566648163397449,4.125,5.348958333333333,-0.0010750486651870024,3.8805879751841226,0.2936742305755615,8.809163925131239e-06,0.0,0.42920367320510344,175.2280296999961
663,10608,58,1.7632743112740437,-1.7632743112740437,3.625,5.330208333333333,-0.0023062071942288043,2.462671995162964,0.3230782349904378,3.593727645541852e-05,0.0,0.42920367320510344,175.4579422000097
664,10624,59,1.9767697197676646,-1.9767697197676646,3.6875,4.9592261904761905,-0.0010807850676997077,1.8722105820973713,0.2952650785446167,1.5235706086969003e-05,0.0,0.42920367320510344,175.6856840000255
665,10640,80,2.8163715563702154,-2.8163715563702154,5,5.171502976190476,-0.0010679657182966669,3.631882111231486,0.3118782540162404,1.063306505481402e-05,0.0,0.42920367320510344,175.98319200007245
666,10656,61,1.946072933822129,-1.946072933822129,3.8125,5.328125,-0.001249379442134509,3.874335289001465,0.2594541708628337,2.1014351962852135e-05,0.0,0.42920367320510344,176.22008310002275
667,10672,76,3.5586284436297846,-3.5586284436297846,4.75,5.086755952380952,-0.0006297947200657461,11.152432441711426,0.2804611126581828,1.4184728873563776e-05,0.0,0.42920367320510344,176.515200200025
668,10688,56,2.245575229575319,-2.245575229575319,3.5,6.415625,-0.0005225014271369824,3.7423322995503745,0.24136889974276224,4.588371211866615e-06,0.0,0.42920367320510344,176.75247669999953
669,10704,78,2.5085729338221303,-2.5085729338221303,4.875,5.49375,-0.000722472497230194,2.794621467590332,0.35504698753356934,7.140991328924429e-06,0.0,0.42920367320510344,177.046088000061
670,10720,66,3.0978981633974483,-3.0978981633974483,4.125,4.721577380952381,-0.0014646414495681863,12.279488563537598,0.21263117591540018,1.3318791995213056e-05,0.0,0.42920367320510344,177.30338639998809
671,10736,61,1.6606747704246811,-1.6606747704246811,3.8125,5.680059523809524,-0.0005140607347051684,3.6924737294514975,0.28376559416453045,2.118611291734851e-06,0.0,0.42920367320510344,177.54474140005186
672,10752,60,1.8974004591506386,-1.8974004591506386,3.75,6.3,-0.001445646095090088,2.7132461071014404,0.3116781413555145,2.266979845444439e-05,0.0,0.42920367320510344,177.78123299998697
673,10768,53,1.5575220155208536,-1.5575220155208536,3.3125,5.8875,-0.0015075818024889998,5.4436187744140625,0.2526646951834361,1.3142215266270796e-05,0.0,0.42920367320510344,177.9889816000359
674,10784,65,1.8163715563702156,-1.8163715563702156,4.0625,4.84375,-0.0013435189618179837,2.2538277308146157,0.21438755095005035,1.0352997075339468e-05,0.0,0.42920367320510344,178.2336203000741
675,10800,61,1.2226215563702156,-1.2226215563702156,3.8125,5.713541666666667,-0.0007991618244602705,2.5872310797373452,0.2708655794461568,6.310031267275917e-06,0.0,0.42920367320510344,178.46910720004234
676,10816,67,2.8072454084936203,-2.8072454084936203,4.1875,4.719791666666667,-0.0004779352628121458,4.100001494089763,0.30202921231587726,1.1033735214975119e-05,0.0,0.42920367320510344,178.71220349997748
677,10832,62,1.7588495408493623,-1.7588495408493623,3.875,4.79375,-0.0003473193181916893,3.335358460744222,0.21849305927753448,5.722887029454189e-06,0.0,0.42920367320510344,178.9410755999852
678,10848,62,1.7096238521234053,-1.7096238521234053,3.875,6.627083333333333,-0.0010385763110415762,4.152629852294922,0.23222608864307404,8.897433796543433e-06,0.0,0.42920367320510344,179.18061270006
679,10864,69,1.7497233929727678,-1.7497233929727678,4.3125,4.980357142857143,-0.001039758379456283,2.7633514404296875,0.21982884407043457,7.477738260301218e-06,0.0,0.42920367320510344,179.43119979999028
680,10880,64,0.9416481633974483,-0.9416481633974483,4,5.052083333333333,-0.00020030265053113302,1.6755025784174602,0.3126029372215271,2.9136620772381625e-06,0.0,0.42920367320510344,179.6879528000718
681,10896,69,2.28982293382213,-2.28982293382213,4.3125,4.920238095238095,-0.0006794702089593466,5.497301896413167,0.3074979782104492,6.772037901707033e-06,0.0,0.42920367320510344,180.01799289998598
682,10912,74,2.753871556370216,-2.753871556370216,4.625,4.851339285714285,-0.00019076385718600855,5.724784692128499,0.20382015903790793,1.3105889896299534e-06,0.0,0.42920367320510344,180.28552839998156
683,10928,62,1.8169247704246816,-1.8169247704246816,3.875,4.935416666666667,-0.0007319649104378101,2.076025644938151,0.2533973256746928,5.023694181242415e-06,0.0,0.42920367320510344,180.5282518999884
684,10944,59,0.8926990816987247,-0.8926990816987247,3.6875,5.3568452380952385,-0.0016895269792224592,1.541252573331197,0.2994896471500397,1.713172635694112e-05,0.0,0.42920367320510344,180.7708922000602
685,10960,58,1.8122233929727674,-1.8122233929727674,3.625,5.863541666666666,-0.002293112532546123,2.002341945966085,0.3320309519767761,3.328257965525457e-05,0.0,0.42920367320510344,181.00941910000984
686,10976,67,1.986449081698724,-1.986449081698724,4.1875,5.547916666666667,-0.001644836428264777,2.6697874069213867,0.35001633564631146,2.24819965903104e-05,0.0,0.42920367320510344,181.27572140004486
687,10992,74,3.1512720155208536,-3.1512720155208536,4.625,4.385416666666667,-0.0010577633799696191,4.174728552500407,0.2613014380137126,1.4702847693115473e-05,0.0,0.42920367320510344,181.55396829999518
688,11008,60,1.7983958676442593,-1.7983958676442593,3.75,5.784375,-0.001547025025097663,1.6319565375645955,0.29090285301208496,2.7073422340132918e-05,0.0,0.42920367320510344,181.7805004999973
689,11024,68,2.2275995408493623,-2.2275995408493623,4.25,5.734672619047619,-0.0010496406843338117,2.522636810938517,0.3086220423380534,8.149912749407425e-06,0.0,0.42920367320510344,182.0307799000293
690,11040,65,1.6731192606170264,-1.6731192606170264,4.0625,5.155208333333333,-0.0005007645919716808,1.45414404074351,0.3205854694048564,5.666338514250431e-06,0.0,0.42920367320510344,182.2711069000652
691,11056,55,1.7275995408493625,-1.7275995408493625,3.4375,5.857291666666667,-0.0007384820287397176,4.229793866475423,0.2730248769124349,6.042816039553145e-06,0.0,0.42920367320510344,182.49441990000196
692,11072,70,2.843196785945535,-2.843196785945535,4.375,4.898958333333334,-0.0011872019125374795,7.383162180582683,0.2316604902346929,1.138448275620855e-05,0.0,0.42920367320510344,182.75591910001822
693,11088,59,1.888274311274043,-1.888274311274043,3.6875,6.133184523809524,-0.000706298213312806,2.5399672985076904,0.30194592475891113,3.842805275174517e-06,0.0,0.42920367320510344,182.99040610005613
694,11104,61,2.418694490192345,-2.418694490192345,3.8125,6.1449404761904765,-0.0008708700862752513,5.802263895670573,0.23169506589571634,9.01729951389522e-06,0.0,0.42920367320510344,183.22642830002587
695,11120,62,1.5622233929727676,-1.5622233929727676,3.875,5.306597222222222,-0.0006179315956830559,2.165480454762777,0.24797816574573517,4.4295303875211784e-06,0.0,0.42920367320510344,183.46219640003983
696,11136,63,2.7668692606170255,-2.7668692606170255,3.9375,5.940625,-0.00034434958770705276,4.881667613983154,0.2689339816570282,5.439474534796318e-06,0.0,0.42920367320510344,183.7055396999931
697,11152,65,1.9239490816987241,-1.9239490816987241,4.0625,5.472916666666666,-0.0018131109360511506,2.5552918910980225,0.32712005575497943,1.2891949154436588e-05,0.0,0.42920367320510344,183.95595940004569
698,11168,66,2.1023229338221294,-2.1023229338221294,4.125,5.844047619047619,-0.001082091893285823,4.014837265014648,0.2423588434855143,3.854456311576845e-05,0.0,0.42920367320510344,184.20525940007064
699,11184,61,1.659844949342983,-1.659844949342983,3.8125,5.082291666666666,-0.0007386520208190935,2.3982258637746177,0.2897931436697642,4.218904071725167e-06,0.0,0.42920367320510344,184.45750400004908
700,11200,55,2.0445243112740434,-2.0445243112740434,3.4375,6.225,-0.0003031369328683198,6.308754762013753,0.24216622610886893,2.4398167776477444e-06,0.0,0.42920367320510344,184.6813858000096
701,11216,60,1.772400459150638,-1.772400459150638,3.75,4.733333333333333,-0.0011477092992410547,3.4024318854014077,0.2885327935218811,7.695435366864936e-06,0.0,0.42920367320510344,184.93536460003816
702,11232,80,2.566371556370216,-2.566371556370216,5,4.8394345238095235,-0.0009848413096430104,1.8212170998255413,0.29652004440625507,7.749348848543983e-06,0.0,0.42920367320510344,185.2402894999832
703,11248,58,1.4955752295753193,-1.4955752295753193,3.625,7.227529761904762,-0.0015996975125744939,3.4148890177408853,0.3774148424466451,1.5574110117692424e-05,0.0,0.42920367320510344,185.47388409997802
704,11264,65,2.1111724746714913,-2.1111724746714913,4.0625,5.092708333333333,-0.0003625698554783341,3.0076348781585693,0.21501652896404266,6.2910410936941235e-06,0.0,0.42920367320510344,185.715805200045
705,11280,73,2.468750000000001,-2.468750000000001,4.5625,5.1275297619047615,-0.001745410191243894,2.2429839769999185,0.26233500242233276,2.012732693401631e-05,0.0,0.42920367320510344,185.98043060000055
706,11296,63,2.142145867644259,-2.142145867644259,3.9375,4.348214285714286,-0.0010377064476001507,7.776487827301025,0.18161619702974954,7.851335340092191e-06,0.0,0.42920367320510344,186.21505680005066
707,11312,74,1.6827986225480864,-1.6827986225480864,4.625,4.225744047619048,-0.0015980134044800327,5.247684955596924,0.26741020878156024,2.02758825859443e-05,0.0,0.42920367320510344,186.47900340007618
708,11328,62,1.7134954084936211,-1.7134954084936211,3.875,6.45,-0.0009117801066598948,4.365426063537598,0.3254634340604146,1.0901761622032305e-05,0.0,0.42920367320510344,186.7178385000443
709,11344,62,1.9410949493429828,-1.9410949493429828,3.875,5.816666666666666,-0.00127392525093691,2.4812119801839194,0.28260300556818646,2.1337741600291338e-05,0.0,0.42920367320510344,186.95083490002435
710,11360,69,1.8216261478765956,-1.8216261478765956,4.3125,5.043055555555555,-0.0013148692528748285,2.9790549278259277,0.32706934213638306,1.5722704726310138e-05,0.0,0.42920367320510344,187.2070961999707
711,11376,63,2.6147674240144743,-2.6147674240144743,3.9375,5.973958333333333,-0.0006764754840841528,4.112817446390788,0.287870059410731,6.9709446203584475e-06,0.0,0.42920367320510344,187.44931509997696
712,11392,66,1.977876147876595,-1.977876147876595,4.125,5.519047619047619,-0.0016572430607570965,1.9029043912887573,0.26696673035621643,1.8462387743056752e-05,0.0,0.42920367320510344,187.70094430004247
713,11408,66,2.4103981633974483,-2.4103981633974483,4.125,5.01875,-0.0005139955463514904,2.6434518496195474,0.3007618983586629,1.739813130067584e-05,0.0,0.42920367320510344,187.949767800048
714,11424,71,2.5448009183012767,-2.5448009183012767,4.4375,5.597916666666666,-0.0013307193113805127,4.409543991088867,0.3146393497784932,1.747512730313853e-05,0.0,0.42920367320510344,188.22733700007666
715,11440,58,1.589325229575319,-1.589325229575319,3.625,5.745833333333334,-0.0003498032198677355,3.5593818028767905,0.2657947838306427,7.752109771293666e-06,0.0,0.42920367320510344,188.46492900000885
716,11456,66,1.5707963267948966,-1.5707963267948966,4.125,5.340922619047619,-0.001756815038705876,2.367130994796753,0.3248569071292877,1.634321430780498e-05,0.0,0.42920367320510344,188.72934389999136
717,11472,69,2.40625,-2.40625,4.3125,6.507440476190476,-0.0009736637146199693,3.6122170289357505,0.3418477574984233,9.681507890491048e-06,0.0,0.42920367320510344,188.9969142000191
718,11488,68,3.150995408493621,-3.150995408493621,4.25,4.988541666666666,-0.0005587587577025784,3.270216703414917,0.21884292860825857,4.154100300487092e-06,0.0,0.42920367320510344,189.25928030000068
719,11504,68,2.2724004591506377,-2.2724004591506377,4.25,4.737946428571429,-0.0011900476426543645,3.727254867553711,0.3296489914258321,2.0998945728933904e-05,0.0,0.42920367320510344,189.52289969997946
720,11520,62,1.7945243112740434,-1.7945243112740434,3.875,4.7625,-0.0008049860505276266,4.285144170125325,0.2456940064827601,1.1522243009191394e-05,0.0,0.42920367320510344,189.77048659999855
721,11536,68,2.472621556370216,-2.472621556370216,4.25,5.992782738095238,-0.0013411804946941903,2.5879205067952475,0.2954029639561971,2.6353543338094216e-05,0.0,0.42920367320510344,190.0263205000665
722,11552,62,1.2809733929727674,-1.2809733929727674,3.875,4.805803571428571,-0.002003423683094733,1.6983719666798909,0.27327706416447956,2.7978853419578325e-05,0.0,0.42920367320510344,190.25794260005932
723,11568,65,2.0619467859455347,-2.0619467859455347,4.0625,4.583333333333333,-0.0007359701695328624,3.4306694666544595,0.26376065611839294,1.5658369496425923e-05,0.0,0.42920367320510344,190.50677560002077
724,11584,56,1.125,-1.125,3.5,5.114583333333333,-0.0016574568858018779,1.7648512919743855,0.28413238128026325,3.820101604408895e-05,0.0,0.42920367320510344,190.72222760005388
725,11600,82,2.0705197197676646,-2.0705197197676646,5.125,4.010416666666667,-0.0005168585398713788,2.304458220799764,0.2295316457748413,7.285032400735266e-06,0.0,0.42920367320510344,191.01388029998634
726,11616,57,2.1653761478765947,-2.1653761478765947,3.5625,4.830505952380952,-0.0016465758256701453,6.254716555277507,0.27084075411160785,1.9166811398463324e-05,0.0,0.42920367320510344,191.23450710007455
727,11632,71,2.1869467859455343,-2.1869467859455343,4.4375,5.079464285714286,-0.0010047423762067353,3.308708985646566,0.3247690399487813,7.785567883426362e-06,0.0,0.42920367320510344,191.50268080004025
728,11648,68,2.691371556370216,-2.691371556370216,4.25,6.355952380952381,-0.00026609208041058113,5.557379086812337,0.23340603709220886,1.2395720811279414e-06,0.0,0.42920367320510344,191.7576852000784
729,11664,69,2.303097245096172,-2.303097245096172,4.3125,5.930208333333334,-0.0011968434448602256,2.8555990854899087,0.2794845700263977,8.807413981533804e-06,0.0,0.42920367320510344,192.01245520007797
730,11680,63,1.5318032140544655,-1.5318032140544655,3.9375,4.75625,-0.000663665534125002,2.0000081857045493,0.2755744755268097,8.50745921828396e-06,0.0,0.42920367320510344,192.25022579997312
731,11696,66,1.7809733929727674,-1.7809733929727674,4.125,5.334672619047619,-0.0015188711248524573,2.252912918726603,0.2238736649354299,1.8651060599950142e-05,0.0,0.42920367320510344,192.5205649000127
732,11712,60,1.8252210972195781,-1.8252210972195781,3.75,5.253125,-0.0008218321625873178,2.0578178564707437,0.2732152044773102,5.456225835587247e-06,0.0,0.42920367320510344,192.76589370006695
733,11728,63,2.151272015520854,-2.151272015520854,3.9375,6.156845238095238,-0.001255897630779786,6.440155188242595,0.2329390992720922,8.246610074517472e-06,0.0,0.42920367320510344,193.01937950006686
734,11744,54,1.6650995408493618,-1.6650995408493618,3.375,6.297916666666667,-0.001148160434195707,2.513181130091349,0.23505355914433798,1.956025820012049e-05,0.0,0.42920367320510344,193.2431122000562
735,11760,63,1.4513275253285087,-1.4513275253285087,3.9375,4.930208333333334,-0.0005794126505313338,2.029456456502279,0.26402170459429425,5.3862573471027036e-06,0.0,0.42920367320510344,193.48952890001237
736,11776,57,1.1742256887259575,-1.1742256887259575,3.5625,6.067708333333333,-0.001622045579453631,1.4225571155548096,0.17334974805514017,2.2783265194448177e-05,0.0,0.42920367320510344,193.71064629999455
737,11792,57,1.392975688725957,-1.392975688725957,3.5625,4.922916666666667,-0.0008907018607885083,3.3371499379475913,0.24810828268527985,8.267791751374412e-06,0.0,0.42920367320510344,193.93810730008408
738,11808,60,0.4375000000000001,-0.4375000000000001,3.75,5.182142857142857,-0.0003774977360298711,1.7481520573298137,0.3289807637532552,3.601465702255761e-06,0.0,0.42920367320510344,194.17743989999872
739,11824,59,1.4551990816987246,-1.4551990816987246,3.6875,5.030208333333333,-0.0009877038728260956,1.6538822253545125,0.2177081604798635,5.839234593925842e-06,0.0,0.42920367320510344,194.40373949997593
740,11840,68,1.4773229338221294,-1.4773229338221294,4.25,4.780654761904762,-0.0010228446723582845,2.1491108735402427,0.31775715947151184,1.7606159720647458e-05,0.0,0.42920367320510344,194.6786120000761
741,11856,55,0.8122233929727672,-0.8122233929727672,3.4375,5.322916666666667,-0.0012808886483644717,1.310797890027364,0.26916979749997455,1.121660079661524e-05,0.0,0.42920367320510344,194.89249190001283
742,11872,56,1.09375,-1.09375,3.5,5.079166666666667,-0.0005878153301418129,2.70304799079895,0.15375656882921854,6.551188865463094e-06,0.0,0.42920367320510344,195.11025370005518
743,11888,66,2.3075220155208536,-2.3075220155208536,4.125,4.900297619047619,-0.00046628412603647956,4.03762165705363,0.21348545451958975,1.0616174222377595e-05,0.0,0.42920367320510344,195.3598490000004
744,11904,66,1.5619467859455352,-1.5619467859455352,4.125,4.346726190476191,-0.0004440636507521134,1.7252366542816162,0.20285679896672568,4.382446604722645e-06,0.0,0.42920367320510344,195.6103595000459
745,11920,61,2.2408738521234053,-2.2408738521234053,3.8125,5.141666666666667,-0.0012978334870451154,5.22051461537679,0.27945496638615924,7.58835759976743e-06,0.0,0.42920367320510344,195.8408003000077
746,11936,62,1.7190266070272326,-1.7190266070272326,3.875,5.14985119047619,-0.0006700702919436216,4.097044467926025,0.25573615233103436,1.043561981835713e-05,0.0,0.42920367320510344,196.07327410008293
747,11952,58,2.2806967859455343,-2.2806967859455343,3.625,4.848958333333333,-0.0006408410691444525,6.175073146820068,0.26480679710706073,2.6517241925224275e-06,0.0,0.42920367320510344,196.3187947999686
748,11968,59,1.8440266070272329,-1.8440266070272329,3.6875,5.941964285714286,-0.001559869694723659,3.785806179046631,0.3684050142765045,1.0278360302133175e-05,0.0,0.42920367320510344,196.56349109997973
749,11984,67,2.673119260617026,-2.673119260617026,4.1875,5.853720238095238,-0.0002174840114121205,7.569003899892171,0.28257707754770917,4.17152811375369e-06,0.0,0.42920367320510344,196.8398528000107
750,12000,68,2.981194490192345,-2.981194490192345,4.25,6.216964285714286,-0.0009998223532046897,3.331486622492472,0.306504487991333,1.0505254673868572e-05,0.0,0.42920367320510344,197.10743850003928
751,12016,69,2.116703673205104,-2.116703673205104,4.3125,5.64375,-0.0017680033432897109,3.80194624265035,0.2399278531471888,2.0559643720237848e-05,0.0,0.42920367320510344,197.38198549998924
752,12032,60,2.2458518366025517,-2.2458518366025517,3.75,5.446875,-0.0013749072949090408,4.397952874501546,0.2753001848856608,1.199766999585942e-05,0.0,0.42920367320510344,197.63726200000383
753,12048,59,1.4778761478765952,-1.4778761478765952,3.6875,6.125,-0.0007197088903960017,2.251242240269979,0.2538766960302989,7.986011951288674e-06,0.0,0.42920367320510344,197.87749780004378
754,12064,69,2.1238935718910694,-2.1238935718910694,4.3125,4.814583333333333,-0.0009192001161162366,3.495238780975342,0.20914843181769052,7.819996350614625e-06,0.0,0.42920367320510344,198.14315530005842
755,12080,68,2.1025995408493623,-2.1025995408493623,4.25,4.755208333333333,-0.0011266137235888725,2.3367953300476074,0.2595033347606659,9.992981479930071e-06,0.0,0.42920367320510344,198.40175319998525
756,12096,66,1.745298622548086,-1.745298622548086,4.125,5.069642857142857,-0.0008832047560550412,2.4564528465270996,0.25721598664919537,8.243051676496785e-06,0.0,0.42920367320510344,198.65166610002052
757,12112,67,2.2762720155208536,-2.2762720155208536,4.1875,6.25,-0.0014974252669492927,2.4657981395721436,0.3353564441204071,1.430593041125879e-05,0.0,0.42920367320510344,198.91050420003012
758,12128,59,2.5528206380689404,-2.5528206380689404,3.6875,7.1164434523809526,-0.0014802220732625198,8.458001136779785,0.2694959541161855,1.4383997950062621e-05,0.0,0.42920367320510344,199.1317410999909
759,12144,60,1.2942477042468106,-1.2942477042468106,3.75,5.928125,-0.0003137277196702352,2.366305669148763,0.2572883665561676,3.337197843696534e-06,0.0,0.42920367320510344,199.3631779999705
760,12160,62,2.178650459150638,-2.178650459150638,3.875,5.059375,-0.001289166765467679,2.946963389714559,0.1606795440117518,8.810752357627885e-06,0.0,0.42920367320510344,199.61547050008085
761,12176,67,2.771294031041707,-2.771294031041707,4.1875,5.230803571428572,-0.0005340273907599169,5.870882511138916,0.2047743151585261,3.8002594161904804e-06,0.0,0.42920367320510344,199.87135829997715
762,12192,57,1.3564710972195777,-1.3564710972195777,3.5625,6.791964285714286,-0.0007697441611759596,1.6958857377370198,0.24212856590747833,4.128035698158783e-06,0.0,0.42920367320510344,200.0971334000351
763,12208,59,2.4416481633974483,-2.4416481633974483,3.6875,5.684449404761905,-0.0012935800530478048,7.894456227620442,0.27097781499226886,1.5474982622739237e-05,0.0,0.42920367320510344,200.33184480003547
764,12224,60,1.4823009183012759,-1.4823009183012759,3.75,5.2125,-0.0008381008972513371,1.222079912821452,0.24856090048948923,5.299515199415812e-06,0.0,0.42920367320510344,200.57151340006385
765,12240,61,1.8172013774519138,-1.8172013774519138,3.8125,5.159077380952381,-0.0008398248830587818,6.556057294209798,0.2718474864959717,6.553742499211997e-06,0.0,0.42920367320510344,200.81383910006844
766,12256,63,1.2051990816987241,-1.2051990816987241,3.9375,4.873958333333333,-0.002286459432628618,4.655088106791179,0.2903619309266408,2.596476072843264e-05,0.0,0.42920367320510344,201.07439870003145
767,12272,70,2.9455197197676637,-2.9455197197676637,4.375,4.633928571428571,-0.0016887642409919579,2.586158275604248,0.28399158517519635,1.6203345542938525e-05,0.0,0.42920367320510344,201.33942079998087
768,12288,79,2.5931967859455356,-2.5931967859455356,4.9375,4.149007936507936,-0.0011942851647464003,1.7639368772506714,0.25084171692530316,8.17237158419933e-06,0.0,0.42920367320510344,201.63190679997206
769,12304,53,2.0306967859455343,-2.0306967859455343,3.3125,6.001785714285714,-0.0006197518475043277,4.834653854370117,0.12797527511914572,3.857104502458242e-06,0.0,0.42920367320510344,201.85008770006243
770,12320,69,2.4103981633974483,-2.4103981633974483,4.3125,4.578125,-0.0015318278658568534,3.06528647740682,0.24212359388669333,1.8133777606029373e-05,0.0,0.42920367320510344,202.112576500047
771,12336,65,2.2231747704246816,-2.2231747704246816,4.0625,6.411755952380952,-0.0018504600440604573,4.503654956817627,0.23745250701904297,1.8605990893168684e-05,0.0,0.42920367320510344,202.36821530002635
772,12352,64,1.428650459150639,-1.428650459150639,4,5.519791666666666,-0.0015797638334333897,2.7651596864064536,0.24171618123849234,1.1235630760590235e-05,0.0,0.42920367320510344,202.6124918999849
773,12368,69,1.3390486225480864,-1.3390486225480864,4.3125,4.553125,-0.0020332279612856516,1.959965427716573,0.23902306954065958,2.296285977839337e-05,0.0,0.42920367320510344,202.86297690006904
774,12384,58,1.7491701789183018,-1.7491701789183018,3.625,6.932291666666667,-0.0006741052249248369,1.389822522799174,0.18745290239652,4.719846477504082e-06,0.0,0.42920367320510344,203.08417950000148
775,12400,57,1.9106747704246816,-1.9106747704246816,3.5625,5.821875,-0.0013528797701981194,2.6950553258260093,0.2650345762570699,1.2478982322742619e-05,0.0,0.42920367320510344,203.30689760006499
776,12416,61,2.120022015520854,-2.120022015520854,3.8125,4.929166666666666,-0.0013045052873081886,3.947202126185099,0.23551707963148752,1.1035897538628584e-05,0.0,0.42920367320510344,203.55071880004834
777,12432,69,2.4905972450961724,-2.4905972450961724,4.3125,5.248660714285714,-0.0006144732126633912,4.279261112213135,0.3612263898054759,1.4140644149544338e-05,0.0,0.42920367320510344,203.80882909998763
778,12448,52,1.419247704246811,-1.419247704246811,3.25,5.617708333333334,-0.001071391974946027,3.55718199412028,0.29343755046526593,1.4210573681339156e-05,0.0,0.42920367320510344,204.01704659999814
779,12464,67,2.0622233929727676,-2.0622233929727676,4.1875,6.32375992063492,-0.0006014132284065296,2.470985015233358,0.2270267258087794,1.169325105365715e-05,0.0,0.42920367320510344,204.29071650002152
780,12480,65,1.8252210972195777,-1.8252210972195777,4.0625,5.076041666666667,-0.0012677889711295205,2.3684508005777993,0.2608596781889598,1.4006786083579451e-05,0.0,0.42920367320510344,204.56385480007157
781,12496,55,1.3921458676442586,-1.3921458676442586,3.4375,5.693229166666667,-0.00030146728492012426,3.971384286880493,0.2349497526884079,2.3802573423381546e-06,0.0,0.42920367320510344,204.79583710001316
782,12512,62,2.1067477042468106,-2.1067477042468106,3.875,5.713541666666667,-0.00043304023140115316,2.557518243789673,0.2408143033583959,6.6545702945101466e-06,0.0,0.42920367320510344,205.04307680006605
783,12528,73,2.5790926535897936,-2.5790926535897936,4.5625,4.183333333333334,-0.0004804226919077337,4.382820288340251,0.29519622524579364,3.2966778083694712e-06,0.0,0.42920367320510344,205.3138938000193
784,12544,70,2.807798622548087,-2.807798622548087,4.375,5.245014880952381,-0.00026393107802421173,3.531465530395508,0.29074637095133465,1.9406988940318115e-06,0.0,0.42920367320510344,205.58218889997806
785,12560,58,2.0312499999999996,-2.0312499999999996,3.625,5.8625,-0.0013896607346938576,3.932973543802897,0.21036223570505777,9.833438677257314e-06,0.0,0.42920367320510344,205.81323550001252
786,12576,66,2.3481747704246807,-2.3481747704246807,4.125,4.878869047619047,-0.0009619973328274986,2.7767022450764975,0.2656474709510803,8.697386268371096e-06,0.0,0.42920367320510344,206.0584385000402
787,12592,65,1.8207963267948966,-1.8207963267948966,4.0625,5.816517857142857,-0.0017389889108017087,1.534482717514038,0.25345906615257263,1.5347574693199324e-05,0.0,0.42920367320510344,206.30880090000574
788,12608,52,1.0801990816987241,-1.0801990816987241,3.25,5.103125,-0.00046168915175215375,1.9563748439153035,0.1852574646472931,1.1888655232420811e-05,0.0,0.42920367320510344,206.5137389000738
789,12624,59,1.107024311274043,-1.107024311274043,3.6875,6.151636904761904,-0.0003475375140690555,2.3866070906321206,0.22801025211811066,4.208618444560368e-06,0.0,0.42920367320510344,206.74060140002985
790,12640,79,2.0622233929727676,-2.0622233929727676,4.9375,4.6936011904761905,-0.0003858387126034109,1.6339916785558064,0.3144474724928538,5.001603009683701e-06,0.0,0.42920367320510344,207.0182973999763
791,12656,65,1.8523229338221299,-1.8523229338221299,4.0625,4.730654761904762,-0.0016516394996776522,2.4255858262379966,0.30063330133756,2.0614781533367932e-05,0.0,0.42920367320510344,207.2595594000304
792,12672,73,3.0533738521234053,-3.0533738521234053,4.5625,4.048660714285714,-0.00199843589673628,3.187629143397013,0.24684986968835196,1.72761482038671e-05,0.0,0.42920367320510344,207.52120429999195
793,12688,55,2.3075220155208536,-2.3075220155208536,3.4375,5.719791666666667,-0.001367150661253665,5.480618953704834,0.18245676159858704,1.957612918583133e-05,0.0,0.42920367320510344,207.7317619000096
794,12704,59,1.794800918301276,-1.794800918301276,3.6875,6.086607142857143,-0.0025086952583854107,3.281278451283773,0.26674096783002216,2.433543704682961e-05,0.0,0.42920367320510344,207.96293470007367
795,12720,62,2.3708518366025517,-2.3708518366025517,3.875,4.449255952380953,-0.0006193294094731053,4.619998455047607,0.1784390906492869,8.744597986757677e-06,0.0,0.42920367320510344,208.19099759997334
796,12736,57,2.0445243112740434,-2.0445243112740434,3.5625,5.15,-0.0006457149043986495,4.492752393086751,0.25717395544052124,1.3820958277695658e-05,0.0,0.42920367320510344,208.41467119997833
797,12752,69,2.5091261478765947,-2.5091261478765947,4.3125,4.785416666666666,-0.00020462793471291244,3.287991762161255,0.22654528419176737,7.594481000220791e-06,0.0,0.42920367320510344,208.68389730004128
798,12768,69,2.5489490816987237,-2.5489490816987237,4.3125,5.677083333333333,-0.0017455936935932097,6.13358720143636,0.3069790303707123,1.081860273188795e-05,0.0,0.42920367320510344,208.9591365000233
799,12784,57,1.3343472450961724,-1.3343472450961724,3.5625,5.686458333333333,-0.0027741831822636343,2.3703765869140625,0.22876453896363577,2.2510948838316835e-05,0.0,0.42920367320510344,209.19212100002915
800,12800,62,1.1830752295753193,-1.1830752295753193,3.875,5.195089285714285,-0.0010005844793260128,2.80111296971639,0.24213616053263345,4.642913268071425e-06,0.0,0.42920367320510344,209.43528960004915
801,12816,71,2.660121556370216,-2.660121556370216,4.4375,4.623809523809523,-0.0012309688303024924,7.280623277028401,0.28450362881024677,2.1538876959918223e-05,0.0,0.42920367320510344,209.7186742000049
802,12832,65,1.3658738521234062,-1.3658738521234062,4.0625,4.834672619047619,-0.001219700518637327,3.7509653568267822,0.2812917232513428,1.237969354406232e-05,0.0,0.42920367320510344,209.96609270002227
803,12848,62,2.5082963267948966,-2.5082963267948966,3.875,5.3151785714285715,-0.0014169360385828018,2.6395400365193686,0.19739099343617758,1.6011938593389157e-05,0.0,0.42920367320510344,210.19870319997426
804,12864,62,2.0981747704246816,-2.0981747704246816,3.875,6.519196428571428,-0.0006886105392981771,3.073098103205363,0.28695958852767944,8.204010403763581e-06,0.0,0.42920367320510344,210.44616739999037
805,12880,65,2.517699081698724,-2.517699081698724,4.0625,6.002976190476191,-0.0015659607409571248,3.935155153274536,0.21405406792958578,1.9474289122930106e-05,0.0,0.42920367320510344,210.69250880007166
806,12896,63,1.6910949493429828,-1.6910949493429828,3.9375,6.303422619047619,-0.0001682870147424372,1.9700875679651897,0.17601658403873444,5.3724401520109195e-06,0.0,0.42920367320510344,210.9431115000043
807,12912,67,2.8434733929727676,-2.8434733929727676,4.1875,4.346726190476191,-0.0004839173679423621,4.706904570261638,0.25032661358515423,3.340009963418803e-06,0.0,0.42920367320510344,211.19555329997092
808,12928,65,2.4684733929727667,-2.4684733929727667,4.0625,6.273511904761905,-0.0012382470507127745,7.2103400230407715,0.27503233154614765,8.038068699534051e-06,0.0,0.42920367320510344,211.45819899998605
809,12944,67,2.2184733929727676,-2.2184733929727676,4.1875,4.617708333333333,-0.0007870357210831477,1.8377563953399658,0.18684640526771545,4.2574785841983e-06,0.0,0.42920367320510344,211.70697379997
810,12960,57,2.1963495408493623,-2.1963495408493623,3.5625,6.097916666666666,-0.0006376672202546748,3.483810027440389,0.2068229764699936,1.2848460604194164e-05,0.0,0.42920367320510344,211.93175089999568
811,12976,61,1.9504977042468103,-1.9504977042468103,3.8125,6.26875,-0.001914008326518039,3.6888598601023355,0.32438693443934125,1.360646820103284e-05,0.0,0.42920367320510344,212.18033840006683
812,12992,64,2.213495408493621,-2.213495408493621,4,4.188541666666667,-0.0006267378727595011,2.6080153783162436,0.17748558024565378,2.7325780441363654e-06,0.0,0.42920367320510344,212.42651850008406
813,13008,66,1.6739490816987241,-1.6739490816987241,4.125,4.435416666666667,-0.0005488109835454225,1.4189655780792236,0.22027486562728882,4.955012551969655e-06,0.0,0.42920367320510344,212.71520940004848
814,13024,58,1.3744467859455347,-1.3744467859455347,3.625,5.690625,-0.0003347431047586724,2.5454635620117188,0.26699357231458026,1.9895619137363005e-06,0.0,0.42920367320510344,212.95609290001448
815,13040,69,2.7405972450961724,-2.7405972450961724,4.3125,5.3453125,-0.0031324870612220814,6.5798869132995605,0.2071932554244995,9.315703694786255e-05,0.0,0.42920367320510344,213.2413787000114
816,13056,63,1.61532063806894,-1.61532063806894,3.9375,5.46875,-0.001126107110866137,3.3726301193237305,0.2451759080092112,7.450915821512656e-06,0.0,0.42920367320510344,213.48892330005765
817,13072,63,2.2715706380689396,-2.2715706380689396,3.9375,5.05,-0.0023242888304473297,5.554560502370198,0.26524727543195087,3.363294581504306e-05,0.0,0.42920367320510344,213.7278323000064
818,13088,70,2.5754977042468106,-2.5754977042468106,4.375,4.158333333333333,-0.00022597893964437787,2.4864795207977295,0.1999185731013616,3.1480477294583884e-06,0.0,0.42920367320510344,213.99947729997803
819,13104,60,1.75,-1.75,3.75,6.036607142857143,-0.0011115571147657377,2.0557761987050376,0.2362572948137919,8.333722841295335e-06,0.0,0.42920367320510344,214.24175060004927
820,13120,65,2.8332408169872414,-2.8332408169872414,4.0625,5.1125,-0.0006995816168805883,4.590867042541504,0.2085560510555903,5.831942038033351e-06,0.0,0.42920367320510344,214.4936912000412
821,13136,65,1.6559733929727676,-1.6559733929727676,4.0625,4.503125,-0.0018043823677521924,1.768069585164388,0.19697655737400055,1.4182733896935437e-05,0.0,0.42920367320510344,214.737232399988
822,13152,61,1.4502210972195777,-1.4502210972195777,3.8125,5.616666666666666,-0.001762227116463085,2.4451069037119546,0.29126304388046265,1.3243996969928654e-05,0.0,0.42920367320510344,214.9826876000734
823,13168,64,2.4632188014663887,-2.4632188014663887,4,5.602232142857143,-0.0004959770788749059,6.5506259600321455,0.24987406531969705,6.613321602344513e-06,0.0,0.42920367320510344,215.23802140005864
824,13184,62,1.7718472450961729,-1.7718472450961729,3.875,4.629166666666666,-0.0005012686331179831,4.539706865946452,0.24091911812623343,3.6168163812059597e-06,0.0,0.42920367320510344,215.46870299999136
825,13200,63,1.2942477042468106,-1.2942477042468106,3.9375,5.267708333333333,-0.0010406964501026295,1.9727750619252522,0.2843130826950073,1.1308699868095573e-05,0.0,0.42920367320510344,215.71236680005677
826,13216,71,2.718473392972768,-2.718473392972768,4.4375,5.232440476190476,-0.0008955975497653886,3.5160293579101562,0.28497397899627686,6.382751204607e-06,0.0,0.42920367320510344,216.0017762000207
827,13232,65,1.093473392972767,-1.093473392972767,4.0625,5.088541666666667,-0.0009163679089401929,2.096548239390055,0.23347881933053335,7.745776353355419e-06,0.0,0.42920367320510344,216.2521485000616
828,13248,57,0.8608958676442587,-0.8608958676442587,3.5625,6.345833333333333,-0.0006334356540182995,1.7239330609639485,0.1902799258629481,5.887438722614509e-06,0.0,0.42920367320510344,216.4940139000537
829,13264,57,1.9952986225480864,-1.9952986225480864,3.5625,5.528125,-0.00013865260165646376,5.063743909200032,0.14958853522936502,3.0993760825973973e-06,0.0,0.42920367320510344,216.74203490000218
830,13280,63,1.8434733929727674,-1.8434733929727674,3.9375,3.939583333333333,-0.0010386661551868848,2.291757027308146,0.2603311638037364,7.218784730866901e-06,0.0,0.42920367320510344,216.99455890001263
831,13296,67,2.5400995408493614,-2.5400995408493614,4.1875,6.5930059523809526,-0.0016038637296690676,5.30928913752238,0.24584624667962393,2.2206288122106344e-05,0.0,0.42920367320510344,217.26745210005902
832,13312,63,1.946349540849362,-1.946349540849362,3.9375,7.229464285714286,-0.0014070095790047847,2.380903720855713,0.26267750064531964,1.1599411057735173e-05,0.0,0.42920367320510344,217.52169069997035
833,13328,64,1.8611724746714915,-1.8611724746714915,4,5.169791666666667,-0.0015004873275756836,1.571725845336914,0.22553266088167825,1.942376062894861e-05,0.0,0.42920367320510344,217.7648262999719
834,13344,63,1.5218472450961729,-1.5218472450961729,3.9375,5.227604166666667,-0.0019184571608323135,2.0877463022867837,0.21214407682418823,2.6155124335976627e-05,0.0,0.42920367320510344,218.0114470999688
835,13360,58,1.1338495408493623,-1.1338495408493623,3.625,4.979166666666667,-0.0009642058044094052,1.8079393704732258,0.14803742865721384,7.523459013706694e-06,0.0,0.42920367320510344,218.23620879999362
836,13376,68,2.3747233929727676,-2.3747233929727676,4.25,4.784375,-0.0008391445918081905,2.544681946436564,0.23523526887098947,1.7507092707091942e-05,0.0,0.42920367320510344,218.49763420003
837,13392,64,1.6518252295753189,-1.6518252295753189,4,5.6086309523809526,-0.0009633700052897135,1.7577012379964192,0.28150972723960876,1.4785696597148975e-05,0.0,0.42920367320510344,218.74704940000083
838,13408,72,3.343196785945535,-3.343196785945535,4.5,5.8534226190476195,-0.0016805893715676017,8.1037228902181,0.22684351603190103,2.6392426055584412e-05,0.0,0.42920367320510344,219.02183580002747
839,13424,64,1.7007743112740439,-1.7007743112740439,4,5.238541666666666,-0.0022132753704984984,2.453514337539673,0.2774443527062734,2.4874529723698895e-05,0.0,0.42920367320510344,219.26669760001823
840,13440,63,1.5799224746714915,-1.5799224746714915,3.9375,5.433035714285714,-0.0005999724810298682,2.817605972290039,0.15317890544732413,4.99606752176381e-06,0.0,0.42920367320510344,219.510006000055
841,13456,56,2.1869467859455347,-2.1869467859455347,3.5,5.163541666666666,-0.0018497222391446282,11.156805992126465,0.1667849620183309,1.75288995099739e-05,0.0,0.42920367320510344,219.72556659998372
842,13472,66,2.727322933822129,-2.727322933822129,4.125,5.470610119047619,-0.0003467587483084363,6.552786509195964,0.21875459949175516,5.537051265491755e-06,0.0,0.42920367320510344,219.98051370005123
843,13488,63,2.0622233929727676,-2.0622233929727676,3.9375,4.609375,-0.00033588005983128016,3.5322198073069253,0.1774352341890335,4.48974356004328e-06,0.0,0.42920367320510344,220.22383150004316
844,13504,54,2.2226215563702154,-2.2226215563702154,3.375,6.123958333333333,-0.0008307187853920558,5.712183316548665,0.19722705582777658,1.092420689019491e-05,0.0,0.42920367320510344,220.45107259997167
845,13520,63,2.0840706380689396,-2.0840706380689396,3.9375,5.460863095238095,-0.0010325789036444988,3.9074525038401284,0.18075363834698996,6.567095548840977e-06,0.0,0.42920367320510344,220.70457820000593
846,13536,59,2.526548622548086,-2.526548622548086,3.6875,5.298958333333333,-0.000576822777439201,6.090010801951091,0.22892268002033234,5.756668012206016e-06,0.0,0.42920367320510344,220.9577583000064
847,13552,63,1.8296458676442593,-1.8296458676442593,3.9375,4.839136904761904,-0.0016521411010422444,2.0275979042053223,0.22744695842266083,1.706025280630759e-05,0.0,0.42920367320510344,221.2132129999809
848,13568,70,2.284844949342982,-2.284844949342982,4.375,4.848958333333333,-0.0023354701099117157,1.836760679880778,0.2559698323408763,4.2480443880776875e-05,0.0,0.42920367320510344,221.49144800007343
849,13584,70,1.9502210972195781,-1.9502210972195781,4.375,4.742708333333334,-0.00014350527801868887,2.2215708096822104,0.23648524781068167,3.833713966135595e-06,0.0,0.42920367320510344,221.74947010003962
850,13600,61,2.352046326794897,-2.352046326794897,3.8125,4.851041666666667,-0.001046586902926805,5.688665231068929,0.2189544141292572,8.704720964184768e-06,0.0,0.42920367320510344,221.97867590002716
851,13616,63,2.0176990816987246,-2.0176990816987246,3.9375,4.8586309523809526,-0.0015407006155268022,1.6585643688837688,0.2316625416278839,1.252549039539493e-05,0.0,0.42920367320510344,222.2170318000717
852,13632,61,2.0799224746714917,-2.0799224746714917,3.8125,4.867708333333334,-0.0009748411601506746,2.687916914621989,0.22008395195007324,1.1208604670779701e-05,0.0,0.42920367320510344,222.44790380005725
853,13648,63,2.7889931127404313,-2.7889931127404313,3.9375,5.694494047619048,-0.0008455051531739421,4.75861136118571,0.17851719756921133,5.5105914119243e-06,0.0,0.42920367320510344,222.68336080003064
854,13664,52,1.8119467859455347,-1.8119467859455347,3.25,6.786458333333333,-0.0020734001255523125,2.951599597930908,0.250821590423584,1.724284038573387e-05,0.0,0.42920367320510344,222.89660610002466
855,13680,63,1.5215706380689396,-1.5215706380689396,3.9375,4.891220238095238,-0.0006474117867316664,2.6435587406158447,0.20094473659992218,4.98676422466815e-06,0.0,0.42920367320510344,223.13215580000542
856,13696,65,2.4056967859455347,-2.4056967859455347,4.0625,5.8898809523809526,-0.001048024777227467,6.322188377380371,0.22530495127042136,1.5129794064705493e-05,0.0,0.42920367320510344,223.3848302999977
857,13712,54,2.433075229575319,-2.433075229575319,3.375,8.172916666666667,-0.0017687804884864988,3.2374395529429116,0.22583407163619995,3.8259927047571786e-05,0.0,0.42920367320510344,223.61310680001043
858,13728,77,3.151272015520854,-3.151272015520854,4.8125,4.5296875,-0.00115814559374335,4.860507170359294,0.2755120595296224,1.6634631113750704e-05,0.0,0.42920367320510344,223.90049759997055
859,13744,61,1.1689710972195781,-1.1689710972195781,3.8125,4.8875,-0.0010497309353401836,2.209500471750895,0.2239555617173513,5.87593285672483e-06,0.0,0.42920367320510344,224.13420580001548
860,13760,68,2.388274311274043,-2.388274311274043,4.25,4.905208333333333,-0.0008103000353928044,1.584839900334676,0.1564838985602061,1.0362586635892512e-05,0.0,0.42920367320510344,224.4066655000206
861,13776,72,3.302820638068941,-3.302820638068941,4.5,4.594047619047619,-0.0015552849293238118,6.85640303293864,0.2448360174894333,2.3323301623653e-05,0.0,0.42920367320510344,224.6972007000586
862,13792,64,1.9325220155208536,-1.9325220155208536,4,4.921875,-0.0006156265735626221,2.0444699128468833,0.25348947445551556,3.6641401190233105e-06,0.0,0.42920367320510344,224.95724870008416
863,13808,70,3.4319688014663883,-3.4319688014663883,4.375,5.491666666666666,-0.001272252315123179,7.466372648874919,0.2425161451101303,1.349857120658271e-05,0.0,0.42920367320510344,225.2491827000631
864,13824,72,2.1244467859455347,-2.1244467859455347,4.5,4.561458333333333,-0.0005161814764573039,5.276817321777344,0.20483049750328064,7.1016797846823465e-06,0.0,0.42920367320510344,225.54575330007356
865,13840,56,1.4817477042468106,-1.4817477042468106,3.5,6.576041666666667,-0.000855091765212516,2.6267011960347495,0.21780707935492197,1.1450965757831e-05,0.0,0.42920367320510344,225.77956200006884
866,13856,64,1.071626147876596,-1.071626147876596,4,5.547470238095238,-0.00047596264630556107,2.0176243782043457,0.2633777658144633,4.272170675297578e-06,0.0,0.42920367320510344,226.0434728000546
867,13872,56,1.241427066177871,-1.241427066177871,3.5,5.127083333333333,-0.0020848671695038825,2.200465679168701,0.2501699725786845,3.7505456020880956e-05,0.0,0.42920367320510344,226.26644410006702
868,13888,62,1.4507743112740428,-1.4507743112740428,3.875,5.413541666666667,-0.0014514263045863156,2.437255303064982,0.21327855189641318,2.3846164064404245e-05,0.0,0.42920367320510344,226.516318900045
869,13904,63,1.5530972450961729,-1.5530972450961729,3.9375,4.866666666666667,-0.00040431629337274916,2.787766218185425,0.1935863047838211,1.801739661762743e-06,0.0,0.42920367320510344,226.75107330002356
870,13920,64,2.6913715563702154,-2.6913715563702154,4,6.434375,-0.001235910380880038,8.985942840576172,0.22384274005889893,1.5172566842617622e-05,0.0,0.42920367320510344,227.0033896000823
871,13936,59,1.3885509183012759,-1.3885509183012759,3.6875,6.231547619047619,-0.0019196514434861218,1.8331520954767864,0.2686036030451457,2.880091445452611e-05,0.0,0.42920367320510344,227.25447350007016
872,13952,63,2.1509954084936207,-2.1509954084936207,3.9375,4.2125,-0.0007361072822715068,4.2020182609558105,0.24470149974028269,7.227851331966424e-06,0.0,0.42920367320510344,227.52615789999254
873,13968,69,2.807522015520853,-2.807522015520853,4.3125,4.415029761904762,-0.0005143183999998987,4.133297761281331,0.1983475387096405,1.9237434571550693e-05,0.0,0.42920367320510344,227.7890435999725
874,13984,66,1.4192477042468106,-1.4192477042468106,4.125,5.061458333333333,-0.0008449271377741022,1.5577242771784465,0.22847341001033783,6.591355334724843e-06,0.0,0.42920367320510344,228.0429728999734
875,14000,60,2.571626147876595,-2.571626147876595,3.75,5.007291666666667,-0.000549024363539837,3.3395002683003745,0.23218055566151938,6.763727621243258e-06,0.0,0.42920367320510344,228.29605780006386
876,14016,56,1.46875,-1.46875,3.5,5.715178571428571,-0.002785978550534788,3.4908061027526855,0.27148400743802387,5.0149416589799024e-05,0.0,0.42920367320510344,228.54774579999503
877,14032,54,1.2989490816987244,-1.2989490816987244,3.375,5.054166666666666,-0.0020511055057639282,2.036290725072225,0.23568389316399893,1.6208967887602437e-05,0.0,0.42920367320510344,228.7773694000207
878,14048,59,1.0625,-1.0625,3.6875,6.021875,-0.0016190190661414434,1.605224331219991,0.25307315587997437,1.5672737996889435e-05,0.0,0.42920367320510344,229.02155649999622
879,14064,60,2.3783183423157497,-2.3783183423157497,3.75,5.296875,-0.0009831779429481102,6.2152401606241865,0.25584473212560016,9.553423903222816e-06,0.0,0.42920367320510344,229.2574705000734
880,14080,58,1.3835729338221294,-1.3835729338221294,3.625,6.419791666666667,-0.0008677494519485999,2.035719950993856,0.2743474245071411,5.693528085733608e-06,0.0,0.42920367320510344,229.49197600001935
881,14096,68,3.0882188014663887,-3.0882188014663887,4.25,4.742708333333334,-0.0005970784187928624,3.9688029289245605,0.19504787027835846,3.428435699485514e-06,0.0,0.42920367320510344,229.7609140999848
882,14112,58,1.8210729338221299,-1.8210729338221299,3.625,5.409375,-0.000710128384024363,2.551692485809326,0.15998677412668863,5.18628924813432e-06,0.0,0.42920367320510344,229.99344500002917
883,14128,69,2.923119260617026,-2.923119260617026,4.3125,5.281845238095238,-0.0006207116651187524,10.852765083312988,0.2343298296133677,1.1091916955289586e-05,0.0,0.42920367320510344,230.27953709999565
884,14144,61,2.071349540849362,-2.071349540849362,3.8125,4.485416666666667,-0.0014671992868073858,1.9871065219243367,0.22189733386039734,1.5220680779748363e-05,0.0,0.42920367320510344,230.52069749997463
885,14160,60,1.4499444901923453,-1.4499444901923453,3.75,4.9875,-0.001189718779642135,2.387481689453125,0.19358143707116446,1.394351299192446e-05,0.0,0.42920367320510344,230.79754220007453
886,14176,58,1.884126147876596,-1.884126147876596,3.625,5.141666666666667,-0.0015510567249836054,3.703115542729696,0.22681900362173715,1.4908697873276347e-05,0.0,0.42920367320510344,231.03392920002807
887,14192,60,1.8036504591506382,-1.8036504591506382,3.75,5.109375,-0.0017501749641570068,3.384120543797811,0.18224170804023743,3.182391234683261e-05,0.0,0.42920367320510344,231.26865220000036
888,14208,61,2.071626147876595,-2.071626147876595,3.8125,6.141666666666667,-0.0023936446567824157,3.3159492015838623,0.23482712109883627,2.5836659915512428e-05,0.0,0.42920367320510344,231.51439849997405
889,14224,57,1.1559733929727676,-1.1559733929727676,3.5625,4.8625,-0.0011660369539943833,3.3110010623931885,0.24781559904416403,1.1494808101512414e-05,0.0,0.42920367320510344,231.7371589000104
890,14240,69,2.441371556370216,-2.441371556370216,4.3125,5.988541666666666,-0.00030048285614636683,3.491380055745443,0.23814485470453897,4.554223551167524e-06,0.0,0.42920367320510344,232.00208600005135
891,14256,62,1.5179756887259583,-1.5179756887259583,3.875,5.139583333333333,-0.0005391839536793933,1.9611517985661824,0.21117569009462991,5.967554822442859e-06,0.0,0.42920367320510344,232.2705306999851
892,14272,61,1.6064710972195777,-1.6064710972195777,3.8125,5.469791666666667,-0.001316923235576084,2.5126043955485025,0.3564581274986267,1.0223661926526498e-05,0.0,0.42920367320510344,232.56985029997304
893,14288,58,1.4643252295753189,-1.4643252295753189,3.625,5.601041666666666,-0.0008093968352259987,1.175774057706197,0.25511038303375244,9.81695347945788e-06,0.0,0.42920367320510344,232.8266438000137
894,14304,60,1.3077986225480864,-1.3077986225480864,3.75,5.786607142857143,-0.0010258555774467955,1.794815977414449,0.2257385402917862,7.270814876392251e-06,0.0,0.42920367320510344,233.10643629997503
895,14320,65,1.5530972450961733,-1.5530972450961733,4.0625,6.290625,-0.0008920538439176617,2.011058807373047,0.2716750204563141,9.223933223741673e-06,0.0,0.42920367320510344,233.4113500000676
896,14336,71,1.7057522957531899,-1.7057522957531899,4.4375,4.706994047619047,-0.000940302139019226,3.00488543510437,0.21570830047130585,9.16890144253557e-06,0.0,0.42920367320510344,233.68674260005355
897,14352,66,1.6559733929727676,-1.6559733929727676,4.125,5.448214285714286,-0.0020177256094875418,2.2088496685028076,0.19123541812102,2.433852508450703e-05,0.0,0.42920367320510344,233.9667198000243
898,14368,63,2.6432522957531903,-2.6432522957531903,3.9375,4.875,-0.0015773287451969302,6.754105408986409,0.2399150331815084,2.6952770591985125e-05,0.0,0.42920367320510344,234.20543299999554
899,14384,73,1.6471238521234057,-1.6471238521234057,4.5625,4.7648809523809526,-0.0010940285849270204,1.8643074830373128,0.25458405415217084,1.263638841919601e-05,0.0,0.42920367320510344,234.4751041000709
900,14400,71,3.022123852123406,-3.022123852123406,4.4375,4.689583333333333,-0.0008010187289052931,6.4604918162028,0.23559563855330148,1.3814775987460356e-05,0.0,0.42920367320510344,234.7441576999845
901,14416,61,1.1117256887259575,-1.1117256887259575,3.8125,4.165625,-0.0018183865655683935,0.9475868344306946,0.2225394050280253,2.2727568648406304e-05,0.0,0.42920367320510344,234.9802817000309
902,14432,68,2.1733958676442593,-2.1733958676442593,4.25,5.395238095238096,-0.0007922544427142834,3.3385947545369468,0.1906279226144155,7.955248141418755e-06,0.0,0.42920367320510344,235.23030569998082
903,14448,64,1.8254977042468108,-1.8254977042468108,4,6.010416666666667,-0.0013383788367112477,2.217379887898763,0.22006080547968546,1.9663915736600757e-05,0.0,0.42920367320510344,235.49603100004606
904,14464,61,2.0572454084936207,-2.0572454084936207,3.8125,5.075,-0.00020562039428684287,3.115194797515869,0.15067937473456064,6.014990124943627e-06,0.0,0.42920367320510344,235.75629629998002
905,14480,68,2.1332963267948974,-2.1332963267948974,4.25,5.0964285714285715,-0.0013281188645016446,2.348822593688965,0.24921891589959463,1.657279365948246e-05,0.0,0.42920367320510344,236.04368920007255
906,14496,71,4.351493112740431,-4.351493112740431,4.4375,4.319047619047619,-0.0013680933813991676,9.742093086242676,0.20461959640185037,2.0844415909474872e-05,0.0,0.42920367320510344,236.30685699998867
907,14512,73,2.758296326794896,-2.758296326794896,4.5625,5.723511904761905,-0.001827516009899277,3.148874521255493,0.23154962062835693,4.451051790965721e-05,0.0,0.42920367320510344,236.61190660006832
908,14528,69,2.2403206380689396,-2.2403206380689396,4.3125,5.167113095238095,-0.0009793031374153809,3.1298296451568604,0.21334572633107504,1.517411495418249e-05,0.0,0.42920367320510344,236.91208460007329
909,14544,67,2.5843472450961733,-2.5843472450961733,4.1875,5.7625,-0.001046675640512677,4.327639261881511,0.2402645101149877,1.3515131134530142e-05,0.0,0.42920367320510344,237.2344922000775
910,14560,62,1.3924224746714913,-1.3924224746714913,3.875,4.677083333333333,-0.0012981072719142617,2.4472705523173013,0.17695589860280356,9.826595032791374e-06,0.0,0.42920367320510344,237.47495210007764
911,14576,60,0.9593472450961729,-0.9593472450961729,3.75,5.858333333333333,-0.0012663496761688247,1.880960464477539,0.284066120783488,8.840693529540053e-06,0.0,0.42920367320510344,237.7071260000812
912,14592,52,1.4145463267948968,-1.4145463267948968,3.25,5.910416666666666,-0.0026483565079384874,2.049145301183065,0.2071048617362976,2.4160275036895957e-05,0.0,0.42920367320510344,237.91465220006648
913,14608,72,2.9236724746714917,-2.9236724746714917,4.5,5.113839285714286,-0.0008811349225989288,3.576045195261637,0.24117626746495566,1.3939759810455143e-05,0.0,0.42920367320510344,238.18793810007628
914,14624,67,2.4502210972195773,-2.4502210972195773,4.1875,4.961309523809524,-0.002523730730230156,3.0300304889678955,0.20304112136363983,3.280643310669499e-05,0.0,0.42920367320510344,238.43778480007313
915,14640,68,1.7582963267948966,-1.7582963267948966,4.25,4.561458333333333,4.168935508156816e-05,2.9642430941263833,0.2850942512353261,5.313943878112089e-06,0.0,0.42920367320510344,238.70794280001428
916,14656,59,1.642975688725957,-1.642975688725957,3.6875,5.435416666666667,-0.0005161396726324577,2.821875731150309,0.19512405494848886,7.175751003766588e-06,0.0,0.42920367320510344,238.9524491999764
917,14672,60,1.6291481633974492,-1.6291481633974492,3.75,5.428125,-0.0006818767908649548,1.5465420087178547,0.2504827876885732,5.445215492727584e-06,0.0,0.42920367320510344,239.18443270004354
918,14688,56,1.0674779844791469,-1.0674779844791469,3.5,5.478125,-0.0009453374687361146,4.940546035766602,0.2284724861383438,9.05334263734403e-06,0.0,0.42920367320510344,239.40915870002937
919,14704,67,1.7408738521234053,-1.7408738521234053,4.1875,4.402380952380953,-0.00064369872883104,2.0879733562469482,0.17858835558096567,4.511921967302139e-06,0.0,0.42920367320510344,239.67399410007056
920,14720,58,0.9599004591506379,-0.9599004591506379,3.625,5.233333333333333,-0.0018921761837756474,1.9369025627772014,0.21326547861099243,1.3673271193207862e-05,0.0,0.42920367320510344,239.90349880000576
921,14736,58,1.504148163397448,-1.504148163397448,3.625,5.65625,-0.00013275187766659258,1.4971423943837483,0.15247527261575064,1.5650501552499918e-06,0.0,0.42920367320510344,240.1261490000179
922,14752,56,1.3130532140544662,-1.3130532140544662,3.5,5.533333333333333,-0.0017174606965411066,2.293385664621989,0.200884019335111,3.878710200903394e-05,0.0,0.42920367320510344,240.34979950007983
923,14768,65,1.4410949493429825,-1.4410949493429825,4.0625,5.411458333333333,-0.002247934188478832,2.27066699663798,0.287773738304774,2.3284210631876096e-05,0.0,0.42920367320510344,240.6095013000304
924,14784,69,2.8620022957531894,-2.8620022957531894,4.3125,5.586904761904762,-0.0012371505746742173,5.362805525461833,0.2388040324052175,2.4116792398369096e-05,0.0,0.42920367320510344,240.8801075000083
925,14800,66,1.8523229338221294,-1.8523229338221294,4.125,5.2507440476190474,-0.0007021963126566296,1.5365726153055828,0.249602680404981,5.5404850627382984e-06,0.0,0.42920367320510344,241.16417390003335
926,14816,78,3.293971097219578,-3.293971097219578,4.875,5.283482142857142,-0.0020428854627853412,6.704427719116211,0.2667014002799988,2.3319554050734343e-05,0.0,0.42920367320510344,241.45865689998027
927,14832,67,3.0038715563702154,-3.0038715563702154,4.1875,4.670089285714286,-0.0012052325973173812,7.990922451019287,0.25804556409517926,2.6444668643913854e-05,0.0,0.42920367320510344,241.7088056000648
928,14848,62,2.1241701789183023,-2.1241701789183023,3.875,6.091592261904762,-0.000827596380164645,2.4347237745920816,0.23989938696225485,1.1193516153677288e-05,0.0,0.42920367320510344,241.94563089997973
929,14864,58,1.5221238521234057,-1.5221238521234057,3.625,6.878125,-0.002487061336508075,1.843412717183431,0.30785926183064777,2.06102751387031e-05,0.0,0.42920367320510344,242.17846039996948
930,14880,56,0.6385509183012761,-0.6385509183012761,3.5,5.366666666666667,-0.001512494071254385,2.2948546409606934,0.17067106068134308,1.0448768762216787e-05,0.0,0.42920367320510344,242.39500490005594
931,14896,64,3.3700220155208536,-3.3700220155208536,4,6.785193452380953,-0.0007830004518230756,4.397256056467692,0.20705527067184448,1.0319267554829517e-05,0.0,0.42920367320510344,242.64547860005405
932,14912,70,1.8160949493429837,-1.8160949493429837,4.375,3.9447916666666667,-0.0002247804732178338,2.888954480489095,0.25707225998242694,5.231833332193976e-06,0.0,0.42920367320510344,242.91037210007198
933,14928,65,1.7986724746714913,-1.7986724746714913,4.0625,5.845238095238095,-0.0013874194990748008,4.167894681294759,0.2050434798002243,8.967098665380036e-06,0.0,0.42920367320510344,243.16295300005004
934,14944,60,1.8835729338221292,-1.8835729338221292,3.75,5.810863095238095,-0.0015448951136528184,1.9052689870198567,0.2487203429142634,1.5473231390690973e-05,0.0,0.42920367320510344,243.4046079000691
935,14960,59,1.0663715563702152,-1.0663715563702152,3.6875,5.05,-0.0008136468329785392,3.1820210615793862,0.2179113825162252,1.1345508179753475e-05,0.0,0.42920367320510344,243.63768090005033
936,14976,60,1.7771018366025524,-1.7771018366025524,3.75,6.127083333333333,-0.00249804852840807,1.5831398566563923,0.21049953003724417,2.8455371041976225e-05,0.0,0.42920367320510344,243.8687347000232
937,14992,66,1.5309733929727671,-1.5309733929727671,4.125,4.958333333333333,-0.0005750017725117592,2.1864217122395835,0.18118561804294586,2.0260368122156553e-05,0.0,0.42920367320510344,244.1283376000356
938,15008,64,2.539546326794897,-2.539546326794897,4,5.9375,-0.00020590424537658691,5.668823719024658,0.17212703824043274,1.699042816956838e-06,0.0,0.42920367320510344,244.3843059000792
939,15024,54,1.3434733929727674,-1.3434733929727674,3.375,5.727232142857143,-0.0012082358036063685,1.9532526731491089,0.21729943652947745,1.3969103141183345e-05,0.0,0.42920367320510344,244.61934550001752
940,15040,73,2.817201377451914,-2.817201377451914,4.5625,4.570833333333333,-0.0002998641645456009,3.9767909049987793,0.21306207279364267,3.232463238115694e-06,0.0,0.42920367320510344,244.91967109998222
941,15056,65,1.5395463267948966,-1.5395463267948966,4.0625,6.174702380952381,-0.0011332842312419267,3.603088935216268,0.2421067158381144,1.2908761618746212e-05,0.0,0.42920367320510344,245.1884793000063
942,15072,55,1.0353981633974483,-1.0353981633974483,3.4375,5.246875,-0.0005694562593951957,0.7928937077522278,0.16127552092075348,4.98628984738995e-06,0.0,0.42920367320510344,245.41387889999896
943,15088,66,1.982024311274043,-1.982024311274043,4.125,5.357291666666667,-0.0008924079775537072,3.6989735762278237,0.2640858292579651,9.907842468237504e-06,0.0,0.42920367320510344,245.6773556000553
944,15104,66,2.142145867644259,-2.142145867644259,4.125,5.313541666666667,-0.002253437916879856,3.2468972206115723,0.2334293524424235,3.109872401788986e-05,0.0,0.42920367320510344,245.92532679997385
945,15120,61,1.530420178918302,-1.530420178918302,3.8125,4.933333333333334,-0.0007047457803395218,1.3936272462209065,0.2078061650196711,8.850271721409323e-06,0.0,0.42920367320510344,246.15891950007062
946,15136,68,1.8387720155208536,-1.8387720155208536,4.25,4.794791666666667,-0.0012150617731808329,2.001649498939514,0.2515534957249959,1.8921115042758174e-05,0.0,0.42920367320510344,246.4178001000546
947,15152,67,1.9054201789183018,-1.9054201789183018,4.1875,4.669642857142858,-0.0007117695886923828,1.2037304242451985,0.18554257849852243,1.1300862600667946e-05,0.0,0.42920367320510344,246.66723540006205
948,15168,59,1.3166481633974485,-1.3166481633974485,3.6875,4.564583333333333,-0.0015288793033325643,1.6838173866271973,0.17295477787653604,1.4044807509587068e-05,0.0,0.42920367320510344,246.88929429999553
949,15184,63,1.6382743112740434,-1.6382743112740434,3.9375,4.710714285714285,-0.0008537141928354567,2.6624155839284263,0.17433787882328033,7.1249232102369815e-06,0.0,0.42920367320510344,247.1256855999818
950,15200,61,1.9551990816987246,-1.9551990816987246,3.8125,5.980208333333334,-0.0014206294874951435,2.213866631189982,0.21045921246210733,1.6639140994811896e-05,0.0,0.42920367320510344,247.35547050007153
951,15216,62,1.8036504591506382,-1.8036504591506382,3.875,5.284226190476191,-0.0027073890256185487,3.9098077615102134,0.2095927894115448,4.1536205268736616e-05,0.0,0.42920367320510344,247.5981380000012
952,15232,76,2.517145867644259,-2.517145867644259,4.75,4.6709821428571425,-0.0006934725827529853,3.0743676821390786,0.2541523774464925,5.289593597505397e-06,0.0,0.42920367320510344,247.8860598000465
953,15248,61,1.6023229338221299,-1.6023229338221299,3.8125,5.255208333333333,-0.001896157328298879,2.0952035586039224,0.18508786956469217,2.1908452860467758e-05,0.0,0.42920367320510344,248.13831040007062
954,15264,67,2.0483958676442597,-2.0483958676442597,4.1875,4.513541666666667,-0.00023767989275332488,2.7134884198506675,0.19059825936953226,5.032589115216979e-06,0.0,0.42920367320510344,248.45059420005418
955,15280,72,2.6689710972195786,-2.6689710972195786,4.5,5.419047619047619,-0.0010779301239246901,1.808307449022929,0.2555336157480876,2.7111835455192097e-05,0.0,0.42920367320510344,248.75148410000838
956,15296,66,1.985619260617026,-1.985619260617026,4.125,4.522321428571429,-0.00034896653578305364,2.0433427492777505,0.22114397088686624,3.93085868684769e-06,0.0,0.42920367320510344,249.02316900005098
957,15312,52,1.236172474671492,-1.236172474671492,3.25,6.619791666666667,-0.0009413648378820231,4.213438351949056,0.18246352672576904,6.771323948366141e-06,0.0,0.42920367320510344,249.25509880005848
958,15328,57,1.2181967859455347,-1.2181967859455347,3.5625,5.539583333333334,-0.0007037339212606261,1.4113224347432454,0.22641855478286743,9.424417839909438e-06,0.0,0.42920367320510344,249.48873470001854
959,15344,59,1.504424770424681,-1.504424770424681,3.6875,5.513541666666667,-0.001511765067797081,2.9650402069091797,0.1785394549369812,1.4274912549202176e-05,0.0,0.42920367320510344,249.73494300001767
960,15360,67,3.4684733929727676,-3.4684733929727676,4.1875,5.370089285714285,-0.0002926279670087221,11.720087687174479,0.21629377206166586,6.150695223065365e-06,0.0,0.42920367320510344,249.99033020006027
961,15376,60,1.7314710972195777,-1.7314710972195777,3.75,4.8462797619047615,-0.0005673054101256181,2.486262639363607,0.19249092042446136,5.441738342900256e-06,0.0,0.42920367320510344,250.2309360000072
962,15392,63,2.4773229338221294,-2.4773229338221294,3.9375,4.761458333333334,-0.0006510618249958947,3.357891241709391,0.22475365300973257,5.9377576538584736e-06,0.0,0.42920367320510344,250.4792176000774
963,15408,72,2.1291481633974483,-2.1291481633974483,4.5,5.264484126984127,-0.0018421129401152332,3.373978614807129,0.2918938597043355,2.253800600252968e-05,0.0,0.42920367320510344,250.75705070002005
964,15424,55,1.9463495408493623,-1.9463495408493623,3.4375,5.329166666666667,-0.0017283486505744368,1.6067405144373577,0.17109634478886923,1.8847056253434857e-05,0.0,0.42920367320510344,250.9750936999917
965,15440,66,3.2848449493429825,-3.2848449493429825,4.125,6.441071428571428,-0.000197054458039266,9.830107053120932,0.23167032500108084,4.20611627305334e-06,0.0,0.42920367320510344,251.2237496000016
966,15456,73,2.8033738521234053,-2.8033738521234053,4.5625,4.971875,-0.00224178574381817,3.933073043823242,0.19073617458343506,4.950900680948204e-05,0.0,0.42920367320510344,251.49990060005803
967,15472,70,2.763274311274044,-2.763274311274044,4.375,4.0808035714285715,-0.0012114658025980478,2.0105549494425454,0.22999808192253113,2.0542740761205398e-05,0.0,0.42920367320510344,251.75691880006343
968,15488,64,2.1645463267948966,-2.1645463267948966,4,6.138541666666667,-0.0010939625402291615,6.358269214630127,0.2750818232695262,5.878818531831105e-06,0.0,0.42920367320510344,252.01067320001312
969,15504,76,2.5000000000000004,-2.5000000000000004,4.75,4.13422619047619,-0.0005577164947201396,4.0321065584818525,0.22814901173114777,8.112309842545073e-06,0.0,0.42920367320510344,252.2908239000244
970,15520,60,3.083794031041707,-3.083794031041707,3.75,5.179166666666666,-0.002221088157966733,8.985336939493815,0.17488580445448557,3.334014854772249e-05,0.0,0.42920367320510344,252.54476680001244
971,15536,61,1.6111724746714917,-1.6111724746714917,3.8125,5.370833333333334,-0.001655904635980458,2.978609561920166,0.23255144556363425,1.3817203125654487e-05,0.0,0.42920367320510344,252.80496310000308
972,15552,62,1.808075229575319,-1.808075229575319,3.875,5.095833333333333,-0.0011308955551895632,2.624117294947306,0.1956368386745453,1.2144285847170977e-05,0.0,0.42920367320510344,253.07925130007789
973,15568,65,2.1509954084936207,-2.1509954084936207,4.0625,4.590773809523809,-0.0001690601663237127,2.7772116661071777,0.2653372089068095,3.0238945782912197e-06,0.0,0.42920367320510344,253.3429035000736
974,15584,65,2.049225688725957,-2.049225688725957,4.0625,4.5375,-0.004782855878464609,2.397494395573934,0.25506343444188434,0.00011048313172068447,0.0,0.42920367320510344,253.59439900005236
975,15600,57,1.1512720155208536,-1.1512720155208536,3.5625,5.583333333333333,-0.0010842845900450964,1.6169288158416748,0.21573078632354736,1.771621691659675e-05,0.0,0.42920367320510344,253.81549210008234
976,15616,77,1.3611724746714913,-1.3611724746714913,4.8125,4.615699404761905,-0.0001729388734640717,1.5738256772359211,0.2085621953010559,3.3187016015290283e-06,0.0,0.42920367320510344,254.10780570004135
977,15632,62,1.9726215563702163,-1.9726215563702163,3.875,5.525892857142857,-0.0009096501694282703,5.47755495707194,0.16430473824342093,1.050067218481369e-05,0.0,0.42920367320510344,254.34454359998927
978,15648,72,2.6147674240144747,-2.6147674240144747,4.5,4.790625,-0.0008111571272214254,3.5421937306722007,0.17420974870522818,6.9975437781977234e-06,0.0,0.42920367320510344,254.61403820000123
979,15664,69,3.4637720155208536,-3.4637720155208536,4.3125,4.769345238095238,-0.0019252581908795936,7.642050425211589,0.245973601937294,3.177046407169352e-05,0.0,0.42920367320510344,254.87554420006927
980,15680,62,2.1241701789183023,-2.1241701789183023,3.875,4.794791666666667,-0.0004959170583269668,4.858248710632324,0.18689151108264923,1.0835802337775627e-05,0.0,0.42920367320510344,255.11890120001044
981,15696,75,2.7986724746714917,-2.7986724746714917,4.6875,5.026582792207792,-0.0012751769972965121,5.26667324701945,0.1884427716334661,1.0865434433071641e-05,0.0,0.42920367320510344,255.40463240002282
982,15712,68,3.017145867644259,-3.017145867644259,4.25,4.90625,-0.0004972815342411488,5.017055034637451,0.27928560972213745,4.534627957279251e-06,0.0,0.42920367320510344,255.68193469999824
983,15728,63,1.9239490816987246,-1.9239490816987246,3.9375,5.210416666666667,-0.0006872491344989129,2.3259857495625815,0.21702560782432556,6.263099749048706e-06,0.0,0.42920367320510344,255.92266460007522
984,15744,74,2.5000000000000004,-2.5000000000000004,4.625,4.49077380952381,-0.0007032811146665541,2.685851573944092,0.24618994196256003,8.960933882917743e-06,0.0,0.42920367320510344,256.20606630004477
985,15760,63,0.9681967859455352,-0.9681967859455352,3.9375,5.29375,-0.0006328362205604657,2.5265734990437827,0.2175072878599167,3.348937525515794e-06,0.0,0.42920367320510344,256.4647164000198
986,15776,58,1.6424224746714917,-1.6424224746714917,3.625,5.976339285714285,-0.0008796444403585587,2.270610253016154,0.2423833707968394,7.41877632511508e-06,0.0,0.42920367320510344,256.7268479000777
987,15792,66,2.1830752295753193,-2.1830752295753193,4.125,4.328125,-0.0024351486936211586,3.1608797709147134,0.24613589545090994,4.409930382583601e-05,0.0,0.42920367320510344,256.9917866999749
988,15808,70,3.1700775253285087,-3.1700775253285087,4.375,5.252827380952381,-0.0013562531265917481,4.099251429239909,0.2182825803756714,3.333831288424941e-05,0.0,0.42920367320510344,257.2723695000168
989,15824,76,2.5710729338221303,-2.5710729338221303,4.75,4.720833333333333,-0.0011095932803296311,4.211963176727295,0.23170951505502066,1.571334026569578e-05,0.0,0.42920367320510344,257.55105510004796
990,15840,62,1.8252210972195781,-1.8252210972195781,3.875,4.73125,-0.0007450029376639596,1.5615466038386028,0.21035201847553253,1.4637586900789756e-05,0.0,0.42920367320510344,257.7972387999762
991,15856,62,1.535674770424681,-1.535674770424681,3.875,5.086904761904762,-0.0016718634857385932,3.412740707397461,0.17806904017925262,2.7570673106917336e-05,0.0,0.42920367320510344,258.05342790007126
992,15872,53,1.4728981633974487,-1.4728981633974487,3.3125,7.38125,-0.0019462768518536677,1.728358268737793,0.2918732166290283,3.044260362609445e-05,0.0,0.42920367320510344,258.3039869000204
993,15888,62,1.8384954084936205,-1.8384954084936205,3.875,6.075,-0.0002798713627190826,1.7078938484191895,0.17012176911036173,2.6620203167719105e-06,0.0,0.42920367320510344,258.5470975000644
994,15904,67,1.7226215563702156,-1.7226215563702156,4.1875,5.55342261904762,-0.001104103374081807,3.6770924727121987,0.24772013227144876,1.3430913744135372e-05,0.0,0.42920367320510344,258.7999865000602
995,15920,59,1.4950220155208536,-1.4950220155208536,3.6875,5.226041666666666,-0.0008648465763076985,3.6933723290761313,0.20373576879501343,8.1241217534019e-06,0.0,0.42920367320510344,259.04772350005805
996,15936,59,1.6465706380689398,-1.6465706380689398,3.6875,5.879761904761905,-0.002387243154653144,1.8796294530232747,0.212726096312205,3.791613138067381e-05,0.0,0.42920367320510344,259.2789548999863
997,15952,57,1.4905972450961724,-1.4905972450961724,3.5625,6.016666666666667,-0.0007589658210325941,1.6174059708913167,0.17734704911708832,2.0012847320079647e-05,0.0,0.42920367320510344,259.5111240000697
998,15968,69,2.5710729338221303,-2.5710729338221303,4.3125,5.1136904761904765,-0.001079456256994978,6.322091897328694,0.21966825922330221,1.1614879592040476e-05,0.0,0.42920367320510344,259.7707896999782
999,15984,61,1.7538715563702154,-1.7538715563702154,3.8125,5.733928571428572,-0.0014648329895348884,1.4347737232844036,0.1636352688074112,1.6733495158405276e-05,0.0,0.42920367320510344,260.0274356000591
1000,16000,64,2.2591261478765956,-2.2591261478765956,4,6.402083333333334,-0.0014942449827988942,3.5309828917185464,0.219075878461202,3.644792923296336e-05,0.0,0.42920367320510344,260.2809854000807
