update,episodes,rollout_steps,mean_cost,mean_reward,mean_decisions,mean_branches,actor_loss,critic_loss,entropy,approx_kl,clip_fraction,fixed_greedy_cost,elapsed_seconds
1,64,429,41.55807381655875,-41.55807381655875,6.703125,3.893284970238095,-0.014348247030284256,632.0970306396484,1.0812583900988102,1.0096863178432613e-05,0.0,8.283185307179586,1.7143794000148773
2,128,411,39.64594709474387,-39.64594709474387,6.421875,4.440804247835498,0.011766799056204036,561.873857498169,1.1306095235049725,2.528549187985618e-05,0.0,8.283185307179586,3.6577663000207394
3,192,376,34.862554096791094,-34.862554096791094,5.875,4.241304225288601,-0.004296590147229533,437.70115152994794,1.128115326166153,4.8514199155154834e-05,0.0,0.42920367320510344,5.195161500014365
4,256,377,31.6769898749762,-31.6769898749762,5.890625,4.169481646825397,-0.005759825192702313,272.6816050211589,1.1299596230189006,0.0001230922479938575,0.0,0.7123889803846897,6.702792100026272
5,320,419,40.15251533412684,-40.15251533412684,6.546875,4.032538555194805,-0.007597350224386901,499.5630054473877,1.0591483227908611,0.0006743745743733598,0.002762276795692742,0.42920367320510344,8.338027500081807
6,384,395,32.943928522852794,-32.943928522852794,6.171875,4.1890625,-0.07310116849839687,251.11794471740723,1.08243053779006,0.001891794600396679,0.01740056835114956,0.42920367320510344,9.971641200012527
7,448,360,22.22732222731385,-22.22732222731385,5.625,4.353008883477633,-0.0286140152408431,157.45402908325195,1.0960875650246937,0.0024798535547840097,0.022786458488553762,0.42920367320510344,11.389184100087732
8,512,343,22.670837017139597,-22.670837017139597,5.359375,4.60492931547619,-0.033198332569251456,148.12113253275552,1.03249953687191,0.0039923988515511155,0.04608177673071623,0.42920367320510344,12.794001500005834
9,576,342,20.02834562621406,-20.02834562621406,5.34375,4.815407986111111,-0.03301740732664863,171.03784052530924,0.9670348664124807,0.00520597420836566,0.0642411579998831,0.42920367320510344,14.317480400088243
10,640,304,12.147884050442775,-12.147884050442775,4.75,4.939769345238095,-0.03555131412576884,78.84924411773682,0.8988348742326101,0.004008481822287043,0.04622395879899462,0.42920367320510344,15.572402500081807
11,704,292,10.697801021234053,-10.697801021234053,4.5625,5.130022321428571,-0.019975640112534165,82.4441967010498,0.8213034768899282,0.006698769597278442,0.06495949191351731,0.42920367320510344,16.762389700044878
12,768,294,10.576465357836604,-10.576465357836604,4.59375,5.0422433035714285,-0.06211383376891414,52.995823542277016,0.7301079779863358,0.004814362767016671,0.049616227547327675,0.42920367320510344,17.96375810005702
13,832,299,8.839186690558943,-8.839186690558943,4.671875,4.584449404761905,-0.061408389902984105,42.56772184371948,0.6346509357293447,0.004962221292468409,0.03769985462228457,0.42920367320510344,19.17059110000264
14,896,275,5.961144719767665,-5.961144719767665,4.296875,5.14609375,-0.04044863426436981,29.31051206588745,0.6384726464748383,0.0038526631833519787,0.03268914483487606,0.42920367320510344,20.36181160004344
15,960,257,3.100663762664255,-3.100663762664255,4.015625,5.189322916666667,0.3566744128863017,11.243595535556475,0.5173208216826121,0.00045945937624007155,0.0032552083333333335,0.42920367320510344,21.458977100090124
16,1024,248,4.514449655637022,-4.514449655637022,3.875,5.970833333333333,-0.02328794216737151,16.737820982933044,0.5225906409323215,0.0034695630547503242,0.02936197933740914,0.42920367320510344,22.511795600061305
17,1088,261,3.665652754903828,-3.665652754903828,4.078125,5.11860119047619,0.07576982770115137,9.787863175074259,0.520670427630345,0.0035145163749537764,0.05026041716337204,0.42920367320510344,23.60475930001121
18,1152,282,4.45056709150638,-4.45056709150638,4.40625,4.402511160714286,-0.011059988600512346,10.83318050702413,0.4414871782064438,0.0019777009104776275,0.01422275664905707,0.42920367320510344,24.761117900023237
19,1216,277,4.030697021448296,-4.030697021448296,4.328125,4.543303571428572,-0.022434885303179424,20.415563106536865,0.45930687089761096,0.002947873101220466,0.026227678793172043,0.42920367320510344,25.959294200059958
20,1280,257,3.304964107027233,-3.304964107027233,4.015625,5.099125744047619,-0.1018426554898421,8.673448850711187,0.4389435313642025,0.0013654071177976828,0.010416666666666666,0.42920367320510344,27.049613300012425
21,1344,261,2.734513303513617,-2.734513303513617,4.078125,4.668731398809523,0.09599705847601096,6.552585204442342,0.429560328523318,0.0011168375646472366,0.0078125,0.42920367320510344,28.14356019999832
22,1408,277,3.383780624595315,-3.383780624595315,4.328125,4.68218005952381,0.018486213094244402,4.244963725407918,0.4432431310415268,0.0010216939808742609,0.010416666666666666,0.42920367320510344,29.31095610000193
23,1472,282,4.46985619260617,-4.46985619260617,4.40625,4.9787574404761905,-0.001965346047654748,14.457303245862326,0.41479719678560895,0.01789295140163934,0.04266826963673035,0.42920367320510344,30.533888500067405
24,1536,267,2.8631776401161684,-2.8631776401161684,4.171875,5.4906436011904765,-0.007847087302555641,6.82789679368337,0.3510519800086816,0.0033622201132554133,0.027758049468199413,0.42920367320510344,31.6603071000427
25,1600,276,2.879701377451914,-2.879701377451914,4.3125,4.985714285714286,0.022826609512170155,6.653708875179291,0.39616677661736804,0.0027938622694515893,0.03059895895421505,0.42920367320510344,32.7874112999998
26,1664,252,2.993431996119787,-2.993431996119787,3.9375,5.65703125,-0.007693067658692598,6.308556795120239,0.3944018594920635,0.0005609625577562838,0.003969253972172737,0.42920367320510344,33.85280130000319
27,1728,279,3.567270529208722,-3.567270529208722,4.359375,4.856944444444444,-0.014485340332612395,7.446058789889018,0.3585881491502126,0.0016581557028985117,0.01013360513995091,0.42920367320510344,34.97905570000876
28,1792,247,2.0468750000000004,-2.0468750000000004,3.859375,5.400260416666667,-0.006069213151931763,8.253540694713593,0.3670870438218117,0.0007145512090573902,0.0040539654437452555,0.42920367320510344,36.04192680004053
29,1856,242,2.4200775253285087,-2.4200775253285087,3.78125,5.663151041666667,-0.0058888341300189495,4.86190465092659,0.37393055483698845,0.0016387707928515738,0.004146107472479343,0.42920367320510344,37.0719328999985
30,1920,248,2.377696447509998,-2.377696447509998,3.875,5.35297619047619,-0.010074184159748256,4.888831704854965,0.34699995815753937,0.001001901383006043,0.006119791767559946,0.42920367320510344,38.124572000000626
31,1984,239,2.0378180038802136,-2.0378180038802136,3.734375,5.199609375,-0.003214920579921454,3.6639250814914703,0.337949950248003,0.00040497158533980837,0.0029296875,0.42920367320510344,39.15078300004825
32,2048,252,3.4484236225480864,-3.4484236225480864,3.9375,5.852585565476191,-0.008850770886056125,14.09558367729187,0.37129486352205276,0.003943009318845725,0.01486895140260458,0.42920367320510344,40.23378370003775
33,2112,265,2.409914336602552,-2.409914336602552,4.140625,4.933444940476191,-0.043324527563527226,4.244740019241969,0.3085820948084195,0.0015366553226575281,0.015625,0.42920367320510344,41.38071130006574
34,2176,252,2.564850688725957,-2.564850688725957,3.9375,5.507775297619047,-0.009179277112707496,4.701302349567413,0.3039719872176647,0.0006572753420641675,0.0058908769860863686,0.42920367320510344,42.4340111000929
35,2240,268,3.293625573938298,-3.293625573938298,4.1875,5.432657490079365,0.03770947984109322,6.032407184441884,0.3540487935145696,0.0018593890499687404,0.0078125,0.42920367320510344,43.52823850000277
36,2304,258,2.549986122548086,-2.549986122548086,4.03125,5.303385416666667,0.0013734350601832073,8.07660315434138,0.2909451941183458,0.0025431263590386757,0.044921875,0.42920367320510344,44.61510570009705
37,2368,248,1.9699944961197868,-1.9699944961197868,3.875,5.199032738095238,-0.0065856167348101735,3.1826074421405792,0.3119821920990944,0.0017575332269643695,0.01699218770954758,0.42920367320510344,45.67435110011138
38,2432,264,2.5907771809655307,-2.5907771809655307,4.125,5.34921875,0.01629587324957053,4.8662318388621015,0.3618371362487475,0.0012399802872096188,0.018880208333333332,0.42920367320510344,46.820568400085904
39,2496,261,2.4610066517568083,-2.4610066517568083,4.078125,5.117485119047619,-0.0927406734166046,2.9322303334871926,0.3289399519562721,0.0010153531893593026,0.007161458333333333,0.7123889803846897,47.9215767000569
40,2560,271,2.9039684630308518,-2.9039684630308518,4.234375,4.650911458333334,-0.0069749499671161175,6.182437539100647,0.2814104861269395,0.002261710680310595,0.014019097511967024,0.7123889803846897,49.06918760004919
41,2624,265,2.2782771809655307,-2.2782771809655307,4.140625,5.093936011904762,0.001196919591166079,3.8224046428998313,0.3354034597675006,0.0032294931121820505,0.007161458333333333,0.7123889803846897,50.21194520010613
42,2688,274,2.6589464475099978,-2.6589464475099978,4.28125,5.161086309523809,-0.06804886444782217,3.261229654153188,0.32223733017841977,0.000990990625723498,0.00390625,0.42920367320510344,51.335025700042024
43,2752,273,2.9722760330889355,-2.9722760330889355,4.265625,4.858686755952381,0.027802541696776945,21.6809930006663,0.2991233592232068,0.003027652059245156,0.009114583333333334,0.42920367320510344,52.48549750004895
44,2816,260,2.344095758784041,-2.344095758784041,4.0625,4.734375,0.02415355675232907,5.936012640595436,0.2634288966655731,0.0007160342809887273,0.00390625,0.42920367320510344,53.58287180005573
45,2880,267,2.6308767218148925,-2.6308767218148925,4.171875,4.711737351190476,-0.024386736409117777,4.8191592792669935,0.2648834394446264,0.001869380192313012,0.01171875,0.42920367320510344,54.73336620000191
46,2944,271,2.7638966770853166,-2.7638966770853166,4.234375,4.935081845238095,-0.050730965100228786,3.7964151004950204,0.31060276677211124,0.0014855691968781077,0.016970486690600712,0.7123889803846897,55.90258990006987
47,3008,254,2.3885509183012763,-2.3885509183012763,3.96875,5.184635416666667,-0.006660779006779194,5.2652173936367035,0.27828193083405495,0.0011126099773264286,0.008820064598694444,0.42920367320510344,57.07451350009069
48,3072,245,2.758089107027233,-2.758089107027233,3.828125,6.145479910714286,-0.007626507576787844,5.0698548555374146,0.3126140348613262,0.0008409243882852024,0.006043002242222428,0.42920367320510344,58.23320360004436
49,3136,257,2.2367948404827653,-2.2367948404827653,4.015625,5.3480654761904765,-0.21756666293367743,4.47591305586199,0.298606048951721,0.002322588610695675,0.007161458333333333,0.42920367320510344,59.37866980000399
50,3200,245,1.9175193813321276,-1.9175193813321276,3.828125,5.824925595238096,-0.008266419637948275,2.6001254618167877,0.3001300282776356,0.0007146703601392801,0.0061348158633336425,0.42920367320510344,60.444148900103755
51,3264,271,2.870644381332127,-2.870644381332127,4.234375,5.761904761904762,-0.0013632539970179398,4.336168120304744,0.3359750496844451,0.0021998914683839152,0.01171875,0.42920367320510344,61.61243580002338
52,3328,240,1.6340569961197866,-1.6340569961197866,3.75,5.6359375,-0.009374313405714929,3.552495449781418,0.26470319740474224,0.0005267274270863709,0.007533482392318547,0.42920367320510344,62.671877400018275
53,3392,269,2.347345184845744,-2.347345184845744,4.203125,4.839155505952381,0.0037860412461062274,4.408590624729793,0.30469711621602374,0.002248812438968647,0.02063301329811414,0.42920367320510344,63.80245260009542
54,3456,259,2.523783258784041,-2.523783258784041,4.046875,5.233184523809523,0.15618512965738773,6.060955415169398,0.30340224504470825,0.003922001511966755,0.0388454869389534,0.42920367320510344,64.86802100006025
55,3520,242,1.8237693813321274,-1.8237693813321274,3.78125,5.418489583333334,-0.005234398297034204,3.316921293735504,0.2424149475991726,0.0008655499462975058,0.004146107472479343,0.42920367320510344,65.899908100022
56,3584,274,2.4612832587840408,-2.4612832587840408,4.28125,4.683556547619047,-0.03365116116280357,5.155594776074092,0.3229585910836856,0.0005954846304424185,0.005208333333333333,0.42920367320510344,67.04196790000424
57,3648,261,2.310356766544468,-2.310356766544468,4.078125,5.292633928571429,-0.04077065053085486,3.6590791841348014,0.28540922825535137,0.0020153625455350266,0.02317708358168602,0.42920367320510344,68.19120820006356
58,3712,245,1.8337251147876596,-1.8337251147876596,3.828125,5.443731398809524,-0.0012091650860384107,3.2972679436206818,0.2904427517205477,0.00036056423743957566,0.004089877242222428,0.42920367320510344,69.24899550003465
59,3776,265,1.9853428890925544,-1.9853428890925544,4.140625,5.463411458333334,0.08807183421837787,5.341996411482493,0.31789961208899814,0.0010236271041321743,0.015118634328246117,0.42920367320510344,70.39103940001223
60,3840,226,1.521363418301276,-1.521363418301276,3.53125,5.7109375,-0.007223976776003838,4.179677188396454,0.28425509855151176,0.000684565460687736,0.009307238506153226,0.42920367320510344,71.33475120004732
61,3904,263,2.4796736225480864,-2.4796736225480864,4.109375,5.604817708333333,-0.020868287266542513,5.653701643149058,0.3052746132016182,0.0017724890506845743,0.00390625,0.42920367320510344,72.43264300003648
62,3968,266,3.064020867644259,-3.064020867644259,4.15625,5.00817775974026,-0.005252228040869038,11.14277090628942,0.2598379651705424,0.007581306406791555,0.03098958358168602,0.42920367320510344,73.60015380010009
63,4032,257,2.369261581698724,-2.369261581698724,4.015625,5.218136160714286,0.1008511030425628,3.47810439641277,0.32025177687076695,0.0005146040542361637,0.007161458333333333,0.42920367320510344,74.68540100008249
64,4096,246,2.226493348243192,-2.226493348243192,3.84375,5.6675595238095235,-0.006604020018130541,4.815976470708847,0.26675102300941944,0.0007165655742937815,0.004237288027070463,0.42920367320510344,75.72599800000899
65,4160,260,2.3089739669110645,-2.3089739669110645,4.0625,5.173958333333333,-0.04107494178848962,4.707089016834895,0.2866514427975441,0.0015800533389362197,0.013671875,0.42920367320510344,76.82072550000157
66,4224,275,2.880461811274044,-2.880461811274044,4.296875,5.159821428571429,0.013674856474002203,6.788983702659607,0.28899844363331795,0.012994287751098454,0.04194078904887041,0.42920367320510344,77.98980890004896
67,4288,268,2.6469163968529807,-2.6469163968529807,4.1875,4.829873511904762,0.016533485885399084,4.45141985019048,0.3111487925052643,0.0009299871544499183,0.011501736318071684,0.42920367320510344,79.18740570009686
68,4352,255,1.9249861225480862,-1.9249861225480862,3.984375,5.5204241071428575,-0.005398352863267064,3.521848738193512,0.29719774052500725,0.00044040934631084383,0.002952755894511938,0.42920367320510344,80.2612210001098
69,4416,240,2.4283047003665974,-2.4283047003665974,3.75,5.979538690476191,-0.006902028137119487,6.657066226005554,0.2503556963056326,0.0024786366275293403,0.015625000116415322,0.42920367320510344,81.2743172000628
70,4480,271,2.561324655637022,-2.561324655637022,4.234375,4.848790922619048,-0.0630077881893764,3.7488982876141868,0.30062391484777135,0.0018816600616749686,0.024131945023934048,0.42920367320510344,82.41117000009399
71,4544,229,1.7231056186678733,-1.7231056186678733,3.578125,6.151636904761904,-0.009584739804267883,3.117371529340744,0.29061487689614296,0.0005356782385206316,0.005927057471126318,0.42920367320510344,83.37949760002084
72,4608,268,2.6422841711578755,-2.6422841711578755,4.1875,5.061793154761904,-0.030742752986649673,4.730960090955098,0.27584928646683693,0.0010797846152854618,0.010416666666666666,0.42920367320510344,84.54913960001431
73,4672,271,2.3308903637640457,-2.3308903637640457,4.234375,4.998697916666667,-0.0022479876254995665,3.4954728881518045,0.26412373781204224,0.002299897786542715,0.01857638917863369,0.42920367320510344,85.68569340009708
74,4736,259,1.8835729338221294,-1.8835729338221294,4.046875,4.989806547619048,-0.024714665332188208,5.048277775446574,0.21150385169312358,0.0013120550920575624,0.01171875,0.42920367320510344,86.7533187000081
75,4800,261,2.6727045855789378,-2.6727045855789378,4.078125,4.92578125,-0.06304938578978181,10.477465321620306,0.29932380219300586,0.0026135860365836074,0.011067708333333334,0.42920367320510344,87.88355780008715
76,4864,277,2.4227045855789378,-2.4227045855789378,4.328125,5.700037202380952,0.0004329148990412553,5.170276542504628,0.3361028954386711,0.0007037980167297064,0.005208333333333333,0.42920367320510344,89.05455930007156
77,4928,270,2.3614490816987246,-2.3614490816987246,4.21875,5.214992559523809,-0.029566043987870216,4.712812393903732,0.3127940570314725,0.0018495711683499394,0.018322172885139782,0.42920367320510344,90.2765821000794
78,4992,266,2.47545630739383,-2.47545630739383,4.15625,5.264639136904762,-0.007680322974920273,5.1368041435877485,0.27650144820412,0.001741605989574661,0.023828125248352688,0.42920367320510344,91.4042516000336
79,5056,260,2.0476354338221294,-2.0476354338221294,4.0625,5.218936011904762,-0.1330127090526124,3.880639612674713,0.2832722796010785,0.0004128780007401171,0.0032552083333333335,0.42920367320510344,92.51329300005455
80,5120,255,3.5998339415825558,-3.5998339415825558,3.984375,5.846688988095238,-0.015091973124071956,31.396434426307678,0.3243086263537407,0.024277026022900827,0.03140378976240754,0.42920367320510344,93.62404980009887
81,5184,262,2.216330159517235,-2.216330159517235,4.09375,5.08671875,-0.028469992025444906,4.183262427647908,0.27079055830836296,0.001038549085478735,0.012369791666666666,0.42920367320510344,94.75394530000631
82,5248,249,2.1516177743048948,-2.1516177743048948,3.890625,5.277901785714286,-0.007833462790586054,6.589939743280411,0.2787350229918957,0.0014262522930721389,0.007061918848194182,0.42920367320510344,95.81890640000347
83,5312,270,2.336905389092554,-2.336905389092554,4.21875,4.977418154761905,0.053480615451311074,4.112973690032959,0.257500280936559,0.0011648769127153475,0.017113095770279568,0.42920367320510344,96.96181210002396
84,5376,278,2.0845547003665974,-2.0845547003665974,4.34375,4.63813244047619,-0.0048422009373704595,3.685138980547587,0.24277677945792675,0.00265422263525276,0.030125473936398823,0.42920367320510344,98.15391300001647
85,5440,252,1.9773920855789373,-1.9773920855789373,3.9375,5.181082589285714,-0.005607315513771027,3.897267609834671,0.27949748933315277,0.0006040539251443988,0.004032257944345474,0.42920367320510344,99.214061900042
86,5504,261,2.5769496556370215,-2.5769496556370215,4.078125,4.969903273809524,-0.02524002253388365,4.609801729520162,0.2264968913514167,0.0007635409785488415,0.005859375,0.42920367320510344,100.3394482000731
87,5568,238,2.640348392972767,-2.640348392972767,3.71875,5.41547619047619,-0.004516156390309334,7.984508514404297,0.2187115866690874,0.003231277325312476,0.006498579401522875,0.42920367320510344,101.36091780010611
88,5632,248,2.038855044729576,-2.038855044729576,3.875,5.298660714285714,-0.007645296864211559,6.820177972316742,0.27793198823928833,0.008376969750315766,0.014062500093132257,0.42920367320510344,102.43537120008841
89,5696,252,1.6570104338221294,-1.6570104338221294,3.9375,5.696484375,-0.006782155847758986,3.5477688908576965,0.2435303647071123,0.0005525240767383366,0.004032257944345474,0.42920367320510344,103.52093960007187
90,5760,261,2.0456305038802136,-2.0456305038802136,4.078125,5.015625,0.12312553332109626,2.2777732014656067,0.22188557498157024,0.001367061830687059,0.013020833333333334,0.42920367320510344,104.60927790007554
91,5824,250,2.0072592859455347,-2.0072592859455347,3.90625,5.4271577380952385,-0.008171047316864133,2.5782992243766785,0.25310644321143627,0.0008361859255501258,0.008100666105747223,0.42920367320510344,105.70261580008082
92,5888,254,2.3017144454627694,-2.3017144454627694,3.96875,5.131454613095238,-0.007478515733964741,3.80013307929039,0.29807681776583195,0.0010962218500480958,0.01081969274673611,0.42920367320510344,106.7894682000624
93,5952,251,1.9750413968529812,-1.9750413968529812,3.921875,5.456119791666667,-0.0029221844451967627,3.372800290584564,0.21745815314352512,0.00040796915754981455,0.0020325202494859695,0.42920367320510344,107.8232374000363
94,6016,256,2.1537610077604272,-2.1537610077604272,4,5.224479166666667,-0.005938613205216825,4.013870060443878,0.25000711902976036,0.0016227676294420235,0.0048828125,0.42920367320510344,108.92154370003846
95,6080,230,1.675193577818511,-1.675193577818511,3.59375,6.15952380952381,-0.010300566907972097,4.455670922994614,0.2779541499912739,0.001167459776297619,0.011737898457795382,0.42920367320510344,109.9166565000778
96,6144,244,2.179203437702343,-2.179203437702343,3.8125,5.817392113095238,-0.004508755460847169,3.5331966280937195,0.18751638010144234,0.00046630836072836246,0.009496228536590934,0.42920367320510344,110.9839701000601
97,6208,244,1.9296183482431923,-1.9296183482431923,3.8125,5.4015997023809526,-0.011830384726636112,3.5361143350601196,0.2429646197706461,0.000696011769832694,0.009496228653006256,0.42920367320510344,112.03344320005272
98,6272,265,2.4029314221814895,-2.4029314221814895,4.140625,5.289415922619048,0.024980742096280057,4.260348856449127,0.2663429354627927,0.015239913096593227,0.022931134328246117,0.7123889803846897,113.12831810000353
99,6336,264,2.089809056370216,-2.089809056370216,4.125,5.401320684523809,0.019151295147215325,3.5052069822947183,0.3010685940583547,0.0014768997895468299,0.026041666666666668,0.7123889803846897,114.29854720004369
100,6400,252,2.2185425447295755,-2.2185425447295755,3.9375,5.192522321428571,-0.003870890010148287,3.7296829223632812,0.23506354540586472,0.0003374121158685739,0.001953125,0.7123889803846897,115.3717838000739
101,6464,256,1.716330159517235,-1.716330159517235,4,5.215959821428571,-0.00949894730001688,2.9695582687854767,0.23847565241158009,0.0018809705979947466,0.015625,0.7123889803846897,116.48977600003127
102,6528,264,3.0353981633974487,-3.0353981633974487,4.125,5.332124255952381,0.003741865667204062,8.044453144073486,0.3244476815064748,0.017586817770885926,0.040364583333333336,0.7123889803846897,117.64772920007817
103,6592,262,3.810702289825748,-3.810702289825748,4.09375,4.945684523809524,-0.07069857961808641,15.280649662017822,0.19120617831746736,0.009353164881758858,0.025390625,0.7123889803846897,118.75292730005458
104,6656,277,2.7990182334555325,-2.7990182334555325,4.328125,5.296540178571428,-0.014819828638186058,6.7832746108373,0.2522793710231781,0.00402847057072601,0.018291170708835125,0.7123889803846897,119.88700250000693
105,6720,266,1.515210089459151,-1.515210089459151,4.15625,5.1063616071428575,-0.0224338883223633,2.648048867781957,0.2108215025315682,0.00037363932968522323,0.0032552083333333335,0.7123889803846897,120.98836260009557
106,6784,262,2.6569412820653215,-2.6569412820653215,4.09375,5.526971726190476,0.09623444592580199,7.66020080447197,0.3152004654208819,0.0005817193756835574,0.004557291666666667,0.7123889803846897,122.16288460011128
107,6848,259,1.975110548609789,-1.975110548609789,4.046875,5.007347470238095,0.024548052499691646,3.011425177256266,0.22865483649123539,0.0014471445226907538,0.01171875,0.7123889803846897,123.26709780003875
108,6912,255,2.1849418560036185,-2.1849418560036185,3.984375,5.245027281746032,-0.008502745302394032,5.3550770580768585,0.2101973481476307,0.0014608666765525413,0.009811761789023876,0.7123889803846897,124.33310970000457
109,6976,253,2.2054065369691487,-2.2054065369691487,3.953125,5.737760416666666,-0.007928738370537758,3.8317630290985107,0.21880357898771763,0.0013971807138659642,0.011882812483236194,0.7123889803846897,125.40600020007696
110,7040,245,2.2025717859455347,-2.2025717859455347,3.828125,5.5808035714285715,-0.0069560318952426314,5.822786927223206,0.2181022223085165,0.002674748182471376,0.0071113783633336425,0.7123889803846897,126.4303501000395
111,7104,271,2.171252634188727,-2.171252634188727,4.234375,5.142447916666667,0.02790007491906484,2.6753354221582413,0.2262137532234192,0.001092324673057495,0.020225695023934048,0.7123889803846897,127.56601530010812
112,7168,258,1.9594163968529807,-1.9594163968529807,4.03125,5.570014880952381,-0.19585635870074233,2.481929918130239,0.3054808489861595,0.0023165892489487305,0.01171875,0.7123889803846897,128.66816140001174
113,7232,268,1.982923048609789,-1.982923048609789,4.1875,5.28188244047619,0.013296278445826223,2.667437066634496,0.25798231611649197,0.0021508570353034884,0.0234375,0.7123889803846897,129.85417160007637
114,7296,261,2.3822592859455347,-2.3822592859455347,4.078125,5.466741071428571,-0.104931900529967,3.44054584701856,0.22403081750962883,0.002081932523046263,0.031640625248352684,0.7123889803846897,130.95154900010675
115,7360,259,1.7710868112740434,-1.7710868112740434,4.046875,5.491759672619048,0.15815017248193422,3.3634249567985535,0.26062648681302863,0.0007587906527786181,0.009114583333333334,0.7123889803846897,132.068992500077
116,7424,264,1.9536779785517049,-1.9536779785517049,4.125,5.494754464285714,-0.10798753735919793,2.962951789299647,0.22696168969074884,0.001428002256337398,0.018229166666666668,0.7123889803846897,133.19832110009156
117,7488,270,2.7184042412159597,-2.7184042412159597,4.21875,5.009095982142857,-0.016103420794631045,3.758903523286184,0.20248754570881525,0.0019044428039099632,0.013671875,0.7123889803846897,134.3349034000421
118,7552,272,2.4267835972195777,-2.4267835972195777,4.25,5.6657738095238095,-0.019206461186210316,4.5162956317265825,0.2746277029315631,0.0033098133959962675,0.0390625,0.7123889803846897,135.49402160011232
119,7616,260,2.1012858929727676,-2.1012858929727676,4.0625,5.100235615079365,-0.04781104282786449,3.1046920915444693,0.19190206453079858,0.0011991166684310883,0.013671875,0.7123889803846897,136.57296350004617
120,7680,249,1.8365596303085134,-1.8365596303085134,3.890625,5.798319692460318,-0.007228273083455861,3.693001449108124,0.2435457408428192,0.0005499666805235393,0.009184529888443649,0.7123889803846897,137.66481430002023
121,7744,289,2.6076464415825567,-2.6076464415825567,4.515625,4.863002232142857,-0.027049714388946693,3.5128492514292398,0.25047678500413895,0.004829331836541921,0.036714804669221245,0.7123889803846897,138.8789133001119
122,7808,258,2.000622130308513,-2.000622130308513,4.03125,4.816536458333333,0.05927768877396981,3.191997066140175,0.221225223193566,0.0026830656667395183,0.055338541666666664,0.7123889803846897,139.9643116000807
123,7872,243,1.5554479338221296,-1.5554479338221296,3.796875,5.266703869047619,-0.0047312474343925714,2.5248561650514603,0.2409543376415968,0.0003884685650064057,0.004237431916408241,0.7123889803846897,140.98409150005318
124,7936,247,2.7269080232812803,-2.7269080232812803,3.859375,5.201004464285714,-0.006052402430213988,6.539868235588074,0.20830222964286804,0.0004476756480471522,0.0030774029437452555,0.7123889803846897,142.01491760008503
125,8000,271,2.454092889092554,-2.454092889092554,4.234375,4.825316220238095,0.029134758515283465,4.07840363184611,0.22575579831997553,0.006420709620670095,0.019227430845300358,0.7123889803846897,143.17394020000938
126,8064,246,1.8435425447295757,-1.8435425447295757,3.84375,6.28984375,-0.01009256113320589,3.4344072937965393,0.2716297749429941,0.0036460826377151534,0.016369835939258337,0.7123889803846897,144.2375685001025
127,8128,263,2.3859236225480864,-2.3859236225480864,4.109375,5.423028273809524,-0.07493745089838437,3.8564683894316354,0.26130497455596924,0.002134137503162492,0.018880208333333332,0.7123889803846897,145.3365792001132
128,8192,237,1.660190708127024,-1.660190708127024,3.703125,6.0910528273809526,-0.008612827783508692,3.1585693359375,0.23383524641394615,0.0014523760492011206,0.020893061999231577,0.7123889803846897,146.34230080002453
129,8256,269,3.0607022898257488,-3.0607022898257488,4.203125,5.179836309523809,-0.04962778161279857,5.996642549832662,0.18778633636732897,0.00368411060753715,0.01171875,0.7123889803846897,147.44739750004373
130,8320,242,2.027793118667873,-2.027793118667873,3.78125,5.461848958333333,-0.012295619235374033,6.041041612625122,0.21424737945199013,0.010356104640322883,0.017680921126157045,0.7123889803846897,148.5291600000346
131,8384,248,1.5925055038802136,-1.5925055038802136,3.875,5.604947916666666,-0.00642364053055644,2.1760521084070206,0.2667400296777487,0.0018837771958715166,0.01614583341870457,0.7123889803846897,149.60942720004823
132,8448,265,2.4168278637640457,-2.4168278637640457,4.140625,5.285026041666667,-0.0161042803277572,2.9279950658480325,0.2570805214345455,0.00331808473856654,0.05121527798473835,0.7123889803846897,150.75283130002208
133,8512,265,2.0876658229146834,-2.0876658229146834,4.140625,5.524720982142857,-0.05899620040630301,2.651229500770569,0.2432104212542375,0.0012129121549454187,0.01171875,0.7123889803846897,151.84686290007085
134,8576,259,1.6337803890925544,-1.6337803890925544,4.046875,5.702436755952381,0.041292112010220684,2.318285425504049,0.24309388051430383,0.0019091686184159091,0.013671875,0.42920367320510344,152.9385295000393
135,8640,246,1.6993915116406404,-1.6993915116406404,3.84375,5.256659226190476,-0.00409927754662931,2.4713284969329834,0.20425177551805973,0.0005727684565499658,0.0061904131434857845,0.7123889803846897,154.07321540010162
136,8704,248,2.016247130308513,-2.016247130308513,3.875,5.49765625,-0.007869393506553024,3.026421457529068,0.2082858718931675,0.0009450892806626143,0.012239583651535213,0.7123889803846897,155.14481590001378
137,8768,276,2.470409171157875,-2.470409171157875,4.3125,5.013448660714285,0.007034143956843764,3.5874033768971763,0.24607923751076063,0.0008582949891812556,0.010677083395421505,0.7123889803846897,156.33507460006513
138,8832,260,1.7475110077604268,-1.7475110077604268,4.0625,5.5191220238095235,-0.009278143445650736,2.1725133657455444,0.2266804570875441,0.0010329987465714414,0.0078125,0.7123889803846897,157.46494610002264
139,8896,230,1.9670214415825562,-1.9670214415825562,3.59375,5.672395833333334,-6.707815919071436e-05,3.424960821866989,0.1708467546850443,0.000937827881443809,0.00978477334138006,0.7123889803846897,158.44899480009917
140,8960,261,1.8866840563702156,-1.8866840563702156,4.078125,5.689360119047619,0.029962997573117416,2.1694815903902054,0.19164431227060655,0.0010251710035997046,0.021875000248352688,0.7123889803846897,159.60982710006647
141,9024,255,1.9659152489763858,-1.9659152489763858,3.984375,5.315885416666666,-0.005352423759177327,2.496316283941269,0.20282500237226486,0.0006759485113434494,0.0029296875,0.7123889803846897,160.6789556000149
142,9088,238,2.1624030933393645,-2.1624030933393645,3.71875,6.178125,-0.006667661480605602,4.123691648244858,0.1830244269222021,0.00038196963407699513,0.004545454401522875,0.7123889803846897,161.69410590000916
143,9152,237,1.8437500000000002,-1.8437500000000002,3.703125,5.510677083333333,-0.005755544872954488,4.712954193353653,0.19081129878759384,0.0019453524214441131,0.01274010888300836,0.7123889803846897,162.68289990001358
144,9216,265,1.9225662820653215,-1.9225662820653215,4.140625,4.9053571428571425,0.0030649565742351115,3.154632786909739,0.2136670450369517,0.001447124678331117,0.008463541666666666,0.42920367320510344,163.810717400047
145,9280,268,1.8068307334555327,-1.8068307334555327,4.1875,4.774255952380952,-0.020542063129444916,2.4825898508230844,0.17926130133370557,0.0010252250419095315,0.011067708333333334,0.42920367320510344,164.9520001000492
146,9344,261,2.1590153637640457,-2.1590153637640457,4.078125,5.133333333333334,-0.09244626900181174,3.264066308736801,0.22840507390598455,0.0015538113704659888,0.012369791666666666,0.42920367320510344,166.06398000009358
147,9408,239,1.7455060778185107,-1.7455060778185107,3.734375,5.203645833333334,-0.014423755230382085,4.878087341785431,0.26867712289094925,0.0017368324984090577,0.0190737615339458,0.42920367320510344,167.1012857001042
148,9472,266,2.738246556370216,-2.738246556370216,4.15625,5.103813244047619,0.09309042229627569,9.29278020064036,0.24963862573107085,0.02754851978291602,0.03098958358168602,0.42920367320510344,168.2154999000486
149,9536,266,2.186255503880214,-2.186255503880214,4.15625,5.0734375,-0.05254331463947892,3.3051520586013794,0.24428938825925192,0.004633553954287588,0.029817708457509678,0.42920367320510344,169.32916680001654
150,9600,268,2.392284171157875,-2.392284171157875,4.1875,5.643601190476191,-0.007655703540270527,3.1886917452017465,0.2514601945877075,0.002939417853970857,0.030815972636143368,0.42920367320510344,170.51695350010414
151,9664,262,1.776479470791278,-1.776479470791278,4.09375,5.616852678571429,-0.017068664077669382,3.26480362812678,0.22990013162295023,0.007354635905358009,0.0572916679084301,0.42920367320510344,171.62439130002167
152,9728,266,2.1579783229146834,-2.1579783229146834,4.15625,5.149869791666666,0.06737415733126302,2.7085566322008767,0.2470188525815805,0.0014652100941058659,0.030208333705862362,0.42920367320510344,172.74305600009393
153,9792,258,2.1158047003665974,-2.1158047003665974,4.03125,5.406770833333334,0.1560212728412201,4.148726960023244,0.21974270169933638,0.001543924348273625,0.008463541666666666,0.42920367320510344,173.8832490000641
154,9856,257,2.308697359883832,-2.308697359883832,4.015625,5.439955357142857,0.25871873181313276,3.8743253300587335,0.2810427631712263,0.004120490426430479,0.0078125,0.42920367320510344,175.0175655001076
155,9920,251,2.156733826794897,-2.156733826794897,3.921875,5.163932291666667,-0.003346855053678155,4.751867026090622,0.19135805778205395,0.0006200766383699374,0.006994727998971939,0.42920367320510344,176.07811840006616
156,9984,256,2.062085089459151,-2.062085089459151,4,5.170572916666667,-0.011185962008312345,4.577121615409851,0.24576853960752487,0.002936815799330361,0.0224609375,0.42920367320510344,177.18401920003816
157,10048,246,2.673810778185108,-2.673810778185108,3.84375,5.168396577380952,-0.008609023177996278,8.811967194080353,0.25764716416597366,0.0017485095813754015,0.015476032858714461,0.42920367320510344,178.20652460004203
158,10112,268,2.665998278185108,-2.665998278185108,4.1875,4.740178571428571,0.025123981138070423,12.277640422185263,0.328570231795311,0.0044039560186017,0.010416666666666666,0.42920367320510344,179.33870960003696
159,10176,259,2.6345408229146834,-2.6345408229146834,4.046875,5.181473214285714,-0.05979997478425503,6.41965951025486,0.24374291952699423,0.005080742933286271,0.039496528605620064,0.42920367320510344,180.4947212000843
160,10240,245,2.5096099746714917,-2.5096099746714917,3.828125,4.943489583333333,-0.010116730816662312,7.901009380817413,0.26827698573470116,0.00260699232967454,0.013613448361866176,0.42920367320510344,181.5562637000112
161,10304,253,1.6886061926061706,-1.6886061926061706,3.953125,5.078980654761905,-0.009014053735882044,4.673086762428284,0.24648450314998627,0.00389038833691302,0.010812500142492354,0.42920367320510344,182.59613850002643
162,10368,242,3.028138641949153,-3.028138641949153,3.78125,5.2798735119047615,-0.01420917350333184,17.14733362197876,0.19861016795039177,0.009831588220549747,0.018537554889917374,0.42920367320510344,183.59545650007203
163,10432,256,2.8521154785517044,-2.8521154785517044,4,5.669438244047619,-0.011059286771342158,9.425344049930573,0.2590379063040018,0.013646450417581946,0.0234375,0.42920367320510344,184.67042880004738
164,10496,259,1.9628041264282998,-1.9628041264282998,4.046875,4.945151289682539,0.07554058854778607,3.602114031712214,0.24458829313516617,0.0014964798974688165,0.006510416666666667,0.42920367320510344,185.81440780009143
165,10560,263,2.0153483929727676,-2.0153483929727676,4.109375,5.090606398809523,0.022227281937375665,2.4823275804519653,0.24438103040059408,0.0020055082921620246,0.023623512436946232,0.42920367320510344,186.94842830009293
166,10624,244,2.0765347450961724,-2.0765347450961724,3.8125,5.496428571428571,-0.008425415027886629,3.5653052031993866,0.20952595584094524,0.0024677932281065296,0.01252693950664252,0.42920367320510344,188.02047160000075
167,10688,264,2.1393113521234053,-2.1393113521234053,4.125,5.432465277777778,0.018794668683161337,3.6405520538489022,0.20645081562300524,0.0017771068475364398,0.021484375,0.42920367320510344,189.14189180009998
168,10752,260,2.202917544729576,-2.202917544729576,4.0625,5.398883928571428,0.017274047403285902,5.201429665088654,0.1977754384279251,0.002189303258395133,0.031901041666666664,0.42920367320510344,190.260726800072
169,10816,251,1.6802404785517049,-1.6802404785517049,3.921875,5.1457589285714285,-0.006653251359239221,3.6755633652210236,0.20398990623652935,0.0024835896629156196,0.007034425623714924,0.42920367320510344,191.35641990008298
170,10880,255,1.8938052743048945,-1.8938052743048945,3.984375,5.370014880952381,-0.006051679840311408,3.2888041734695435,0.2077026627957821,0.0012336566794601822,0.012772207148373127,0.42920367320510344,192.4369241000386
171,10944,269,2.304065134188727,-2.304065134188727,4.203125,5.003143601190477,0.0033406259026378393,4.025907595952352,0.20011145249009132,0.00700352951040865,0.016927083333333332,0.42920367320510344,193.56125280004926
172,11008,265,2.075566856003619,-2.075566856003619,4.140625,5.309895833333333,0.027956477211167414,2.6085491279760995,0.19644949088493982,0.0018017240624127833,0.022931134328246117,0.42920367320510344,194.68454600009136
173,11072,260,2.047358826794897,-2.047358826794897,4.0625,5.308909970238095,0.006150892780472835,3.0609749952952066,0.1803478313765178,0.0005107140314066783,0.005859375,0.42920367320510344,195.78035910008475
174,11136,245,1.9858958676442588,-1.9858958676442588,3.828125,5.760546875,-0.006041396642103791,3.827425956726074,0.18113998882472515,0.001430205149745234,0.01849626109469682,0.42920367320510344,196.86509640002623
175,11200,249,1.8156111225480869,-1.8156111225480869,3.890625,5.3039434523809526,-0.005049035418778658,3.184761017560959,0.18953602015972137,0.0007498037830373505,0.006028860923834145,0.42920367320510344,197.92942160007078
176,11264,264,2.0643666264282996,-2.0643666264282996,4.125,5.473363095238096,-0.0456089104215304,2.6978761851787567,0.19041100144386292,0.003350074265957422,0.055989583333333336,0.42920367320510344,199.02528940001503
177,11328,274,1.8657355486097893,-1.8657355486097893,4.28125,4.973251488095238,-0.020315029968818028,3.442207266887029,0.18157008786996207,0.0006360170233771593,0.005208333333333333,0.42920367320510344,200.16679350007325
178,11392,256,1.783185778185108,-1.783185778185108,4,5.4717633928571425,-0.010905615636147559,2.381991922855377,0.22009816765785217,0.002380158523010323,0.0224609375,0.42920367320510344,201.25349370006006
179,11456,263,2.339048622548087,-2.339048622548087,4.109375,5.481473214285714,-0.059976966275523104,5.673648635546367,0.22336897936960062,0.0021578988519195264,0.0368303582072258,0.42920367320510344,202.40048850001767
180,11520,274,2.7385231633974483,-2.7385231633974483,4.28125,5.092633928571429,-0.007793895162952443,5.604901909828186,0.19849363466103873,0.0049948776795645244,0.03414351865649223,0.42920367320510344,203.550939100096
181,11584,242,1.5286918560036191,-1.5286918560036191,3.78125,5.211532738095238,-0.0026390954153612256,2.5521416068077087,0.2120210938155651,0.000586008627578849,0.0064590186811983585,0.42920367320510344,204.59480190009344
182,11648,276,2.2339600894591514,-2.2339600894591514,4.3125,5.030580357142857,-0.05560517831084629,2.8649921317895255,0.2174493484199047,0.0019870026711335718,0.014583333395421505,0.42920367320510344,205.7452682000585
183,11712,262,1.7146707528565992,-1.7146707528565992,4.09375,5.381063988095238,0.046132618794217706,2.753611077864965,0.19052413975199065,0.0012652187648806528,0.013671875,0.42920367320510344,206.8940785001032
184,11776,233,1.5418970155208538,-1.5418970155208538,3.640625,5.9965029761904765,-0.007391946739517152,2.7414702624082565,0.17163768410682678,0.009192402181270154,0.009644717443734407,0.42920367320510344,207.93710610002745
185,11840,252,1.2051990816987246,-1.2051990816987246,3.9375,4.9366071428571425,-0.0031116205791477114,1.600179836153984,0.19259457662701607,0.0003863726110466814,0.005008820444345474,0.42920367320510344,208.98725790006574
186,11904,240,1.4050055038802136,-1.4050055038802136,3.75,4.992057291666667,-0.007154658640502021,2.3754636645317078,0.1675050761550665,0.000951616097609076,0.008231026935391128,0.42920367320510344,209.99968430004083
187,11968,242,1.866772589459151,-1.866772589459151,3.78125,5.30859375,-0.009370310232043266,4.506114512681961,0.2386640328913927,0.0006897906878293725,0.009388706181198359,0.42920367320510344,211.0030781000387
188,12032,266,2.4215292412159592,-2.4215292412159592,4.15625,5.623660714285714,-0.05030992909451015,4.099613507588704,0.2373169076939424,0.005017453113850934,0.050260417784253754,0.42920367320510344,212.1555908001028
189,12096,259,1.9628041264282998,-1.9628041264282998,4.046875,5.255766369047619,-0.03694108019893368,3.0123857458432517,0.21401348574242243,0.0014980401679641393,0.004557291666666667,0.42920367320510344,213.30632590001915
190,12160,251,2.071211237335746,-2.071211237335746,3.921875,5.989750744047619,-0.00479706865735352,3.2226395905017853,0.19718330539762974,0.0015239734175338526,0.013989455997943878,0.42920367320510344,214.37101050000638
191,12224,246,1.7684595155208536,-1.7684595155208536,3.84375,5.675297619047619,-0.006094868585933,3.158096104860306,0.18347342312335968,0.0011269209212514397,0.011569782625883818,0.42920367320510344,215.4257303000195
192,12288,267,2.0745298151542566,-2.0745298151542566,4.171875,4.844419642857143,-0.02184418650964896,2.674909770488739,0.26840652773777646,0.0034226839497932815,0.014322916666666666,0.42920367320510344,216.5610488000093
193,12352,247,2.2809042412159597,-2.2809042412159597,3.859375,5.666331845238095,-0.01320437784306705,5.0707239508628845,0.2380631361156702,0.008701339454432855,0.010356486774981022,0.42920367320510344,217.61497500003316
194,12416,252,2.6463631827985155,-2.6463631827985155,3.9375,5.6101190476190474,-0.008345183217898011,6.693158835172653,0.2111564427614212,0.0034976517495124426,0.024918094277381897,0.42920367320510344,218.72336510010064
195,12480,258,1.8287471303085132,-1.8287471303085132,4.03125,5.53969494047619,-0.042791456915438175,3.6082972958683968,0.30425804496432346,0.0006344813106503958,0.006510416666666667,0.42920367320510344,219.81989580008667
196,12544,260,2.0941646750380887,-2.0941646750380887,4.0625,5.299181547619048,0.017284615042929847,3.2537542283535004,0.18697389548954865,0.000872589293673324,0.008463541666666666,0.42920367320510344,220.97281520010438
197,12608,245,1.6144910524900022,-1.6144910524900022,3.828125,5.37421875,-0.008883394650183618,1.8429300040006638,0.19042292051017284,0.0018045244169115904,0.015566573361866176,0.42920367320510344,222.0347089000279
198,12672,276,2.2059595155208536,-2.2059595155208536,4.3125,5.095145089285714,-0.040553358073035874,3.2198687891165414,0.26509181410074234,0.003742517186462161,0.028776041852931183,0.42920367320510344,223.18791780003812
199,12736,233,2.091330159517235,-2.091330159517235,3.640625,5.366257440476191,-0.00789522286504507,4.8638211488723755,0.19545114785432816,0.004052697983752296,0.014192708535119891,0.42920367320510344,224.19980540010147
200,12800,258,1.898091741215959,-1.898091741215959,4.03125,5.390457589285714,-0.08941337171321113,2.6935784917635224,0.2782919159265778,0.0028319034366480387,0.016276041666666668,0.42920367320510344,225.26966060011182
201,12864,259,2.120229470791278,-2.120229470791278,4.046875,5.287797619047619,0.09010711265727878,3.3493260641892753,0.21889066703928015,0.002616374627298986,0.018229166666666668,0.42920367320510344,226.36632680008188
202,12928,264,3.090984400733194,-3.090984400733194,4.125,5.69585193452381,-0.01855597827428331,7.091712007919948,0.14891451216923693,0.0022587230923818424,0.0234375,0.42920367320510344,227.5103108000476
203,12992,251,2.2517283229146834,-2.2517283229146834,3.921875,5.240494791666666,-0.004692068323493004,3.0839479863643646,0.1777701061218977,0.0005983363085420024,0.008987550623714924,0.42920367320510344,228.587200100068
204,13056,253,1.7840845155208533,-1.7840845155208533,3.953125,5.316722470238095,-0.009023271297337487,3.4855782985687256,0.20402132533490658,0.0010891473923493322,0.009882812621071935,0.42920367320510344,229.69659330009017
205,13120,254,2.148990478551705,-2.148990478551705,3.96875,5.12421875,-0.00405916478484869,3.203678250312805,0.21789748966693878,0.0005660999891006213,0.0019841270986944437,0.42920367320510344,230.76402330002747
206,13184,262,2.3082132975861747,-2.3082132975861747,4.09375,4.974107142857143,-0.01768216211348772,4.109953383604686,0.18004710180684924,0.007975922499301605,0.012369791666666666,0.42920367320510344,231.84802630008198
207,13248,259,1.7038162820653218,-1.7038162820653218,4.046875,5.917447916666666,-0.06826486097027858,2.134725973010063,0.21742035433029136,0.001001952018365652,0.006510416666666667,0.42920367320510344,232.94987560005393
208,13312,250,2.270671900733194,-2.270671900733194,3.90625,5.881175595238095,-0.005123778193592443,5.186298370361328,0.23722473718225956,0.0034339325939072296,0.008004610426723957,0.42920367320510344,234.03830980008934
209,13376,256,2.311048048609789,-2.311048048609789,4,5.142020089285714,-0.010243846103549004,5.735418856143951,0.21464589796960354,0.0033737839839886874,0.013671875,0.42920367320510344,235.15238740004133
210,13440,262,2.3019219007331944,-2.3019219007331944,4.09375,5.575911458333334,-0.06488392145062487,4.205359528462092,0.19218044572820267,0.0011801829281618363,0.008463541666666666,0.42920367320510344,236.25269400002435
211,13504,244,2.5094025194010667,-2.5094025194010667,3.8125,5.3402529761904765,-0.012071872086380608,8.52011227607727,0.16973111033439636,0.006046941765816882,0.016433189855888486,0.42920367320510344,237.2575111000333
212,13568,255,2.1653759123738343,-2.1653759123738343,3.984375,5.158965773809523,-0.007799208629876375,4.4388942420482635,0.1942858938127756,0.002546934820657043,0.01473302161321044,0.42920367320510344,238.3251639000373
213,13632,253,1.9680584824319183,-1.9680584824319183,3.953125,5.108370535714286,-0.006368672737153247,2.91691392660141,0.20909101516008377,0.0009522157793071528,0.008906250237487257,0.42920367320510344,239.41671980009414
214,13696,245,1.8574389863121317,-1.8574389863121317,3.828125,5.733556547619048,-0.005851876689121127,2.922121614217758,0.19343151152133942,0.0020685466333816294,0.008087940863333642,0.42920367320510344,240.4364698000718
215,13760,261,2.3267422003665974,-2.3267422003665974,4.078125,5.630171130952381,-0.06374967563897371,3.1659004588921866,0.21908978124459585,0.0017743571869080672,0.013671875,0.42920367320510344,241.553198800073
216,13824,279,2.7352045855789378,-2.7352045855789378,4.359375,4.790401785714286,-0.0011247799072104196,4.544167598088582,0.24406363690892854,0.0010568841569996341,0.009765625,0.42920367320510344,242.6821022001095
217,13888,231,1.3637997704246811,-1.3637997704246811,3.609375,5.708854166666667,-0.007656472036615014,2.8798279762268066,0.25921464897692204,0.0019699153726833174,0.012903898721560836,0.42920367320510344,243.65746470005251
218,13952,252,2.1581166264283,-2.1581166264283,3.9375,5.524032738095238,-0.007121779723092914,4.04412454366684,0.2484617941081524,0.0006970747905370445,0.006961945444345474,0.42920367320510344,244.73107249999885
219,14016,252,2.0235066517568083,-2.0235066517568083,3.9375,5.185491071428571,-0.01191043623839505,2.4844090342521667,0.25476557202637196,0.0048667673527234,0.02976940479129553,0.42920367320510344,245.8157002000371
220,14080,244,1.8382190369691487,-1.8382190369691487,3.8125,5.7066220238095235,-0.016399489482864738,3.884611338376999,0.2731551416218281,0.0037889901987000485,0.03943292028270662,0.42920367320510344,246.8422347001033
221,14144,253,2.0118223598838325,-2.0118223598838325,3.953125,4.995572916666666,-0.005128879158291966,2.2691647559404373,0.23305100947618484,0.0010630889364620089,0.012835937668569386,0.42920367320510344,247.88010380009655
222,14208,236,1.9294108929727676,-1.9294108929727676,3.6875,5.392150297619048,-0.007707830227445811,9.284882724285126,0.21740888059139252,0.0015079084660101216,0.007559317164123058,0.42920367320510344,248.85394380008802
223,14272,245,1.8089048151542566,-1.8089048151542566,3.828125,5.464322916666666,-0.005915610439842567,5.629588097333908,0.26662166230380535,0.001170228252249217,0.010316506610251963,0.42920367320510344,249.89055190002546
224,14336,260,1.498617200366597,-1.498617200366597,4.0625,5.538144841269841,0.053041500660280384,4.0533983061711,0.2609633443256219,0.029140788501536008,0.07877604166666667,0.42920367320510344,251.06350610009395
225,14400,269,2.4437913968529807,-2.4437913968529807,4.203125,5.155059523809524,0.015444191172719002,4.569026231765747,0.2217013562719027,0.009100139673970867,0.019330929964780807,0.42920367320510344,252.16639980010223
226,14464,254,2.072939560250429,-2.072939560250429,3.96875,5.232477678571429,-0.009657336602685973,5.777518630027771,0.2082340456545353,0.002027480561082484,0.012757316697388887,0.42920367320510344,253.23932849999983
227,14528,284,3.509333367644259,-3.509333367644259,4.4375,5.062034970238095,-0.024020725550750893,8.251466472943624,0.20723547413945198,0.012542090238639503,0.033389137436946235,0.42920367320510344,254.4246460000286
228,14592,241,1.7595408229146838,-1.7595408229146838,3.765625,5.627604166666667,-0.007848828565329313,2.6269106566905975,0.1943719144910574,0.0006186003636230453,0.006118639372289181,0.42920367320510344,255.4651262999978
229,14656,261,1.9595547003665974,-1.9595547003665974,4.078125,5.105171130952381,-0.11189278851573665,2.400905887285868,0.203692107150952,0.003346968961826254,0.009765625,0.42920367320510344,256.6071603000164
230,14720,248,1.3827433482431921,-1.3827433482431921,3.875,5.089136904761904,-0.0013129294384270906,2.204169377684593,0.19909078627824783,0.0007908393395155144,0.005013020941987634,0.42920367320510344,257.662931800005
231,14784,252,1.6550055038802134,-1.6550055038802134,3.9375,5.564174107142857,-0.004175905836746097,2.7183291912078857,0.21603373438119888,0.0004612367198433276,0.004945816472172737,0.42920367320510344,258.7315011000028
232,14848,265,2.532079585578938,-2.532079585578938,4.140625,5.271168154761905,-0.05161846956859032,3.986351042985916,0.2537405031422774,0.0026627174074747018,0.012369791666666666,0.42920367320510344,259.85594320006203
233,14912,250,1.8345547003665972,-1.8345547003665972,3.90625,5.592912946428571,-0.008259355556219816,2.7155372202396393,0.209403395652771,0.0018874033021347714,0.01884285337291658,0.42920367320510344,260.92431370005943
234,14976,246,1.8891730486097889,-1.8891730486097889,3.84375,5.825,-0.012048411997966468,3.773881107568741,0.20767052844166756,0.002087392126213672,0.026632018387317657,0.42920367320510344,261.98369130003266
235,15040,251,2.2719163968529807,-2.2719163968529807,3.921875,5.606956845238095,-0.008474363610730506,3.5635379552841187,0.20399163663387299,0.002036233118360542,0.019070756621658802,0.42920367320510344,263.0214877000544
236,15104,250,1.8781802743048945,-1.8781802743048945,3.90625,5.51640625,-0.004730210406705737,2.8063748478889465,0.20753645151853561,0.00044389535150912707,0.00609951326623559,0.42920367320510344,264.0493655001046
237,15168,247,1.6946901341887264,-1.6946901341887264,3.859375,4.846875,-0.005681833950802684,1.923926681280136,0.1780453845858574,0.0007233757952462838,0.011259191553108394,0.42920367320510344,265.0758100000676
238,15232,259,1.9518805038802134,-1.9518805038802134,4.046875,5.080561755952381,-0.06024967157281935,2.405281158785025,0.1661465585542222,0.0007727717990491101,0.009114583333333334,0.42920367320510344,266.22742960008327
239,15296,266,2.2002902489763865,-2.2002902489763865,4.15625,4.804799107142857,-0.0018319778610020876,2.7895295222600303,0.17337395871678987,0.0024968622710730415,0.01549479179084301,0.42920367320510344,267.3502992000431
240,15360,230,1.805586237335746,-1.805586237335746,3.59375,5.664918154761905,-0.00130227577756159,4.4343505799770355,0.20419547334313393,0.0012317964060457598,0.006606158218346536,0.42920367320510344,268.35953560005873
241,15424,257,2.282770867644259,-2.282770867644259,4.015625,4.9430555555555555,-0.01062919587517778,2.566308838004867,0.14163957376335995,0.0015909799209718283,0.014322916666666666,0.42920367320510344,269.51675830001477
242,15488,277,3.4590706380689396,-3.4590706380689396,4.328125,5.351692708333333,-0.045122345288594566,9.242912371953329,0.23663427804907164,0.012052177661341071,0.028118799751003582,0.42920367320510344,270.6819612000836
243,15552,258,2.228498278185108,-2.228498278185108,4.03125,4.988095238095238,-0.16802213643677533,3.507515470186869,0.23747334403621304,0.0011562331831858803,0.01171875,0.42920367320510344,271.8008522000164
244,15616,258,1.6724279785517053,-1.6724279785517053,4.03125,5.057496279761905,-0.007885548596580824,1.9727633173267047,0.22395762708038092,0.0014783168905220616,0.010416666666666666,0.42920367320510344,272.87864400004037
245,15680,266,2.5649887567368133,-2.5649887567368133,4.15625,4.947061011904762,0.030080485778550308,5.090480446815491,0.17530482883254686,0.002069814054266317,0.020052083457509678,0.42920367320510344,273.9846157000866
246,15744,274,2.0721099746714917,-2.0721099746714917,4.28125,4.928268172799423,-0.0503998032072559,2.644277036190033,0.19632954895496368,0.0015664705081993209,0.02032696766157945,0.42920367320510344,275.14517740008887
247,15808,261,2.200566856003619,-2.200566856003619,4.078125,5.051488095238096,0.05470052997892102,3.632378021876017,0.24995065542558828,0.002085070412917389,0.025781250248352688,0.42920367320510344,276.2287257000571
248,15872,253,1.9671597450961726,-1.9671597450961726,3.953125,5.493996888528138,-0.0044564311101567,2.3819923400878906,0.22347682155668736,0.0006170023216327536,0.008929687435738742,0.42920367320510344,277.3437255000463
249,15936,243,1.8019910524900022,-1.8019910524900022,3.796875,5.7722098214285715,-0.012133895419538021,2.4070805311203003,0.2034863494336605,0.004630280988749291,0.017705502221360803,0.42920367320510344,278.375148500083
250,16000,249,1.9863107781851082,-1.9863107781851082,3.890625,5.86328125,-0.009607635729480535,3.127732068300247,0.1823413036763668,0.002325255640243995,0.01819957362022251,0.42920367320510344,279.4370878000045
251,16064,231,1.6335729338221294,-1.6335729338221294,3.609375,5.23960193452381,-0.003933370695449412,2.4211342185735703,0.20144060626626015,0.0009456450893594592,0.012164365965873003,0.42920367320510344,280.40719060006086
252,16128,270,2.4838909377023426,-2.4838909377023426,4.21875,4.954799107142857,0.025551976015170414,6.023307114839554,0.19267299926529327,0.004601910948319225,0.01311383955180645,0.42920367320510344,281.5665022000903
253,16192,266,2.727115478551705,-2.727115478551705,4.15625,5.207192460317461,0.015552147990092635,5.3284680644671125,0.25641918803254765,0.0048462166826842195,0.016927083333333332,0.42920367320510344,282.7156591000967
254,16256,252,3.08517683067511,-3.08517683067511,3.9375,5.648214285714285,-0.013626211322844028,10.822273522615433,0.2683101575821638,0.004503890977503033,0.01779863890260458,0.42920367320510344,283.7731325000059
255,16320,266,1.8178235077604272,-1.8178235077604272,4.15625,5.2365699404761905,0.0029312303910652795,2.7320973674456277,0.21482618153095245,0.001484249400164117,0.01744791679084301,0.42920367320510344,284.87398570007645
256,16384,247,1.4529866964863838,-1.4529866964863838,3.859375,5.444345238095238,-0.0056654056534171104,3.197325423359871,0.18512015603482723,0.0004316983997796342,0.0030035452218726277,0.42920367320510344,285.94331660005264
257,16448,248,1.9660535524900022,-1.9660535524900022,3.875,5.05327380952381,-0.00654214050155133,4.714549332857132,0.1483866674825549,0.00852214123392514,0.011067708488553762,0.42920367320510344,286.99626750010066
258,16512,241,1.8363521750380887,-1.8363521750380887,3.765625,5.84507068452381,-0.009276894270442426,2.260389268398285,0.18358656950294971,0.001888047088868916,0.015097829047590494,0.42920367320510344,288.08864960004576
259,16576,265,2.286573507760427,-2.286573507760427,4.140625,5.452604166666666,0.043571074958890676,4.464512020349503,0.23802879452705383,0.0032624332773896945,0.015625,0.42920367320510344,289.1975653000409
260,16640,257,2.1199528637640457,-2.1199528637640457,4.015625,5.325706845238095,0.01005292342354854,1.839698163625144,0.3256744730301679,0.002006532585558792,0.010416666666666666,0.42920367320510344,290.2841793000698
261,16704,271,1.5554479338221296,-1.5554479338221296,4.234375,4.913541666666666,-0.05878845353921255,1.6908832341432571,0.15849199642737707,0.00038568630153198075,0.0032552083333333335,0.42920367320510344,291.4125523000257
262,16768,274,2.51859781903447,-2.51859781903447,4.28125,5.176804315476191,0.022599993312420946,4.447324236234029,0.1945345333466927,0.0007948554786404808,0.0078125,0.42920367320510344,292.5653912000125
263,16832,246,2.105434056370216,-2.105434056370216,3.84375,5.23046875,-0.0036023941938765347,2.426620751619339,0.22798236832022667,0.0008021903164490141,0.003989009535871446,0.7123889803846897,293.6449299000669
264,16896,252,1.8590983929727676,-1.8590983929727676,3.9375,5.347879464285715,-0.010356199461966753,2.5064157247543335,0.19553502835333347,0.002561853626730226,0.014963457360863686,0.42920367320510344,294.71978320006747
265,16960,251,1.9271293560036187,-1.9271293560036187,3.921875,5.627380952380952,-0.009185568196699023,2.3719731867313385,0.20992962457239628,0.00302547574028722,0.02508892258629203,0.42920367320510344,295.7869677999988
266,17024,264,2.1926160524900022,-2.1926160524900022,4.125,5.151060267857143,0.10442582758453985,3.3926038344701133,0.19265580736100674,0.0023656360693469955,0.01171875,0.42920367320510344,296.90390820009634
267,17088,237,1.794178552490002,-1.794178552490002,3.703125,5.485453869047619,-0.007023131591267884,3.8681356012821198,0.1700052209198475,0.0018040137592834071,0.010912413941696286,0.42920367320510344,297.90528659999836
268,17152,248,1.6746403637640455,-1.6746403637640455,3.875,5.4171875,-0.00449634350661654,2.4821022003889084,0.1744906883686781,0.0010938923830963176,0.002994791720993817,0.42920367320510344,299.0050987000577
269,17216,268,2.308697359883832,-2.308697359883832,4.1875,5.082533482142857,0.01426314616886278,6.533241788546245,0.20657224704821905,0.001856321640692234,0.017361111318071682,0.42920367320510344,300.1422180000227
270,17280,276,2.5015208676442593,-2.5015208676442593,4.3125,5.139713541666667,-0.04261079663410783,3.188369393348694,0.19857129827141762,0.0020468772342307298,0.024869791852931183,0.42920367320510344,301.3195972000249
271,17344,280,2.8432659377023426,-2.8432659377023426,4.375,5.006677827380952,0.04115591539690892,9.82711660861969,0.21794998894135156,0.006484814820093258,0.03320312531044086,0.42920367320510344,302.4962179000722
272,17408,264,1.939435778185108,-1.939435778185108,4.125,4.781473214285715,0.018298059701919556,2.9179248909155526,0.18241512961685658,0.0011811831112330158,0.006510416666666667,0.42920367320510344,303.59098200011067
273,17472,249,1.8486585972195777,-1.8486585972195777,3.890625,5.111346726190476,-0.0059046815149486065,2.8445546478033066,0.19316564686596394,0.0004308812347062485,0.003962745307944715,0.42920367320510344,304.6667447000509
274,17536,248,2.1903345155208536,-2.1903345155208536,3.875,5.296230158730158,-0.008239486836828291,4.654728263616562,0.17331324703991413,0.0015730628251731105,0.01015625020954758,0.42920367320510344,305.71044400008395
275,17600,259,2.5561392158874505,-2.5561392158874505,4.046875,5.431584821428571,0.059284341793196894,5.224268734455109,0.20154202853639921,0.0006700552718636269,0.007161458333333333,0.42920367320510344,306.80079170002136
276,17664,253,2.242809630308513,-2.242809630308513,3.953125,5.0481026785714285,-0.003833992872387171,2.835807114839554,0.16508764028549194,0.00023108590062292933,0.001953125,0.42920367320510344,307.8273421000922
277,17728,251,1.6793417412159595,-1.6793417412159595,3.921875,5.081919642857143,-0.006529155652970076,1.4527366906404495,0.19530515372753143,0.0007749117385174031,0.008987550623714924,0.42920367320510344,308.8979231000412
278,17792,252,2.378871556370216,-2.378871556370216,3.9375,5.120982142857143,-0.006035294383764267,5.08166378736496,0.1796964816749096,0.0076240822559157095,0.012002267874777317,0.42920367320510344,310.00033440010156
279,17856,245,1.8967780933393643,-1.8967780933393643,3.828125,5.019996279761905,-0.007822754210792482,2.6142989099025726,0.19129580073058605,0.0009788129618186758,0.010132879368029535,0.42920367320510344,311.0220691000577
280,17920,244,2.055240478551705,-2.055240478551705,3.8125,5.583723958333334,-0.007680894224904478,2.848294883966446,0.17752990685403347,0.0025785609163904155,0.016938308137468994,0.42920367320510344,312.0732252000598
281,17984,249,2.129977748976386,-2.129977748976386,3.890625,4.806138392857143,-0.0037534734001383185,2.0577927827835083,0.15454562567174435,0.00024812331247403563,0.00206611561588943,0.42920367320510344,313.122101200046
282,18048,248,1.6169800447295757,-1.6169800447295757,3.875,5.7390252976190474,-0.0067107530776411295,4.048515558242798,0.15824519470334053,0.0014223910181954125,0.008072916767559946,0.42920367320510344,314.1939420000417
283,18112,270,1.961836237335746,-1.961836237335746,4.21875,4.755877976190476,-0.00290146516636014,4.0937220603227615,0.16183782011891404,0.007005264871709382,0.01702008955180645,0.42920367320510344,315.35698400007095
284,18176,262,2.4948145602504286,-2.4948145602504286,4.09375,5.058965773809524,-0.04968341959950825,3.5874860336383185,0.15644011584421,0.001133062170993071,0.01171875,0.42920367320510344,316.44070650008507
285,18240,252,2.113246556370216,-2.113246556370216,3.9375,5.583630952380952,-0.0034975241869688034,4.035592496395111,0.15456672199070454,0.0009607993415556848,0.01193926390260458,0.42920367320510344,317.5149614000693
286,18304,248,1.9672288968529807,-1.9672288968529807,3.875,5.145963541666666,-0.007023750920780003,5.05158793926239,0.15032717771828175,0.001920341126947278,0.01015625020954758,0.42920367320510344,318.56333660008386
287,18368,250,1.3957410524900025,-1.3957410524900025,3.90625,5.401785714285714,-0.00482809916138649,2.063128635287285,0.15086369588971138,0.0003226631073403041,0.0029777151066809893,0.42920367320510344,319.63053040008526
288,18432,252,2.4113660524900027,-2.4113660524900027,3.9375,5.515625,-0.007684047566726804,4.970327436923981,0.14205743465572596,0.0011101512665163682,0.011844757944345474,0.42920367320510344,320.74661700008437
289,18496,249,2.04763543382213,-2.04763543382213,3.890625,5.2981026785714285,-0.003759227227419615,3.242483764886856,0.1689085140824318,0.0007263518020863557,0.01010459684766829,0.42920367320510344,321.79325300001074
290,18560,262,1.5250966711578748,-1.5250966711578748,4.09375,5.192522321428571,0.06550822500139475,2.794911374648412,0.14671648084186018,0.001944866041892664,0.008463541666666666,0.42920367320510344,322.8943391001085
291,18624,271,2.4009954084936207,-2.4009954084936207,4.234375,5.186011904761905,-0.022253168746829033,3.1436292926470437,0.18933482964833578,0.0026136179785680724,0.02152777835726738,0.42920367320510344,324.0294470000081
292,18688,266,2.2949389863121317,-2.2949389863121317,4.15625,4.96928943452381,0.005664756405167282,4.327576657136281,0.13934496541817984,0.003664937046868507,0.009765625,0.42920367320510344,325.1920860001119
293,18752,264,2.405627634188727,-2.405627634188727,4.125,5.214880952380953,-0.0747119643104573,4.5710635582606,0.18780478710929552,0.001597090915311128,0.015625,0.42920367320510344,326.33813840011135
294,18816,262,2.27157063806894,-2.27157063806894,4.09375,5.3571800595238095,-0.14883473981171846,2.291713774204254,0.19017184556772312,0.001437207782449453,0.0223524309694767,0.42920367320510344,327.4507998001063
295,18880,256,2.0706580232812803,-2.0706580232812803,4,5.258854166666667,-0.009517834521830082,2.910971462726593,0.22240044176578522,0.0016901208000490442,0.013671875,0.42920367320510344,328.52604930009693
296,18944,272,2.442477748976386,-2.442477748976386,4.25,4.699640376984127,-0.015271962465097507,3.345145801703135,0.1760910078883171,0.0017629964374161016,0.006510416666666667,0.42920367320510344,329.68593430006877
297,19008,261,2.191786466911065,-2.191786466911065,4.078125,5.376041666666667,0.057027209705362715,4.435982505480449,0.16694290873905024,0.0015034144939818361,0.009765625,0.42920367320510344,330.8388824000722
298,19072,269,2.5907077937059615,-2.5907077937059615,4.203125,5.100725446428571,-0.019883028284918208,3.9889242351055145,0.13864461394647756,0.0004528364895008963,0.005208333333333333,0.42920367320510344,331.96471870003734
299,19136,264,2.263896441582556,-2.263896441582556,4.125,5.353422619047619,0.0034153141702214875,5.4624438881874084,0.14520874619483948,0.006098234148036378,0.029947916666666668,0.42920367320510344,333.0553801000351
300,19200,261,2.0297288968529807,-2.0297288968529807,4.078125,5.222526041666667,-0.12273026599238317,2.6407600417733192,0.1254454837185733,0.0009326274525847111,0.011067708333333334,0.42920367320510344,334.1765054001007
301,19264,243,1.540998278185108,-1.540998278185108,3.796875,5.600533234126984,-0.00430329522350803,3.0256545543670654,0.16456682421267033,0.003416873057403791,0.008364469860680401,0.42920367320510344,335.21047560009174
302,19328,251,1.682729470791278,-1.682729470791278,3.921875,5.32265625,-0.008054725360125303,2.0250318944454193,0.1732510980218649,0.0009796114251230392,0.008987550623714924,0.42920367320510344,336.30695850006305
303,19392,259,1.9401270602504295,-1.9401270602504295,4.046875,5.1686941964285715,-0.043750937562435865,2.3561779310305915,0.15655998349034203,0.001436659209919829,0.01171875,0.42920367320510344,337.3876075000735
304,19456,240,2.133434630308513,-2.133434630308513,3.75,5.1905133928571425,-0.005941000301390886,3.1564042568206787,0.14611713588237762,0.0006049116301767299,0.008510044775903225,0.42920367320510344,338.4090935999993
305,19520,253,1.9368084824319183,-1.9368084824319183,3.953125,5.377827380952381,-0.004438981879502535,2.9691430628299713,0.13865474238991737,0.0017116334187221582,0.007929687621071935,0.42920367320510344,339.4877571000252
306,19584,249,1.9748339415825562,-1.9748339415825562,3.890625,5.041889880952381,-0.003324292367324233,1.9561643153429031,0.15594402514398098,0.0006286902429337715,0.00694892811588943,0.42920367320510344,340.4975228999974
307,19648,244,1.6779589415825564,-1.6779589415825564,3.8125,5.230989583333334,-0.00368012412218377,2.720999985933304,0.13224251102656126,0.0005196430279283959,0.00811557110864669,0.42920367320510344,341.59649260004517
308,19712,274,2.296045178918302,-2.296045178918302,4.28125,5.243266369047619,-0.013127868374188742,3.0466883182525635,0.15842639779051146,0.0028285883545322577,0.005859375,0.42920367320510344,342.760268400074
309,19776,264,1.7628594007331941,-1.7628594007331941,4.125,5.678881448412699,-0.022256057399014633,3.0164206524689994,0.1451488322733591,0.0017156674972890567,0.0078125,0.42920367320510344,343.8783898000838
310,19840,255,1.958171900733194,-1.958171900733194,3.984375,5.383965773809524,-0.0059875872830161825,2.2941527664661407,0.12714394088834524,0.0006830269279589629,0.007866326253861189,0.42920367320510344,344.93835030007176
311,19904,269,2.2783460972195777,-2.2783460972195777,4.203125,5.020386904761905,-0.02569507745405038,4.010936309893926,0.15589408514400324,0.0017941568680347093,0.018780048315723736,0.42920367320510344,346.0900994000258
312,19968,253,1.8065541264282996,-1.8065541264282996,3.953125,5.431324404761905,-0.003946847515180707,2.910533905029297,0.123746900819242,0.0008596572670285241,0.008882812689989805,0.42920367320510344,347.1884985000361
313,20032,253,1.7316785524900022,-1.7316785524900022,3.953125,5.931994047619048,-0.007199451676569879,2.1677018105983734,0.1617080820724368,0.0014056887521292083,0.01390625024214387,0.42920367320510344,348.2437285000924
314,20096,243,1.5654728190344702,-1.5654728190344702,3.796875,5.449813988095238,-0.0008981611390481703,2.7547563016414642,0.1486478205770254,0.0008633507379727234,0.0070567254442721605,0.42920367320510344,349.2974402999971
315,20160,249,1.7001519454627694,-1.7001519454627694,3.890625,5.4640625,-0.00807154574431479,2.012581080198288,0.1161892106756568,0.0008056046624460578,0.010048101656138897,0.42920367320510344,350.3551048000809
316,20224,243,1.7381774046134078,-1.7381774046134078,3.796875,5.364880952380952,-0.006538030575029552,1.9408019930124283,0.1324321674183011,0.0014891123908000736,0.01694972813129425,0.42920367320510344,351.3678785000229
317,20288,248,1.820105044729576,-1.820105044729576,3.875,5.265066964285714,-0.003932128835003823,2.6017180681228638,0.11097163241356611,0.000592427918775229,0.00800781266298145,0.42920367320510344,352.4387882000301
318,20352,246,2.734997130308513,-2.734997130308513,3.84375,4.983296130952381,-0.011935628717765212,15.218639492988586,0.14386884961277246,0.015252298517225427,0.013440148206427693,0.42920367320510344,353.46607580001
319,20416,249,1.9647399046134075,-1.9647399046134075,3.890625,4.974404761904762,-0.008717038435861468,2.544144183397293,0.12041681353002787,0.0018320217632208369,0.014180333004333079,0.42920367320510344,354.521473800065
320,20480,248,2.0049085972195777,-2.0049085972195777,3.875,5.436173115079365,-0.002460240386426449,3.329247534275055,0.127554040402174,0.00038592020030137064,0.004036458441987634,0.42920367320510344,355.5380444000475
321,20544,244,1.7997786672776621,-1.7997786672776621,3.8125,5.86069568452381,-0.0038586423033848405,3.3116306364536285,0.12344875279814005,0.001614040662161642,0.010169719811528921,0.42920367320510344,356.5933777000755
322,20608,244,1.6789959824319183,-1.6789959824319183,3.8125,5.310416666666667,-0.007011888548731804,1.8188793063163757,0.15458974428474903,0.0006215422596369535,0.009193157427944243,0.42920367320510344,357.6545623000711
323,20672,251,2.0520602042468106,-2.0520602042468106,3.921875,5.096298363095238,-0.0071509990375489,2.362562209367752,0.127928014844656,0.00124067208616907,0.011020070873200893,0.42920367320510344,358.7044619000517
324,20736,245,1.7650717859455345,-1.7650717859455345,3.828125,5.297916666666667,-0.0076873801299370825,2.197072759270668,0.13627537712454796,0.0009851805061771302,0.013613448711112142,0.42920367320510344,359.73942550003994
325,20800,247,2.023299196486384,-2.023299196486384,3.859375,5.769605654761905,-0.008576138643547893,1.8860809355974197,0.12619290221482515,0.0013847796867594298,0.015165441553108394,0.42920367320510344,360.762315900065
326,20864,257,2.3533599746714913,-2.3533599746714913,4.015625,5.470721726190476,-0.08841472274313371,2.7076359258498996,0.12427108730217047,0.0007559848939611887,0.008463541666666666,0.42920367320510344,361.9040997000411
327,20928,252,2.063052978551705,-2.063052978551705,3.9375,5.410230654761905,-0.005361710951547138,2.2518135756254196,0.1215148912742734,0.001600906545718317,0.011907761916518211,0.42920367320510344,363.0019135000184
328,20992,256,1.625898737335746,-1.625898737335746,4,5.516145833333334,-0.0029661147855222225,1.7489888817071915,0.11325621046125889,0.0004260709902155213,0.0078125,0.42920367320510344,364.0678502001101
329,21056,228,1.7495159377023426,-1.7495159377023426,3.5625,6.032440476190477,-0.004560367262456566,3.7464973628520966,0.11454022023826838,0.0010924327092425301,0.009179687360301614,0.42920367320510344,365.0277270000661
330,21120,271,2.228152519401067,-2.228152519401067,4.234375,5.461755952380952,0.02606904654142757,2.5715544621149697,0.12691070325672626,0.003172626747497039,0.013368055845300356,0.42920367320510344,366.1687807000708
331,21184,255,1.6257604338221296,-1.6257604338221296,3.984375,5.425564236111111,-0.006025738490279764,1.9690140783786774,0.16165092401206493,0.0017342582427772868,0.015694205183535814,0.42920367320510344,367.2384671000764
332,21248,282,2.9388825641306426,-2.9388825641306426,4.40625,4.861439732142857,-0.03366749330113331,3.7421304980913797,0.15609793116648993,0.0034419599705870496,0.02649238829811414,0.42920367320510344,368.4630234000506
333,21312,242,1.4941924299419158,-1.4941924299419158,3.78125,5.598735119047619,-0.009903361089527607,2.442440003156662,0.15859799645841122,0.0009168716893555029,0.008412143681198359,0.42920367320510344,369.52739120007027
334,21376,242,1.468680848243192,-1.468680848243192,3.78125,5.6390625,-0.0077561114449054,1.3809812515974045,0.15881450101733208,0.0018965773497257032,0.021330181043595076,0.42920367320510344,370.53687900002114
335,21440,248,2.002903667277662,-2.002903667277662,3.875,5.717838541666667,-0.0036785107804462314,3.5240346491336823,0.1958092711865902,0.0009582967534242925,0.010091145988553762,0.42920367320510344,371.59662770002615
336,21504,255,1.7955613521234053,-1.7955613521234053,3.984375,5.002901785714286,-0.004354437813162804,4.032315880060196,0.16717599891126156,0.0018084297962559504,0.006859005894511938,0.42920367320510344,372.6732230000198
337,21568,249,2.256153093339365,-2.256153093339365,3.890625,5.622544642857143,-0.005597651470452547,5.476686954498291,0.18639099039137363,0.0073017975519178435,0.015156895387917757,0.42920367320510344,373.80535960011184
338,21632,240,1.8365596303085132,-1.8365596303085132,3.75,5.187165178571428,-0.00296125806926284,2.389808416366577,0.11056377179920673,0.00043184531944007176,0.005161830456927419,0.42920367320510344,374.8080579000525
339,21696,255,1.8455474746714915,-1.8455474746714915,3.984375,5.268043154761905,-0.011334476177580655,2.0605320930480957,0.15249273367226124,0.0060867099127790425,0.03334153536707163,0.42920367320510344,375.87742810009513
340,21760,234,1.6536227042468108,-1.6536227042468108,3.65625,5.918936011904762,-0.007700605667196214,2.081092268228531,0.09876586776226759,0.0014862325324429548,0.004514298401772976,0.42920367320510344,376.89184610010125
341,21824,233,1.2262858929727674,-1.2262858929727674,3.640625,4.793415178571428,-0.004187480779364705,1.7516047954559326,0.13576210755854845,0.0014801551783421019,0.019717262010090053,0.42920367320510344,377.8889210000634
342,21888,269,2.2392144454627694,-2.2392144454627694,4.203125,5.09296875,-0.0709302759108444,4.590209424495697,0.1489802092934648,0.002607980480743066,0.013571714982390404,0.42920367320510344,379.05086420010775
343,21952,246,1.4706166264282996,-1.4706166264282996,3.84375,5.216369047619048,-0.0042933328077197075,2.5021015107631683,0.16404470521956682,0.0005812827239424223,0.0029296875,0.42920367320510344,380.08549389999826
344,22016,267,2.2636198345553233,-2.2636198345553233,4.171875,4.993377976190477,-0.01574005714307229,2.5624528924624124,0.18265833208958307,0.005034876310674008,0.03965435673793157,0.42920367320510344,381.2146003000671
345,22080,282,2.2558764863121317,-2.2558764863121317,4.40625,5.084188988095238,0.019118453453605373,3.6501116355260215,0.13844181100527445,0.0019551969192737793,0.015574919991195202,0.42920367320510344,382.4094003000064
346,22144,235,1.832134859883832,-1.832134859883832,3.671875,5.530338541666667,-0.0012569157988764346,2.1105117052793503,0.1011316105723381,0.0008959572477351685,0.008195823524147272,0.42920367320510344,383.4116517000366
347,22208,235,1.730572359883832,-1.730572359883832,3.671875,5.982477678571429,-0.0031816703267395496,2.1444859951734543,0.11290232185274363,0.002471337888891867,0.009154132334515452,0.42920367320510344,384.47751710005105
348,22272,245,1.8355917412159595,-1.8355917412159595,3.828125,5.185602678571429,-0.0035580898984335363,2.477381110191345,0.13313862215727568,0.0008922626636262976,0.006226629368029535,0.42920367320510344,385.519713900052
349,22336,245,1.9058350894591511,-1.9058350894591511,3.828125,5.225446428571429,0.0023343004286289215,2.5686459094285965,0.11474021896719933,0.00024313788969720918,0.004181690746918321,0.42920367320510344,386.55309650010895
350,22400,250,1.9436530933393645,-1.9436530933393645,3.90625,5.244754464285714,-0.006247634068131447,2.8434400260448456,0.12907444592565298,0.00096580638364685,0.01215099892579019,0.42920367320510344,387.6134295000229
351,22464,267,2.7748200641306426,-2.7748200641306426,4.171875,5.3586309523809526,0.01898210453024755,4.415056685606639,0.15288562513887882,0.003755007231120544,0.033380682269732155,0.42920367320510344,388.7651484000962
352,22528,243,2.2916204084936207,-2.2916204084936207,3.796875,5.470349702380952,-0.00033392244949936867,2.641552150249481,0.11890599876642227,0.000352788166424034,0.0021739129442721605,0.42920367320510344,389.8433539000107
353,22592,262,2.2116287820653215,-2.2116287820653215,4.09375,5.660639880952381,0.14508822339121252,4.353934983412425,0.14466368593275547,0.014446611461304807,0.023003472636143368,0.42920367320510344,390.95059900009073
354,22656,248,2.033877060250429,-2.033877060250429,3.875,4.7609375,-0.004376495257019997,2.770363360643387,0.13026279024779797,0.0018596673562569777,0.005143229383975267,0.42920367320510344,391.9554957000073
355,22720,260,2.1234788968529807,-2.1234788968529807,4.0625,5.215234375,-0.025868734267229836,3.262974500656128,0.10675993844023897,0.001519840753947695,0.009114583333333334,0.42920367320510344,393.0312966000056
356,22784,247,1.3645602042468108,-1.3645602042468108,3.859375,5.70952380952381,-0.005722505040466785,1.4178057610988617,0.15044374018907547,0.002289570561515575,0.020195969147607684,0.42920367320510344,394.1103924000636
357,22848,269,2.2112830232812803,-2.2112830232812803,4.203125,5.217633928571429,0.01370571778776745,3.439669370651245,0.18738948181271553,0.0005933586451950154,0.01031650664905707,0.42920367320510344,395.29153500008397
358,22912,256,2.2838079084936207,-2.2838079084936207,4,4.896168154761905,-0.005655922461301088,3.5555518567562103,0.15654491260647774,0.0019653720810310915,0.0166015625,0.42920367320510344,396.38394820003305
359,22976,258,2.395326141949153,-2.395326141949153,4.03125,5.2564360119047615,-0.02272648612658183,5.81972152988116,0.1301115671565346,0.0011902267773014803,0.006510416666666667,0.42920367320510344,397.4663002000889
360,23040,248,2.501590019401067,-2.501590019401067,3.875,5.245070684523809,-0.004284714115783572,3.872380882501602,0.22934854589402676,0.0009233332256144422,0.008919270941987634,0.42920367320510344,398.5184609000571
361,23104,255,1.7607161672776621,-1.7607161672776621,3.984375,5.604278273809524,-0.0057018588995561,2.7322537004947662,0.1845912467688322,0.0008766280589043163,0.010788324289023876,0.42920367320510344,399.60398250003345
362,23168,254,2.156872130308513,-2.156872130308513,3.96875,4.913355654761904,-0.007293352042324841,3.6556833386421204,0.15923804230988026,0.0013778729817204294,0.011827257229015231,0.42920367320510344,400.81836190004833
363,23232,264,1.9928096303085132,-1.9928096303085132,4.125,4.87890625,0.026599371650566656,2.251493697365125,0.17405987530946732,0.005019495758460835,0.015625,0.42920367320510344,401.9860989000881
364,23296,249,1.9043831380689402,-1.9043831380689402,3.890625,5.757533482142857,-0.0048157072160393,3.0324265360832214,0.18403559178113937,0.0009782884285414184,0.012977789039723575,0.42920367320510344,403.0419942000881
365,23360,253,1.5720408229146836,-1.5720408229146836,3.953125,5.6979910714285715,-0.0031903544440865517,1.7578959614038467,0.17694210074841976,0.00038166034596542886,0.004976562689989805,0.42920367320510344,404.1127946000779
366,23424,280,2.434665248976386,-2.434665248976386,4.375,4.897842261904762,-0.009436800610274076,3.898542453845342,0.1705318788687388,0.0010921436984669224,0.014539930659035841,0.42920367320510344,405.27462979999837
367,23488,250,1.8767283229146836,-1.8767283229146836,3.90625,5.831361607142857,-0.00554845854640007,3.0411439538002014,0.19941019639372826,0.00047757890911270806,0.0049788677133619785,0.42920367320510344,406.3777056001127
368,23552,244,1.5644357781851082,-1.5644357781851082,3.8125,5.887909226190477,-0.005786064197309315,2.1064216643571854,0.18337899260222912,0.0015063886526149872,0.015355603653006256,0.42920367320510344,407.3819887000136
369,23616,250,1.9714462120072371,-1.9714462120072371,3.90625,5.890736607142857,-0.005837273085489869,3.0252738893032074,0.18417279049754143,0.0008934624245284795,0.007956582820042968,0.42920367320510344,408.4900098000653
370,23680,254,1.9569274046134075,-1.9569274046134075,3.96875,5.235825892857143,-0.006308092153631151,3.1003634333610535,0.17569296061992645,0.003162070227517688,0.014741443796083331,0.42920367320510344,409.5560265000677
371,23744,242,1.6839739669110647,-1.6839739669110647,3.78125,5.941034226190476,-0.004296293715015054,2.3766020834445953,0.1366776693612337,0.0007613924840370601,0.005242598708719015,0.42920367320510344,410.5620418000035
372,23808,238,1.6107575641306424,-1.6107575641306424,3.71875,5.47788318452381,-0.0013964984100311995,3.1658602356910706,0.13115390855818987,0.0011601843735888906,0.008291903301142156,0.42920367320510344,411.60564870003145
373,23872,232,1.6536227042468103,-1.6536227042468103,3.625,5.78125,-0.003839400189463049,3.272442638874054,0.13674678932875395,0.00034123979173728003,0.0031550481216982007,0.42920367320510344,412.5864244000986
374,23936,253,1.6178787820653213,-1.6178787820653213,3.953125,4.903379216269841,-0.0054657828295603395,2.464091718196869,0.16062358021736145,0.0006270511297543635,0.008882812689989805,0.42920367320510344,413.6409093000693
375,24000,256,1.9740043560036187,-1.9740043560036187,4,4.904613095238095,-0.00673528912011534,2.7712807953357697,0.1283599492162466,0.0017589349008630961,0.01953125,0.42920367320510344,414.70862750010565
376,24064,254,1.5598035524900027,-1.5598035524900027,3.96875,5.136383928571429,-0.004407454573083669,2.2285506427288055,0.1708677913993597,0.00035023274278955796,0.004913814598694444,0.42920367320510344,415.78696210007183
377,24128,277,2.1967642158874505,-2.1967642158874505,4.328125,4.8819196428571425,-0.0007297183231761059,2.733763446410497,0.16757645457983017,0.0016555824004171882,0.021546379042168457,0.42920367320510344,417.0234063001117
378,24192,244,1.5910535524900025,-1.5910535524900025,3.8125,5.400260416666667,-0.003663599258288741,2.1173559576272964,0.1302297357469797,0.0012987833856641373,0.011348329833708704,0.42920367320510344,418.08204720006324
379,24256,270,2.0530280933393645,-2.0530280933393645,4.21875,5.505877976190476,-0.04218517399082581,3.587431768576304,0.16583317642410597,0.0018509707084983045,0.01506696455180645,0.42920367320510344,419.21503970003687
380,24320,261,2.011822359883832,-2.011822359883832,4.078125,5.529241071428571,0.028173192869871855,3.168011168638865,0.15400098885099092,0.002427969592569449,0.025781250248352688,0.42920367320510344,420.3008486001054
381,24384,263,2.107992200366597,-2.107992200366597,4.109375,5.361458333333333,0.02974031299042205,2.249677742520968,0.09885559147611882,0.0006581476905177889,0.0078125,0.42920367320510344,421.39873800007626
382,24448,267,1.7340292412159592,-1.7340292412159592,4.171875,5.161160714285714,-0.007695888401940465,2.547152583797773,0.15675358101725578,0.0017032994075467656,0.02687026560306549,0.42920367320510344,422.64364210003987
383,24512,245,1.9572731633974485,-1.9572731633974485,3.828125,5.439806547619048,-0.005190963944187388,2.6329286694526672,0.15172346774488688,0.0011778665148085565,0.013705262099392712,0.42920367320510344,423.66076620004606
384,24576,246,1.85750813806894,-1.85750813806894,3.84375,5.480295138888889,-0.010538903763517737,2.7718378007411957,0.1475567277520895,0.003159168469665019,0.014582230127416551,0.42920367320510344,424.71172310004476
385,24640,251,1.6714600894591511,-1.6714600894591511,3.921875,5.411458333333333,-0.0054521337151527405,1.7193129062652588,0.17949219979345798,0.001065644732079818,0.009924415498971939,0.42920367320510344,425.7617423000047
386,24704,250,1.9708240816987244,-1.9708240816987244,3.90625,5.843861607142857,-0.0057402614038437605,2.3820745050907135,0.13952503353357315,0.0016740952180498425,0.013031505746766925,0.42920367320510344,426.79743610008154
387,24768,239,1.9036227042468106,-1.9036227042468106,3.734375,6.034337797619048,-0.004837456741370261,5.78397935628891,0.17274781875312328,0.004047899379202136,0.01779807172715664,0.42920367320510344,427.8619538000785
388,24832,228,1.268528667277662,-1.268528667277662,3.5625,6.172842261904762,-0.0057388474233448505,2.1686923801898956,0.13411739747971296,0.0008406448005189304,0.006132812472060323,0.42920367320510344,428.8276978000067
389,24896,261,1.73734781903447,-1.73734781903447,4.078125,5.402380952380953,0.07304326988135774,1.9025260681907337,0.1547294845804572,0.0009367352016861711,0.008463541666666666,0.42920367320510344,429.92969980009366
390,24960,248,1.6192615816987244,-1.6192615816987244,3.875,5.257886904761905,-0.0063623624155297875,2.0870620757341385,0.1591938491910696,0.001463379667143272,0.005013020941987634,0.42920367320510344,430.9466920000268
391,25024,250,1.6043278637640457,-1.6043278637640457,3.90625,5.05859375,-0.002437633345834911,1.6123126596212387,0.13642209209501743,0.00015665867363168218,0.0009765625,0.42920367320510344,432.00316620001104
392,25088,250,1.7416342859455347,-1.7416342859455347,3.90625,5.184635416666667,-0.006342819542624056,1.9036600887775421,0.1735624447464943,0.0006987235565247829,0.01000576326623559,0.42920367320510344,433.11623320006765
393,25152,236,1.6066785524900022,-1.6066785524900022,3.6875,5.197135416666667,0.0013373750553000718,1.7460752874612808,0.12419503461569548,0.0029838999246294406,0.0031105324160307646,0.42920367320510344,434.122967000003
394,25216,238,1.7159844007331941,-1.7159844007331941,3.71875,5.4056733630952385,-0.0013404670171439648,2.3905953466892242,0.14171416778117418,0.00043577210851708514,0.007634943118318915,0.42920367320510344,435.1040649000788
395,25280,239,1.430517085578938,-1.430517085578938,3.734375,5.060677083333333,-0.006143604405224323,1.9613478928804398,0.14860089216381311,0.00045439894529408775,0.0054810671135783195,0.42920367320510344,436.10270490008406
396,25344,255,2.354120408493621,-2.354120408493621,3.984375,5.685472470238095,-0.0042343264212831855,4.515692293643951,0.18498187512159348,0.0002521679640494767,0.0029450664296746254,0.42920367320510344,437.2030330999987
397,25408,247,1.562015937702343,-1.562015937702343,3.859375,4.936309523809523,-0.0046672947210026905,2.711462065577507,0.18695504032075405,0.00039605861530844777,0.005178243387490511,0.42920367320510344,438.2852474000538
398,25472,259,1.7717780933393643,-1.7717780933393643,4.046875,5.257366071428572,0.027558947913348675,5.100532203912735,0.2127462662756443,0.0010511931953563665,0.005208333333333333,0.42920367320510344,439.3779409000417
399,25536,251,1.834554700366597,-1.834554700366597,3.921875,5.372482638888889,-0.007123193237930536,3.357667565345764,0.24966025538742542,0.0014562709692427234,0.006994727998971939,0.42920367320510344,440.408135100035
400,25600,274,2.247856766544468,-2.247856766544468,4.28125,5.275576636904762,-0.00842114530193309,2.6560919086138406,0.2735605686903,0.0034270985815965105,0.040147569651405014,0.42920367320510344,441.5921288001118
401,25664,255,2.059734400733194,-2.059734400733194,3.984375,5.377399553571428,-0.004577467683702707,3.219029128551483,0.252362921833992,0.0002613528306483204,0.0019608144648373127,0.42920367320510344,442.67066480009817
402,25728,261,2.401479470791278,-2.401479470791278,4.078125,5.396837797619048,-0.08939159475266933,3.246356323361397,0.2504839632650449,0.01289254064514959,0.036197916915019356,0.42920367320510344,443.8305415000068
403,25792,274,2.057314560250429,-2.057314560250429,4.28125,5.062053571428572,-0.015054848898823062,2.2868032356103263,0.2211988034347693,0.0013153258259990253,0.007161458333333333,0.42920367320510344,445.00089540006593
404,25856,247,2.2450911672776614,-2.2450911672776614,3.859375,5.734561011904762,-0.007581853540614247,3.57806533575058,0.19673261046409607,0.002540361928367929,0.01028262882027775,0.42920367320510344,446.06163370003924
405,25920,249,1.5620850894591511,-1.5620850894591511,3.890625,5.290550595238095,-0.007144599920138717,1.7428220063447952,0.17636828497052193,0.0019401871991249209,0.012057722080498934,0.42920367320510344,447.13019410008565
406,25984,249,2.0455613521234053,-2.0455613521234053,3.890625,5.787034970238095,-0.00559394876472652,2.708800196647644,0.17499358765780926,0.0009943846698661218,0.013090779772028327,0.42920367320510344,448.1882933001034
407,26048,248,1.481886007760427,-1.481886007760427,3.875,5.363578869047619,-0.007233700715005398,2.3352998197078705,0.18200238980352879,0.000661974945160182,0.007096354267559946,0.42920367320510344,449.3095576000633
408,26112,223,1.5330474746714917,-1.5330474746714917,3.484375,5.806584821428571,-0.006562074180692434,2.2354513853788376,0.17777493596076965,0.001206522347729333,0.005900493357330561,0.42920367320510344,450.2483494000044
409,26176,262,1.5809595155208538,-1.5809595155208538,4.09375,5.04155505952381,-0.13794331656148037,1.4713123838106792,0.16566956353684267,0.0017545459013987852,0.024956597636143368,0.42920367320510344,451.3329410000006
410,26240,233,1.9144080232812803,-1.9144080232812803,3.640625,5.749479166666666,-0.004705924075096846,2.5067896246910095,0.17076940089464188,0.0009533074887713155,0.009430803707800806,0.42920367320510344,452.3129538000794
411,26304,259,1.7917587120072374,-1.7917587120072374,4.046875,5.840699404761905,-0.20361318920428553,2.0855090618133545,0.16075520374759789,0.0006171293371153297,0.006510416666666667,0.42920367320510344,453.42601890000515
412,26368,251,1.7474418560036187,-1.7474418560036187,3.921875,5.76953125,-0.008564345072954893,2.186559170484543,0.16567078791558743,0.0010886636391660431,0.013989456463605165,0.42920367320510344,454.5444955000421
413,26432,281,2.337527519401067,-2.337527519401067,4.390625,4.636495535714285,-0.0017561378578344982,2.6470835208892822,0.18090028564135233,0.002931366109502657,0.024973958109815914,0.42920367320510344,455.69388780009467
414,26496,263,2.245920752856599,-2.245920752856599,4.109375,5.341480654761905,0.05998010607436299,2.1623737886548042,0.19833584062386458,0.002079709570959191,0.021019345770279568,0.42920367320510344,456.8273085000692
415,26560,252,2.304203437702343,-2.304203437702343,3.9375,5.3891865079365076,-0.004536560270935297,4.907215595245361,0.17852496355772018,0.0006604371039315993,0.006993447430431843,0.42920367320510344,457.892387000029
416,26624,245,1.5153483929727674,-1.5153483929727674,3.828125,5.866071428571429,-0.006817350396886468,2.6722980737686157,0.18238707818090916,0.0005211105915350345,0.003998063621111214,0.42920367320510344,458.9363024000777
417,26688,259,2.2683212120072374,-2.2683212120072374,4.046875,4.729631696428571,-0.0350125286107262,2.691743632157644,0.1741833440028131,0.0028801447372188704,0.038194445272286735,0.42920367320510344,460.28054000006523
418,26752,250,2.041689560250429,-2.041689560250429,3.90625,5.235863095238095,-0.007844460662454367,3.928702801465988,0.2124345749616623,0.0018302598646187107,0.015128713566809893,0.42920367320510344,461.43553870008327
419,26816,254,2.114352748976386,-2.114352748976386,3.96875,4.9421875,-0.0068744117161259055,2.3339362740516663,0.18791727162897587,0.0031860257363405253,0.014787946711294353,0.42920367320510344,462.5339421000099
420,26880,253,2.009402519401067,-2.009402519401067,3.953125,5.697321428571429,-0.007805848843418062,2.9025112688541412,0.20821082778275013,0.0005764013279758728,0.006906250142492354,0.42920367320510344,463.59112170001026
421,26944,258,2.3076603190344698,-2.3076603190344698,4.03125,5.413950892857143,-0.13627796495954195,3.651521106561025,0.22814740299994204,0.0016863784212546307,0.009114583333333334,0.42920367320510344,464.73294280003756
422,27008,260,2.0777100894591514,-2.0777100894591514,4.0625,5.540885416666667,0.032453973001490034,1.8766833345095317,0.21973159536719322,0.002631499019723075,0.012369791666666666,0.42920367320510344,466.9034231000114
423,27072,259,1.9704783229146836,-1.9704783229146836,4.046875,5.390420386904762,0.05666460826372107,4.311112438639005,0.2109158399204413,0.0017085845425413027,0.0329861119389534,0.42920367320510344,468.1609184000408
424,27136,264,1.8965706380689398,-1.8965706380689398,4.125,4.865252976190476,-0.051430611250301204,2.0946108400821686,0.13747193128801882,0.0015793161534626658,0.007161458333333333,0.42920367320510344,469.35351090005133
425,27200,263,2.250483826794897,-2.250483826794897,4.109375,5.6179315476190474,-0.09009318783258398,3.2594466706116996,0.1509163675509626,0.0007610315516899391,0.006510416666666667,0.42920367320510344,470.5487231001025
426,27264,241,1.8189297003665974,-1.8189297003665974,3.765625,5.610974702380952,-0.01213850500062108,3.0712341964244843,0.1731354109942913,0.0015916747202027182,0.021933766547590494,0.42920367320510344,471.65502480010036
427,27328,256,1.7964600894591511,-1.7964600894591511,4,5.526078869047619,-0.0039576273411512375,2.316355913877487,0.16541973128914833,0.0006620503700105473,0.0048828125,0.42920367320510344,472.746138800052
428,27392,245,1.960453437702343,-1.960453437702343,3.828125,5.692559523809524,-0.008858204411808401,3.764421597123146,0.16418198123574257,0.001037254744232996,0.0051582533633336425,0.42920367320510344,473.78253570001107
429,27456,255,2.2775165116406404,-2.2775165116406404,3.984375,5.015550595238095,-0.009830700408201665,4.7583920657634735,0.15423036366701126,0.0011429493479226949,0.009834830183535814,0.42920367320510344,474.93400220002513
430,27520,241,1.6255529785517049,-1.6255529785517049,3.765625,5.562983630952381,-0.007382775540463626,1.867170974612236,0.18106663040816784,0.0018002331571551622,0.021605364978313446,0.42920367320510344,476.1061009000987
431,27584,253,1.9002349746714915,-1.9002349746714915,3.953125,5.343415178571428,-0.004608663963153958,2.4499431550502777,0.18068216182291508,0.000712601060513407,0.007906250073574483,0.42920367320510344,477.32630910002626
432,27648,248,2.4511889863121317,-2.4511889863121317,3.875,5.211011904761905,-0.008954030170571059,5.417680025100708,0.16273602284491062,0.0029956356854654587,0.007096354383975267,0.42920367320510344,478.4055250000674
433,27712,264,1.856886007760427,-1.856886007760427,4.125,4.5226934523809526,-0.044981954619288445,2.126161128282547,0.1627562769378225,0.0005572515850265821,0.004557291666666667,0.42920367320510344,479.57455600006506
434,27776,262,2.3922150194010667,-2.3922150194010667,4.09375,4.662872023809524,0.07125313735256593,3.024458239475886,0.1438725561990092,0.0012924042918377825,0.016276041666666668,0.42920367320510344,480.82091060001403
435,27840,257,2.0310425447295755,-2.0310425447295755,4.015625,5.339825148809524,0.025833786620448034,2.7849943190813065,0.18236942159403444,0.004381035784414659,0.087890625,0.42920367320510344,482.2404002000112
436,27904,245,1.6189849746714917,-1.6189849746714917,3.828125,5.4310639880952385,-0.011648428757325746,2.215197116136551,0.17012963257730007,0.0011132305767205253,0.017703325720503926,0.42920367320510344,483.29399190004915
437,27968,242,1.6435978190344702,-1.6435978190344702,3.78125,5.613802083333333,-0.007061261683702469,2.2012288868427277,0.14491759426891804,0.0008020194345590426,0.01048519741743803,0.42920367320510344,484.32111390004866
438,28032,255,1.7898920855789378,-1.7898920855789378,3.984375,5.056975446428572,-0.011149667319841683,1.5513287335634232,0.15220658853650093,0.0017938483256330073,0.02352208411321044,0.42920367320510344,485.4888336000731
439,28096,260,2.2881635271614935,-2.2881635271614935,4.0625,5.624776785714285,0.03786636252577106,2.5648474196592965,0.1432054648466874,0.0009269410074921325,0.008463541666666666,0.42920367320510344,486.63154590001795
440,28160,261,1.9180723598838325,-1.9180723598838325,4.078125,5.459244791666666,-0.014154387715583047,2.1586208244164786,0.20661034683386484,0.002969347782557937,0.015625,0.42920367320510344,487.7812731000595
441,28224,257,1.9426160524900027,-1.9426160524900027,4.015625,5.210007440476191,-0.034284657604681947,1.621785710255305,0.13506360917368745,0.001119812533337002,0.005208333333333333,0.42920367320510344,488.8725985001074
442,28288,266,2.328816282065321,-2.328816282065321,4.15625,5.462239583333333,-0.06725883941786985,2.703961888949076,0.1661783866584301,0.0013283526059240103,0.008463541666666666,0.42920367320510344,490.0092104000505
443,28352,258,2.278415248976386,-2.278415248976386,4.03125,5.597110615079365,0.04848369397222996,4.942229747772217,0.2284436406371242,0.001978268541279249,0.013020833333333334,0.42920367320510344,491.1938365000533
444,28416,257,2.405765937702343,-2.405765937702343,4.015625,5.05,0.10041536018252373,2.459445901835958,0.10410369010184503,0.0009971068648155779,0.0078125,0.42920367320510344,492.3648875000654
445,28480,251,2.355434056370216,-2.355434056370216,3.921875,5.924441964285714,-0.008223690383601934,2.8204253911972046,0.16143489256501198,0.0014485186791262095,0.014068851247429848,0.42920367320510344,493.45917130005546
446,28544,253,1.7025026341887264,-1.7025026341887264,3.953125,5.747879464285714,-0.004340487299486995,2.4794427156448364,0.15202654898166656,0.0012513510682765627,0.007906250189989805,0.42920367320510344,494.5550867000129
447,28608,264,2.000622130308513,-2.000622130308513,4.125,4.913876488095238,-0.01820682268589735,3.0194056729475656,0.18909921869635582,0.0006418923924987515,0.006510416666666667,0.42920367320510344,495.7769687999971
448,28672,264,2.574253208127024,-2.574253208127024,4.125,4.972395833333334,-0.0038391129734615483,4.00176739692688,0.11191050855753322,0.0011403471871744841,0.012369791666666666,0.42920367320510344,496.92025910003576
449,28736,232,2.3196901341887264,-2.3196901341887264,3.625,5.87641369047619,-0.01849966449663043,5.285873740911484,0.16254225000739098,0.00887079056337825,0.03463040920905769,0.42920367320510344,497.9501898000017
450,28800,247,1.7468886419491536,-1.7468886419491536,3.859375,5.182886904761904,-0.0026460335357114673,2.7650304436683655,0.11084098555147648,0.000842452824144857,0.008255646214820445,0.42920367320510344,499.00268030003645
451,28864,265,2.633088871524472,-2.633088871524472,4.140625,5.048549107142857,-0.09580072496707241,5.608359485864639,0.1534477425739169,0.0015848610737521085,0.012369791666666666,0.42920367320510344,500.11246510001365
452,28928,246,1.7493776341887266,-1.7493776341887266,3.84375,4.889136904761905,-0.00521335587836802,2.2446128726005554,0.10692206677049398,0.00039994064252368844,0.005048331571742892,0.42920367320510344,501.2242761000525
453,28992,258,2.1431829084936216,-2.1431829084936216,4.03125,5.095796130952381,-0.13123530917800963,2.3584619921942553,0.08943554696943146,0.00039672017252693575,0.005208333333333333,0.42920367320510344,502.4206039001001
454,29056,266,2.1556967859455347,-2.1556967859455347,4.15625,5.080989583333333,0.04511315297956268,1.8224370678265889,0.14923328223327795,0.0006731638587874992,0.005208333333333333,0.42920367320510344,503.62441879999824
455,29120,245,1.9149612373357456,-1.9149612373357456,3.828125,5.440959821428572,-0.007818480604328215,2.5737159848213196,0.1475748522207141,0.0016603052972641308,0.01565838686656207,0.42920367320510344,504.7693603000371
456,29184,255,1.7240043560036185,-1.7240043560036185,3.984375,5.8347098214285715,-0.004610876843798906,2.0085044652223587,0.12277793046087027,0.003268200359570983,0.00881982035934925,0.42920367320510344,505.95089180010837
457,29248,244,1.6023229338221294,-1.6023229338221294,3.8125,5.350520833333333,-0.0002929084002971649,1.9709151983261108,0.1439609918743372,0.0005760966159868985,0.008317618514411151,0.42920367320510344,507.0780415000627
458,29312,252,1.7756498852123412,-1.7756498852123412,3.9375,5.085267857142857,-0.002326605375856161,1.8004077523946762,0.15497532859444618,0.00027007230437448015,0.003969253972172737,0.42920367320510344,508.270305300015
459,29376,258,2.36421444546277,-2.36421444546277,4.03125,5.012872023809524,0.13631787399450937,2.62218709786733,0.22197929409138978,0.0014154934954907124,0.01171875,0.42920367320510344,509.4437361001037
460,29440,257,1.9112969007331941,-1.9112969007331941,4.015625,4.913058035714286,0.14173685448865095,2.6754016826550164,0.26388919105133,0.0014570406929124147,0.016276041666666668,0.42920367320510344,510.5336798001081
461,29504,252,2.1626797003665974,-2.1626797003665974,3.9375,5.336848958333333,-0.006720768171362579,7.055392920970917,0.18364479020237923,0.0025265460431000974,0.018869707360863686,0.42920367320510344,511.59106410003733
462,29568,264,2.4368084824319185,-2.4368084824319185,4.125,5.262109375,-0.02577547317681213,4.562557389338811,0.1885560459146897,0.001135298659695157,0.011067708333333334,0.42920367320510344,512.7410390001023
463,29632,270,2.5150026341887264,-2.5150026341887264,4.21875,5.3658110119047615,-0.014438708157589039,5.628600994745891,0.1626778735468785,0.001833866951528762,0.014322916666666666,0.42920367320510344,513.9599398000864
464,29696,244,2.295146441582556,-2.295146441582556,3.8125,5.3467633928571425,-0.003407031705137342,2.9630970656871796,0.1476452872157097,0.0004894479964150378,0.007139008608646691,0.42920367320510344,514.9839376000455
465,29760,247,1.835591741215959,-1.835591741215959,3.859375,5.46821056547619,-0.008446952910162508,2.4618826508522034,0.13770998548716307,0.002131878043655888,0.0152392991585657,0.42920367320510344,516.0240431000711
466,29824,252,1.8400165116406404,-1.8400165116406404,3.9375,5.2951636904761905,-0.008148023800458759,2.696513742208481,0.11262884084135294,0.0027319227497173415,0.008978074416518211,0.42920367320510344,517.0969173000194
467,29888,245,2.249377634188727,-2.249377634188727,3.828125,5.2776909722222225,-0.00538709363900125,3.3328142166137695,0.14925660379230976,0.0005674137576079374,0.008179754368029535,0.42920367320510344,518.1283878000686
468,29952,259,1.9527792412159595,-1.9527792412159595,4.046875,5.400111607142857,-0.11879452457651496,2.3424252085387707,0.13534994746684484,0.0012717787806953613,0.012369791666666666,0.42920367320510344,519.270224200096
469,30016,240,2.206996556370216,-2.206996556370216,3.75,5.469791666666667,-0.007546310778707266,3.2090795934200287,0.15353157371282578,0.0007432880587430191,0.009486607392318547,0.42920367320510344,520.2801697000396
470,30080,249,2.0496403637640452,-2.0496403637640452,3.890625,5.349665178571429,-0.003370346617884934,2.281518369913101,0.14267258066684008,0.000771817090139848,0.009071539156138897,0.42920367320510344,521.3815223000711
471,30144,254,2.146639789825748,-2.146639789825748,3.96875,5.1481956845238095,-0.0049087463376054075,4.978623181581497,0.1281270021572709,0.0016760982705363858,0.007905506296083331,0.42920367320510344,522.5150721000973
472,30208,241,1.658185778185108,-1.658185778185108,3.765625,5.572209821428571,-0.0018382070702500641,3.019742012023926,0.14405154436826706,0.00018143371988799117,0.0020827571861445904,0.42920367320510344,523.5394845000701
473,30272,230,1.6792034377023428,-1.6792034377023428,3.59375,5.672395833333334,-0.006917186081409454,2.3296242505311966,0.10176251456141472,0.0006380570300734689,0.009057138580828905,0.42920367320510344,524.5789533000207
474,30336,267,2.1645463267948966,-2.1645463267948966,4.171875,5.255208333333333,-0.03803432577600082,2.2279948592185974,0.14581591946383318,0.0010514937249960592,0.014322916666666666,0.42920367320510344,525.7585207000375
475,30400,259,1.8152653637640455,-1.8152653637640455,4.046875,5.015345982142857,0.08709433364371459,3.3130791609485946,0.123947625204111,0.0014881882202204544,0.010416666666666666,0.42920367320510344,526.8747671000892
476,30464,238,1.5822731633974483,-1.5822731633974483,3.71875,5.766629464285714,-0.005438492866232991,1.7918556034564972,0.1361402478069067,0.0006386443203609815,0.007315340801142156,0.42920367320510344,527.9049623000901
477,30528,266,1.956028667277662,-1.956028667277662,4.15625,5.418452380952381,-0.09894586152707537,2.132650444904963,0.12406320963054895,0.0009345003007486715,0.022526041915019352,0.42920367320510344,529.1045781000284
478,30592,238,1.672427978551705,-1.672427978551705,3.71875,5.447767857142857,-0.0025008870288729668,2.131542518734932,0.12890506628900766,0.0001765347923594618,0.0009765625,0.42920367320510344,530.1650158000411
479,30656,257,1.7562222450961724,-1.7562222450961724,4.015625,5.2613095238095235,0.01716167200356722,1.6522334661955635,0.16869715911651328,0.004337429263008137,0.010416666666666666,0.42920367320510344,531.2412987001007
480,30720,233,1.8129838267948968,-1.8129838267948968,3.640625,5.492447916666666,0.00207678199512884,2.3992345929145813,0.11554434336721897,0.00022255076595456558,0.00390625,0.42920367320510344,532.2264052000828
481,30784,278,2.5808903637640452,-2.5808903637640452,4.34375,4.961867559523809,0.027424429543316364,2.752923289934794,0.16456788157423338,0.0009374166872172888,0.012902462234099707,0.42920367320510344,533.4190249000676
482,30848,259,1.7351354338221296,-1.7351354338221296,4.046875,4.9300967261904765,0.06547007026771705,3.9211718837420144,0.1341999361757189,0.007046284923793185,0.041449653605620064,0.42920367320510344,534.5021860999987
483,30912,254,1.7528345155208538,-1.7528345155208538,3.96875,5.338988095238095,-0.005538993107620627,1.6797222942113876,0.17731308192014694,0.0016666241922393965,0.015780010260641575,0.42920367320510344,535.6403097000439
484,30976,248,1.7606470155208538,-1.7606470155208538,3.875,5.2722098214285715,-0.006536412984132767,2.495827943086624,0.18188131786882877,0.0008458864799649746,0.010026041767559946,0.42920367320510344,536.7141554000555
485,31040,242,2.0854534377023426,-2.0854534377023426,3.78125,5.441964285714286,-0.0055751148029230535,3.4996046125888824,0.16391346417367458,0.00046366544540887844,0.005979303736239672,0.42920367320510344,537.7780659000855
486,31104,256,2.1355778637640457,-2.1355778637640457,4,5.153162202380952,-0.010617440333589911,2.947162300348282,0.19075948931276798,0.0009517484359093942,0.0146484375,0.42920367320510344,538.8477707999991
487,31168,231,1.7894080232812803,-1.7894080232812803,3.609375,5.861011904761905,0.003162706969305873,2.2101773768663406,0.16918707452714443,0.0008206666925616446,0.008258115965873003,0.42920367320510344,539.8543011000147
488,31232,260,2.039961237335746,-2.039961237335746,4.0625,5.380059523809524,-0.004101941905294855,2.723414515455564,0.20361011987552047,0.025491700585310657,0.034505208333333336,0.42920367320510344,541.0649432000937
489,31296,259,1.9024473598838318,-1.9024473598838318,4.046875,5.673623511904762,-0.0013388923058907192,1.996872325738271,0.15882773449067972,0.0036607437779518173,0.011067708333333334,0.42920367320510344,542.1825535000535
490,31360,268,2.173534171157875,-2.173534171157875,4.1875,5.2510602678571425,-0.04051444683379183,2.396010314424833,0.12381851843868692,0.00042316775620321323,0.00390625,0.42920367320510344,543.3338821000652
491,31424,249,1.997165248976386,-1.997165248976386,3.890625,5.363392857142857,-0.007911604247055948,2.7285457849502563,0.18779695220291615,0.0008572713741159532,0.008958548423834145,0.42920367320510344,544.4050907000201
492,31488,247,1.7441924299419163,-1.7441924299419163,3.859375,5.52657490079365,-0.004566373652778566,2.141160309314728,0.15016832947731018,0.0007424557716149138,0.007131368387490511,0.42920367320510344,545.4797693000874
493,31552,253,2.5192891010997913,-2.5192891010997913,3.953125,5.7640625,-0.007396824104944244,3.20250603556633,0.16376165114343166,0.0009545280049678695,0.010906250099651515,0.42920367320510344,546.580316000036
494,31616,257,1.7147399046134075,-1.7147399046134075,4.015625,5.059288194444444,0.1339147581408421,2.2779377848492004,0.19132115552246182,0.0010139787033646523,0.005208333333333333,0.42920367320510344,547.6451010000892
495,31680,270,1.6390347450961724,-1.6390347450961724,4.21875,4.894010416666666,0.030978991650044918,1.7401383419831593,0.16988898441195488,0.0028381863575456614,0.02287946455180645,0.42920367320510344,548.8301041000523
496,31744,265,2.3709899046134075,-2.3709899046134075,4.140625,4.966350446428572,-0.08571587922051549,2.4633802473545074,0.17891903780400753,0.0017409243720673355,0.01446759266157945,0.42920367320510344,549.9642827000935
497,31808,266,2.1631635271614935,-2.1631635271614935,4.15625,4.955543154761905,-0.0016987582203000784,3.728074769179026,0.1888911991069714,0.0013371145788975507,0.0078125,0.42920367320510344,551.1028692000546
498,31872,270,2.7103151341887264,-2.7103151341887264,4.21875,5.842819940476191,0.03666377253830433,4.221758306026459,0.22115321457386017,0.004603200793098949,0.04529389925301075,0.42920367320510344,552.2975367000327
499,31936,255,1.8676021750380887,-1.8676021750380887,3.984375,4.663746279761905,-0.007783684122841805,3.0291566848754883,0.17128871008753777,0.000821505507474285,0.007850947324186563,0.42920367320510344,553.4111979000736
500,32000,247,2.018528667277662,-2.018528667277662,3.859375,5.207700892857143,-0.004163249977864325,2.594275951385498,0.1285718558356166,0.0021293965912718704,0.0152392991585657,0.42920367320510344,554.469846400083
