update,episodes,rollout_steps,mean_cost,mean_reward,mean_decisions,mean_branches,actor_loss,critic_loss,entropy,approx_kl,clip_fraction,fixed_greedy_cost,elapsed_seconds
1,16,105,34.9286495171396,-34.9286495171396,6.5625,3.726686507936508,0.012719866150291637,607.4701232910156,1.0842426270246506,1.7079945173748001e-06,0.0,16.84955592153876,0.4423464999999851
2,32,98,40.042587120072376,-40.042587120072376,6.125,4.391121031746032,-0.006163240293972194,541.3589477539062,1.108350396156311,1.7167835686393573e-06,0.0,16.84955592153876,0.8606331000337377
3,48,95,32.71377107350981,-32.71377107350981,5.9375,3.6180307539682537,0.00542576820589602,344.93545722961426,1.037386104464531,3.1737745675997076e-06,0.0,8.283185307179586,1.279398599988781
4,64,109,39.19634859883832,-39.19634859883832,6.8125,4.367361111111111,-0.01544175180606544,468.3510971069336,1.1058459132909775,4.318666986691255e-06,0.0,8.283185307179586,1.8792777999769896
5,80,95,37.29231051304514,-37.29231051304514,5.9375,4.965816648629149,0.001416888553649187,496.2763862609863,1.1828053444623947,8.899725880695541e-06,0.0,8.283185307179586,2.3938552000327036
6,96,108,31.19358252856599,-31.19358252856599,6.75,4.0086737914862915,-0.004253509920090437,230.61028671264648,1.0636464282870293,1.3534424404326728e-05,0.0,8.283185307179586,2.843302399967797
7,112,83,30.150717859455344,-30.150717859455344,5.1875,4.2151289682539685,-0.05788115062750876,250.44538116455078,1.081606686115265,1.9682381392271964e-05,0.0,8.283185307179586,3.2022877000272274
8,128,112,49.334898575128555,-49.334898575128555,7,4.120659722222222,0.00110813754145056,518.8691101074219,1.0816019922494888,2.609356355520731e-05,0.0,8.283185307179586,3.6695432000560686
9,144,105,36.89546326794897,-36.89546326794897,6.5625,3.8481646825396827,-0.007649734383448958,314.6568298339844,1.0658186078071594,5.1466994591464754e-05,0.0,0.42920367320510344,4.107074800063856
10,160,102,37.0124435481813,-37.0124435481813,6.375,4.514829094516594,-0.022673326660878956,323.83300018310547,1.1226345896720886,0.000273087911523362,0.0,0.42920367320510344,4.525918900035322
11,176,98,34.00304079327748,-34.00304079327748,6.125,3.770262896825397,-0.03391594369895756,347.2967014312744,1.0833423286676407,0.00019836534420392127,0.0,0.42920367320510344,4.925098199979402
12,192,91,30.918970155208534,-30.918970155208534,5.6875,4.701785714285714,0.027342660818248987,255.7213315963745,1.1209453344345093,0.0003755581626592175,0.0,2.146018366025517,5.319483699975535
13,208,89,31.048394925633218,-31.048394925633218,5.5625,4.361259920634921,0.020008220802992582,240.11772918701172,1.1607969552278519,0.0007074744357851159,0.006953124888241291,2.146018366025517,5.71133069996722
14,224,92,29.06166923690726,-29.06166923690726,5.75,4.205952380952381,-0.019136093324050307,296.0110454559326,1.0634320601820946,0.0011493653498746426,0.008928571827709675,0.42920367320510344,6.103077600011602
15,240,86,26.41316234964769,-26.41316234964769,5.375,4.1683779761904765,0.007660586852580309,237.9887523651123,1.1407471150159836,0.0015129456123759155,0.009588068351149559,0.42920367320510344,6.462024800013751
16,256,84,21.272952731194064,-21.272952731194064,5.25,4.843303571428572,-0.04096704488620162,135.3308811187744,1.0571449771523476,0.0015434890169672144,0.016015625093132257,2.146018366025517,6.8290979999583215
17,272,95,26.081304567796614,-26.081304567796614,5.9375,3.989186507936508,-0.02863501664251089,320.9188041687012,0.9435507133603096,0.0017104017115343595,0.017956148833036423,2.146018366025517,7.225780299981125
18,288,84,18.734236225480863,-18.734236225480863,5.25,4.843526785714285,-0.005874302587471902,112.75327777862549,1.0030097365379333,0.002448057921810687,0.028515625279396772,2.146018366025517,7.600376300048083
19,304,79,15.840983929727676,-15.840983929727676,4.9375,4.466666666666667,-0.02852137852460146,135.5648045539856,0.9006263613700867,0.0015327842220358434,0.009765625,0.42920367320510344,7.935503600048833
20,320,63,10.731194490192346,-10.731194490192346,3.9375,5.908333333333333,-0.013324269906632047,54.55709266662598,0.8888823240995407,0.0004622611086233519,0.0,0.42920367320510344,8.209076200029813
21,336,69,9.913993112740432,-9.913993112740432,4.3125,4.706597222222222,0.08443463617004454,78.84514999389648,0.8960522562265396,0.002458427715282596,0.013671875,0.42920367320510344,8.50166700000409
22,352,72,10.481471097219579,-10.481471097219579,4.5,4.943526785714286,0.048179991543293,41.10980802774429,0.7732744738459587,0.0016957626212388277,0.01171875,0.42920367320510344,8.815733200055547
23,368,75,8.204922474671491,-8.204922474671491,4.6875,6.243526785714286,0.010086159920319915,43.19149041175842,0.7565981075167656,0.0017144252788057202,0.021129261702299118,0.42920367320510344,9.146380200050771
24,384,78,6.650995408493621,-6.650995408493621,4.875,4.461755952380952,0.07478791708126664,28.129648685455322,0.6215170659124851,0.0012533732869997039,0.018694196827709675,0.42920367320510344,9.489234699984081
25,400,63,6.266592653589793,-6.266592653589793,3.9375,6.109226190476191,-0.014797994098256328,29.6589412689209,0.5794403553009033,0.0005788332364318194,0.007936508394777775,0.42920367320510344,9.766579400049523
26,416,76,8.940541735288518,-8.940541735288518,4.75,4.62358630952381,-0.009291290771216154,27.190745949745178,0.6693831495940685,0.006975583730309154,0.026041666977107525,0.42920367320510344,10.09102960000746
27,432,76,7.02599540849362,-7.02599540849362,4.75,4.15952380952381,-0.07289183861576021,19.03120720386505,0.6545000597834587,0.002124162198015256,0.018229166977107525,0.42920367320510344,10.410457200021483
28,448,77,7.423672474671492,-7.423672474671492,4.8125,4.965922619047619,-0.05391448293812573,11.467872083187103,0.60283163189888,0.0026486096421649563,0.009765625,0.42920367320510344,10.807521200040355
29,464,75,5.300332116834888,-5.300332116834888,4.6875,4.563541666666667,0.005170806194655597,13.974406003952026,0.5120771788060665,0.0013876228559297488,0.023082386702299118,0.42920367320510344,11.138491600053385
30,480,61,3.8877210972195777,-3.8877210972195777,3.8125,4.191369047619047,-0.009165117188860705,12.255826473236084,0.49124787747859955,0.00034160606719524367,0.004098360426723957,0.42920367320510344,11.39567979995627
31,496,72,6.004977984479146,-6.004977984479146,4.5,5.018452380952381,0.03626972995698452,15.235483944416046,0.5354133546352386,0.002302947104908526,0.0390625,0.42920367320510344,11.713172400020994
32,512,63,4.540376147876596,-4.540376147876596,3.9375,5.207291666666666,-0.0072205180185846984,14.474603414535522,0.45855095982551575,0.00026260245067533106,0.0,0.42920367320510344,11.992536899982952
33,528,70,3.2370022957531903,-3.2370022957531903,4.375,4.94375,0.0205251716542989,4.800510227680206,0.5881278216838837,0.0011986463891844323,0.02278645895421505,0.42920367320510344,12.30437859997619
34,544,70,6.508849540849362,-6.508849540849362,4.375,5.152232142857143,-0.05872438428923488,20.840997859835625,0.43749723583459854,0.000661613848095044,0.005859375,0.42920367320510344,12.613187600043602
35,560,65,2.6523784436297855,-2.6523784436297855,4.0625,5.091666666666667,0.0727283542510122,6.7234936356544495,0.6279229633510113,0.00022083971998654306,0.001953125,0.42920367320510344,12.894542700028978
36,576,77,5.004148163397449,-5.004148163397449,4.8125,4.445138888888889,-0.08298948989249766,18.159751296043396,0.41796065494418144,0.001973421737602621,0.017427884973585606,0.42920367320510344,13.228951500030234
37,592,53,1.6700775253285087,-1.6700775253285087,3.3125,6.314583333333333,-0.009517788454310505,5.493376970291138,0.38701730221509933,0.0004301501958252629,0.004716981202363968,0.42920367320510344,13.476546699996106
38,608,69,4.041205968958294,-4.041205968958294,4.3125,5.580282738095238,0.06581667461432517,9.470970526337624,0.6074498929083347,0.0007541904971617441,0.001953125,0.42920367320510344,13.819214300019667
39,624,63,3.5495022957531894,-3.5495022957531894,3.9375,4.605208333333334,-0.007701152295339853,19.769221782684326,0.4278458431363106,0.0002854399772331817,0.003968254197388887,0.42920367320510344,14.088435100042261
40,640,66,2.8885509183012763,-2.8885509183012763,4.125,4.788541666666666,-0.07574621634557843,7.960682589560747,0.3583572623319924,0.0007221966770885047,0.0078125,0.42920367320510344,14.386619600001723
41,656,65,1.6391041323557416,-1.6391041323557416,4.0625,5.435416666666667,-0.3204649805556983,3.000792980194092,0.29852522537112236,0.000991710228845477,0.01171875,0.42920367320510344,14.683965899981558
42,672,66,2.7643807393829745,-2.7643807393829745,4.125,4.705059523809524,-0.009362892480567098,2.733756147325039,0.38983607525005937,0.0005455729842651635,0.00390625,0.42920367320510344,14.96992229996249
43,688,53,2.0224004591506386,-2.0224004591506386,3.3125,6.038541666666667,-0.008202749129850417,5.8889511823654175,0.3870372474193573,0.0004289341322873952,0.004716981202363968,0.42920367320510344,15.211839199997485
44,704,76,3.875829821081698,-3.875829821081698,4.75,4.468303571428572,0.007044054917059839,5.354488879442215,0.42822229489684105,0.0007628629723512859,0.00390625,0.42920367320510344,15.53483270003926
45,720,76,4.049225688725957,-4.049225688725957,4.75,4.487351190476191,-0.06819644384086132,8.95058685541153,0.39658268727362156,0.0007216722547127574,0.005859375,0.42920367320510344,15.85201130004134
46,736,65,2.853705968958293,-2.853705968958293,4.0625,5.931696428571429,-0.02896027034148574,6.797177184198517,0.33579155383631587,0.00022677409288007766,0.001953125,0.42920367320510344,16.143028900027275
47,752,59,2.603152754903828,-2.603152754903828,3.6875,5.888020833333333,-0.0046438993718396215,4.781318664550781,0.3718489035964012,8.282666885861545e-05,0.0,0.42920367320510344,16.39510700001847
48,768,55,1.5448009183012763,-1.5448009183012763,3.4375,5.152083333333334,-0.002416356049996793,3.6035449504852295,0.3156675025820732,7.495466570617282e-05,0.0,0.42920367320510344,16.63345239998307
49,784,63,2.514104132355742,-2.514104132355742,3.9375,4.528125,-0.007359709446540297,4.703242897987366,0.3729611113667488,0.00023262613103725016,0.003968254197388887,0.42920367320510344,16.89730019995477
50,800,81,5.040376147876596,-5.040376147876596,5.0625,4.91875,0.0012598422908922657,10.764729976654053,0.4016023203730583,0.001185295741606751,0.013212316203862429,0.42920367320510344,17.247160300030373
51,816,68,4.709347245096172,-4.709347245096172,4.25,4.6546875,0.08994245016947389,13.388034164905548,0.3932347185909748,0.0018020498100668192,0.01171875,0.42920367320510344,17.563601000001654
52,832,71,3.773506887259569,-3.773506887259569,4.4375,4.831696428571428,0.07730929844547063,6.345550835132599,0.2909190645441413,0.0007451901977901798,0.009765625,0.42920367320510344,17.881755299982615
53,848,66,2.7500000000000004,-2.7500000000000004,4.125,5.998958333333333,0.15532752266153693,7.250054448843002,0.3512949272990227,0.00040510547114536166,0.001953125,0.42920367320510344,18.18440060003195
54,864,70,2.8531527549038276,-2.8531527549038276,4.375,4.338244047619048,0.0593008961295709,3.70209564268589,0.27122003212571144,0.0002735385396590573,0.00390625,0.42920367320510344,18.48091090004891
55,880,64,2.727876147876595,-2.727876147876595,4,4.625,-0.0023545650765299797,6.3106114864349365,0.35553181171417236,2.9616523534059525e-05,0.0,0.42920367320510344,18.750880100065842
56,896,65,4.588772015520854,-4.588772015520854,4.0625,5.741666666666666,0.2532691885717213,39.86329597979784,0.459285207092762,0.001710392374661751,0.0078125,0.42920367320510344,19.037540600053035
57,912,62,2.353152754903828,-2.353152754903828,3.875,4.875,-0.005450602410541627,1.9186514616012573,0.3940623551607132,0.0001467296506234561,0.0,0.42920367320510344,19.302520900033414
58,928,67,2.5442477042468106,-2.5442477042468106,4.1875,5.310416666666667,-0.20841812528669834,2.7116320431232452,0.22027525026351213,6.747241968696471e-05,0.0,0.42920367320510344,19.602353399968706
59,944,66,1.8578541323557416,-1.8578541323557416,4.125,5.015625,0.18918599700555205,6.660038784146309,0.445004116743803,0.0006214421664481051,0.005859375,0.42920367320510344,19.899819800048135
60,960,69,3.7234513774519145,-3.7234513774519145,4.3125,5.665178571428571,-0.001714909914880991,13.079168811440468,0.377853786572814,0.0014608009427092838,0.03281250037252903,0.42920367320510344,20.207588299992494
61,976,61,2.4164825759855257,-2.4164825759855257,3.8125,6.569270833333333,-0.0056235700183489,3.828795850276947,0.4844941794872284,0.00043631121297948994,0.008196720853447914,0.42920367320510344,20.478888800018467
62,992,63,4.361172474671492,-4.361172474671492,3.9375,6.076388888888889,-0.0232395745059919,13.813459873199463,0.40370895713567734,0.007508499053074047,0.047619049437344074,0.42920367320510344,20.76471020001918
63,1008,68,3.990873852123406,-3.990873852123406,4.25,5.1711309523809526,-0.00048012472689151764,6.250510722398758,0.3388352282345295,0.02113411482423544,0.05078125,0.42920367320510344,21.07182820001617
64,1024,57,2.581028902780423,-2.581028902780423,3.5625,5.992113095238095,-0.010604816766684344,4.551355957984924,0.37671107798814774,0.0005237253790255636,0.004385964944958687,0.42920367320510344,21.345284900045954
65,1040,70,2.7154316576842503,-2.7154316576842503,4.375,5.218154761904762,0.08486212976276875,9.124100767076015,0.45682118088006973,0.0002357221630973072,0.0,0.42920367320510344,21.67113400006201
66,1056,67,2.5672013774519145,-2.5672013774519145,4.1875,4.429613095238095,-0.06199756171554327,8.204819172620773,0.43028805777430534,0.0001654430221549319,0.0,0.42920367320510344,21.96324219997041
67,1072,63,2.9828541323557416,-2.9828541323557416,3.9375,5.376041666666667,-0.006953106901149919,9.059309959411621,0.40802406519651413,0.0006446388251788449,0.007936508394777775,0.42920367320510344,22.241614200058393
68,1088,64,3.3799779844791464,-3.3799779844791464,4,5.473958333333333,-0.007667026948183775,6.015573024749756,0.444788821041584,0.0005078829126432538,0.00390625,0.42920367320510344,22.518579100025818
69,1104,73,6.429756887259569,-6.429756887259569,4.5625,4.543576388888889,-0.04844960482296301,14.69851529598236,0.37898467667400837,0.011019832780220895,0.03949652798473835,0.42920367320510344,22.84012339997571
70,1120,72,4.338772015520854,-4.338772015520854,4.5,4.314880952380952,-0.090499093872495,10.87608289718628,0.2723763408139348,0.0033045801101252437,0.02734375,0.42920367320510344,23.146386899985373
71,1136,68,3.728705968958293,-3.728705968958293,4.25,4.700892857142858,0.07117069652304053,5.510150298476219,0.29649535194039345,0.00017403840320184827,0.0,0.42920367320510344,23.445870500057936
72,1152,66,3.3396018366025517,-3.3396018366025517,4.125,4.68125,-0.05099156918004155,6.867806702852249,0.2779555164743215,0.000972449148321175,0.005859375,0.42920367320510344,23.74271460005548
73,1168,68,2.4698564281089306,-2.4698564281089306,4.25,4.813541666666667,0.0065406193025410175,2.3259193897247314,0.3256342760287225,0.0009907152852974832,0.00390625,0.42920367320510344,24.038605300011113
74,1184,67,3.4239490816987255,-3.4239490816987255,4.1875,4.4574404761904765,0.021831221412867308,8.247228972613811,0.3522323099896312,0.0030418338283162427,0.013671875,0.42920367320510344,24.33354360004887
75,1200,69,2.370851836602552,-2.370851836602552,4.3125,4.233854166666666,0.0511323269456625,3.0889414846897125,0.46085210517048836,0.0003346958397258959,0.0,0.42920367320510344,24.635319099994376
76,1216,70,3.5182522957531894,-3.5182522957531894,4.375,4.64702380952381,-0.11399441887624562,5.38112998008728,0.25172959407791495,0.00025800703042477835,0.0,0.42920367320510344,24.938637500046752
77,1232,69,1.5801990816987244,-1.5801990816987244,4.3125,4.39375,-0.02823449147399515,4.636293590068817,0.3314685821533203,0.0016193927046970202,0.02695312537252903,0.42920367320510344,25.249624100048095
78,1248,63,2.455475688725957,-2.455475688725957,3.9375,5.211755952380953,-0.00813927746004639,4.761104702949524,0.342931404709816,0.0002350594954805274,0.003968254197388887,0.42920367320510344,25.533466499997303
79,1264,62,3.2190266070272324,-3.2190266070272324,3.875,4.9875,-0.013945408045284324,12.107775211334229,0.30654697120189667,0.0014253427798394114,0.012096773833036423,0.42920367320510344,25.805834600003436
80,1280,68,3.584623852123406,-3.584623852123406,4.25,5.307291666666667,0.260700948536396,8.225648760795593,0.37920751981437206,0.010740135723608546,0.138671875,0.42920367320510344,26.11483810003847
81,1296,64,2.2099004591506386,-2.2099004591506386,4,4.439583333333333,-0.005479446612298489,3.255431115627289,0.29377324134111404,0.00015069494838826358,0.0,0.42920367320510344,26.387921700021252
82,1312,69,1.7594027549038287,-1.7594027549038287,4.3125,4.251041666666667,0.029659806052222848,1.8725298382341862,0.46407536044716835,0.000777968863303613,0.0,0.42920367320510344,26.696660100016743
83,1328,69,3.1205752295753197,-3.1205752295753197,4.3125,4.828125,-0.023176433751359582,6.42678290605545,0.29084441531449556,0.0003429628329953971,0.0,0.42920367320510344,27.00779900001362
84,1344,59,2.223451377451914,-2.223451377451914,3.6875,5.392708333333333,-0.005004786054595867,4.7658103704452515,0.38150882720947266,0.00048277036876243073,0.0042372881434857845,0.42920367320510344,27.275039799977094
85,1360,68,2.28650459150638,-2.28650459150638,4.25,5.06889880952381,-0.0874475222080946,2.9056936502456665,0.42630577459931374,0.000538270192919299,0.001953125,8.283185307179586,27.57767170004081
86,1376,67,2.7771018366025517,-2.7771018366025517,4.1875,4.113095238095238,0.04910952434875071,10.013408452272415,0.4429837865754962,0.0022164941384943404,0.005859375,8.283185307179586,27.87345730001107
87,1392,74,3.683905050657018,-3.683905050657018,4.625,4.681994047619048,0.03525518532842398,7.719231575727463,0.4273121766746044,0.0005784068503089657,0.00390625,8.283185307179586,28.198590300045907
88,1408,65,2.8705752295753193,-2.8705752295753193,4.0625,5.109375,-0.06480203871615231,1.3179841674864292,0.25964791991282254,0.0006750629690941423,0.00390625,8.283185307179586,28.488499699975364
89,1424,76,5.732300918301276,-5.732300918301276,4.75,5.269270833333334,-0.02553542237728834,17.01801633834839,0.47565849125385284,0.0012190351675371858,0.00390625,8.283185307179586,28.818489499972202
90,1440,62,2.4206307393829745,-2.4206307393829745,3.875,5.614583333333333,-0.0055067050552377594,3.3093525171279907,0.37691445648670197,0.00020113185109948972,0.0,0.42920367320510344,29.08374160004314
91,1456,64,3.9648784436297846,-3.9648784436297846,4,5.381696428571429,-0.01000593090429902,8.010877966880798,0.3269006609916687,0.0007155034982133657,0.0078125,0.42920367320510344,29.36544149997644
92,1472,69,2.7505532140544657,-2.7505532140544657,4.3125,5.435565476190476,-0.2163180559873581,5.012748956680298,0.36593594774603844,0.004576138049380063,0.02890625037252903,0.42920367320510344,29.68551970005501
93,1488,69,2.214325229575319,-2.214325229575319,4.3125,5.388244047619048,0.06151631777174771,3.792663276195526,0.46863244101405144,0.0003252434528349113,0.001953125,0.42920367320510344,29.98928890004754
94,1504,76,4.339601836602552,-4.339601836602552,4.75,4.626636904761905,-0.010503881610929966,10.998656213283539,0.3437866121530533,0.0030379818149981475,0.03059895895421505,0.42920367320510344,30.317043100018054
95,1520,56,2.6568032140544657,-2.6568032140544657,3.5,6.917261904761904,-0.013180035199703899,3.2985970973968506,0.36431365460157394,0.0013468797915265895,0.013392857741564512,0.42920367320510344,30.57236820005346
96,1536,67,3.210177066177871,-3.210177066177871,4.1875,4.947470238095238,0.0030483254231512547,7.551166608929634,0.33541987685021013,0.001109755114195421,0.005859375,0.42920367320510344,30.872111700009555
97,1552,65,3.1662059689582938,-3.1662059689582938,4.0625,5.761458333333334,0.08974641200620681,1.9960657032206655,0.25507836023462005,0.00038790018879808486,0.005859375,0.42920367320510344,31.16531670000404
98,1568,67,2.0896018366025517,-2.0896018366025517,4.1875,4.996279761904762,-0.17112200701376423,4.69321483373642,0.3551829671487212,0.0002053678281725979,0.001953125,0.42920367320510344,31.466396400006488
99,1584,68,2.3932522957531903,-2.3932522957531903,4.25,5.220833333333333,-0.24657378194388002,4.203923940658569,0.3259635381400585,0.0026373319269623607,0.0390625,0.42920367320510344,31.78391910006758
100,1600,67,2.46875,-2.46875,4.1875,5.689583333333333,0.31597065133973956,6.551691859960556,0.36950546968728304,0.0015542082631632148,0.005859375,0.42920367320510344,32.086690700030886
101,1616,59,1.910951377451914,-1.910951377451914,3.6875,6.271875,-0.0027997834135391475,1.9832149147987366,0.35380543023347855,0.00011688053882608074,0.0,0.42920367320510344,32.362239700043574
102,1632,58,2.566371556370216,-2.566371556370216,3.625,5.475,-0.007604672449062377,8.647140502929688,0.3083593100309372,0.0004565163344523171,0.008620689623057842,0.42920367320510344,32.62456899997778
103,1648,71,2.5262720155208545,-2.5262720155208545,4.4375,4.725,-0.05250175856053829,2.2795265465974808,0.4771529287099838,0.0004984598183455091,0.0,0.42920367320510344,32.94104199996218
104,1664,64,2.9952986225480864,-2.9952986225480864,4,7.2160714285714285,-0.005068683065474033,5.5920093059539795,0.34646575152873993,0.00020679572480730712,0.0,0.42920367320510344,33.239557900000364
105,1680,77,4.392699081698725,-4.392699081698725,4.8125,4.421875,-0.0699362966697663,4.664146929979324,0.37698832154273987,0.003471244708634913,0.023287259973585606,0.42920367320510344,33.57757239998318
106,1696,59,1.0672013774519138,-1.0672013774519138,3.6875,5.322916666666667,-0.0055428086257123255,3.820598304271698,0.305118128657341,0.00014661340674138046,0.0,0.42920367320510344,33.841812500031665
107,1712,73,3.155143571891069,-3.155143571891069,4.5625,4.34047619047619,-0.09766959981061518,6.069240570068359,0.32496971264481544,0.0003711612537244946,0.0,0.42920367320510344,34.17352279997431
108,1728,69,3.2549779844791455,-3.2549779844791455,4.3125,5.724479166666667,0.0409475804772228,5.790028810501099,0.3228550450876355,0.0011079644813207778,0.00390625,0.42920367320510344,34.472216699970886
109,1744,66,3.9540926535897936,-3.9540926535897936,4.125,5.492708333333334,-0.013043365441262722,10.408845663070679,0.3835746112745255,0.003372979103005491,0.017578125,0.42920367320510344,34.776732800062746
110,1760,56,1.8791481633974483,-1.8791481633974483,3.5,6.2375,-0.004716195082957286,6.049096584320068,0.27960333973169327,0.0016781852609710768,0.008928571827709675,0.42920367320510344,35.02054150006734
111,1776,63,1.6601215563702167,-1.6601215563702167,3.9375,5.019791666666666,-0.0026371543340029113,5.9604339599609375,0.2940100207924843,0.00013032445804128656,0.003968254197388887,0.42920367320510344,35.28896010003518
112,1792,59,1.415652754903828,-1.415652754903828,3.6875,5.389583333333333,-0.007241092831433704,3.242800712585449,0.4206574112176895,0.00018594490211398806,0.0,0.42920367320510344,35.55113579996396
113,1808,57,1.2771018366025517,-1.2771018366025517,3.5625,5.140625,-0.0023383516151960215,2.704533636569977,0.32990389317274094,0.0001676692372711841,0.0,0.42920367320510344,35.80480100004934
114,1824,54,1.366980280232336,-1.366980280232336,3.375,6.36875,-0.003835712416157877,1.1142410039901733,0.36559031903743744,0.00017028460388246458,0.0,0.42920367320510344,36.04498220002279
115,1840,64,3.7397674240144747,-3.7397674240144747,4,5.292708333333334,-0.009934041649103165,28.50171709060669,0.40169135481119156,0.0008443057304248214,0.01171875,0.42920367320510344,36.32192819996271
116,1856,62,3.410951377451914,-3.410951377451914,3.875,6.849404761904762,-0.01203456020072835,6.398453116416931,0.47822753340005875,0.0006175586850076797,0.008064515888690948,0.42920367320510344,36.60554020002019
117,1872,64,1.8841261478765952,-1.8841261478765952,4,5.434375,-0.010248323203995824,2.189432978630066,0.4034830257296562,0.0004981650254194392,0.0078125,0.42920367320510344,36.8861819000449
118,1888,62,2.5893252295753197,-2.5893252295753197,3.875,4.7125,-0.014046884081777122,4.123931407928467,0.2615191787481308,0.0018775422213366255,0.024193547666072845,0.42920367320510344,37.162073599989526
119,1904,57,1.6565266070272324,-1.6565266070272324,3.5625,5.961755952380952,-0.004011714184583237,2.296799659729004,0.25229697674512863,0.001153932316810824,0.008771929889917374,0.42920367320510344,37.428919399972074
120,1920,66,1.9955752295753197,-1.9955752295753197,4.125,5.992708333333334,0.11564512306358665,2.2968553975224495,0.4966227125842124,0.003868010528094601,0.0703125,0.42920367320510344,37.74521409999579
121,1936,68,6.8160949493429825,-6.8160949493429825,4.25,5.253348214285714,0.035378747154027224,74.4440047442913,0.4767581447958946,0.013875144009944052,0.060546875,0.42920367320510344,38.05072429997381
122,1952,64,4.235342653589793,-4.235342653589793,4,4.326041666666667,-0.019108234904706478,11.46614384651184,0.36229968816041946,0.008641113992780447,0.02734375,0.42920367320510344,38.3378244000487
123,1968,61,1.9997233929727678,-1.9997233929727678,3.8125,6.15625,-0.0033926260447678658,3.3686683177948,0.3302486762404442,0.00010645376869433676,0.0,0.42920367320510344,38.629271600046195
124,1984,62,2.54424770424681,-2.54424770424681,3.875,4.742708333333334,-0.016450788525324,6.753566265106201,0.368523970246315,0.006040060368832201,0.012096773833036423,0.42920367320510344,38.898654200020246
125,2000,55,2.647400459150638,-2.647400459150638,3.4375,7.0755952380952385,-0.012944118720902509,9.097678422927856,0.32304060459136963,0.002634087111800909,0.013636363204568624,0.42920367320510344,39.14869139995426
126,2016,70,3.2181967859455347,-3.2181967859455347,4.375,5.598958333333333,0.01422408246435225,6.014664962887764,0.317209055647254,0.0005053217294062051,0.001953125,0.42920367320510344,39.461912199971266
127,2032,62,2.5049779844791464,-2.5049779844791464,3.875,5.005208333333333,-0.007587684782206949,6.329060077667236,0.28065112978219986,0.000649008072741708,0.008064515888690948,0.42920367320510344,39.745161000057124
128,2048,63,2.7372789027804227,-2.7372789027804227,3.9375,6.08125,-0.0034893051774742556,6.3266273736953735,0.33041705191135406,6.720954570482718e-05,0.0,0.42920367320510344,40.0286881000502
129,2064,65,2.63025459150638,-2.63025459150638,4.0625,5.497395833333333,-0.04060408077202737,4.969404939562082,0.3371142463074648,0.00040098681347444654,0.005859375,0.42920367320510344,40.315094899968244
130,2080,62,1.4510509183012765,-1.4510509183012765,3.875,4.731547619047619,-0.0015006560474093433,2.887603759765625,0.22171621769666672,8.226028603530722e-05,0.0,0.42920367320510344,40.57791860005818
131,2096,67,2.0221238521234053,-2.0221238521234053,4.1875,4.933630952380953,-0.12497919821180403,3.178904339671135,0.3446091953665018,0.00038462576594611164,0.001953125,0.42920367320510344,40.87766520003788
132,2112,66,3.8207963267948966,-3.8207963267948966,4.125,5.148809523809524,-0.3259096099063754,12.476997561752796,0.5009453787934035,0.0017380364733980969,0.009765625,0.42920367320510344,41.18551890004892
133,2128,69,3.1150440310417067,-3.1150440310417067,4.3125,5.629761904761905,-0.01486538304015994,7.3344601690769196,0.402645330876112,0.0009753582250141557,0.001953125,0.42920367320510344,41.50245809997432
134,2144,65,2.6471238521234053,-2.6471238521234053,4.0625,4.552083333333333,-0.08991234004497528,3.4425247460603714,0.4691113312219386,0.0003912596293957904,0.00390625,0.42920367320510344,41.80548540002201
135,2160,55,1.950774311274043,-1.950774311274043,3.4375,5.476041666666666,-0.00809271952391355,7.0288132429122925,0.3662031665444374,0.0021080047299619764,0.00909090880304575,0.42920367320510344,42.04866640002001
136,2176,60,1.8697454084936207,-1.8697454084936207,3.75,6.910416666666666,-0.001280458302547638,4.457897424697876,0.2818402498960495,7.515257721024682e-05,0.0,0.42920367320510344,42.31196289998479
137,2192,63,2.998893571891069,-2.998893571891069,3.9375,5.952083333333333,-0.0052590148129856296,8.524855613708496,0.3295825496315956,0.0003369039318386058,0.003968254197388887,0.42920367320510344,42.58805120002944
138,2208,62,3.098174770424681,-3.098174770424681,3.875,5.092708333333333,-0.005196958928624262,4.686671614646912,0.3553374633193016,0.0001490917593400809,0.0,0.42920367320510344,42.85910410003271
139,2224,68,2.5489490816987246,-2.5489490816987246,4.25,5.822916666666667,-0.13862209138460457,3.4422547221183777,0.27966397162526846,0.0002559585846029222,0.0,0.42920367320510344,43.174561199964955
140,2240,72,2.1158738521234057,-2.1158738521234057,4.5,4.748809523809524,-0.0037713933270424604,4.288500159978867,0.4351002722978592,0.0011265607317909598,0.005859375,0.42920367320510344,43.49406160006765
141,2256,67,3.5666481633974487,-3.5666481633974487,4.1875,5.6625,0.06013674824498594,10.546447716653347,0.5219863094389439,0.0029228571147541516,0.009765625,0.42920367320510344,43.79727980005555
142,2272,53,1.950774311274043,-1.950774311274043,3.3125,4.994791666666667,-0.003362705116160214,3.857338845729828,0.32692454755306244,7.519939299527323e-05,0.0,0.42920367320510344,44.0489738000324
143,2288,73,3.266869260617026,-3.266869260617026,4.5625,4.480357142857143,-0.11503782612271607,6.913555279374123,0.4185059107840061,0.002635261573459502,0.019748263992369175,0.42920367320510344,44.374722499982454
144,2304,63,3.611449081698724,-3.611449081698724,3.9375,6.277604166666666,-0.005908504828796346,9.8041353225708,0.30488625913858414,0.001694833998044487,0.007936508394777775,0.42920367320510344,44.654384800000116
145,2320,65,2.6426990816987237,-2.6426990816987237,4.0625,4.904166666666667,0.08302789088338614,6.672202071058564,0.2477433322928846,0.0047331476816907525,0.021484375,0.42920367320510344,44.944860300049186
146,2336,60,1.852599540849362,-1.852599540849362,3.75,5.193154761904762,-0.004588280078799745,3.894840717315674,0.2780532017350197,0.00013934222033640253,0.0,0.42920367320510344,45.21305649995338
147,2352,64,1.3929756887259575,-1.3929756887259575,4,5.136755952380953,-0.005743750371038914,4.352819561958313,0.31958088278770447,0.0007718906999798492,0.0078125,0.42920367320510344,45.49879870004952
148,2368,62,2.004424770424681,-2.004424770424681,3.875,5.470833333333333,-0.007837079615602427,3.5939139127731323,0.16905804350972176,0.0005004746944905492,0.008064515888690948,0.42920367320510344,45.77599640004337
149,2384,74,3.192477984479146,-3.192477984479146,4.625,5.895386904761905,-0.04372937255539,4.854323700070381,0.34065849147737026,0.0014675064312541508,0.013671875,0.42920367320510344,46.09292309999
150,2400,57,1.2806967859455347,-1.2806967859455347,3.5625,5.803125,-0.0016224036923009333,2.148035228252411,0.32952798902988434,4.39475440998649e-05,0.0,0.42920367320510344,46.34668259997852
151,2416,61,2.5533738521234053,-2.5533738521234053,3.8125,5.0625,-0.015338614720423749,4.459605097770691,0.3437694162130356,0.003464150126092136,0.012295081280171871,0.42920367320510344,46.61188320000656
152,2432,70,2.958794031041707,-2.958794031041707,4.375,5.14375,0.07142515969462693,8.628552883863449,0.24326818250119686,0.0010155621608873844,0.00390625,0.42920367320510344,46.94617690006271
153,2448,69,2.1338495408493627,-2.1338495408493627,4.3125,5.245833333333334,-0.2462771050632,1.6268597692251205,0.36291295289993286,0.0007881143458234874,0.00390625,0.42920367320510344,47.25006089999806
154,2464,59,2.1698009183012763,-2.1698009183012763,3.6875,5.405803571428572,-0.0024816909493186046,3.4109766483306885,0.2513461336493492,5.662060334543639e-05,0.0,0.42920367320510344,47.50733809999656
155,2480,68,2.1205752295753193,-2.1205752295753193,4.25,4.471875,-0.15014165232423693,1.2121201232075691,0.319111006334424,0.00040681406971998513,0.001953125,0.42920367320510344,47.8147380000446
156,2496,63,2.4375000000000004,-2.4375000000000004,3.9375,5.765773809523809,-0.003970363642558317,3.5035595893859863,0.37390802055597305,0.00017278463337788708,0.0,0.42920367320510344,48.09878190001473
157,2512,69,2.3130532140544657,-2.3130532140544657,4.3125,4.942708333333333,0.057335206773132086,5.5307715237140656,0.3074453715234995,0.0020284894824698085,0.02890625037252903,0.42920367320510344,48.40310630004387
158,2528,67,2.3481747704246816,-2.3481747704246816,4.1875,4.016666666666667,0.2983695287257433,2.835682049393654,0.32297767046839,0.0099657193436542,0.0872395858168602,0.42920367320510344,48.69739180000033
159,2544,58,2.35232293382213,-2.35232293382213,3.625,5.6625,-0.009523545777232467,6.222655415534973,0.3130726292729378,0.0025773167581064627,0.012931034434586763,0.42920367320510344,48.960577100049704
160,2560,69,3.5176990816987246,-3.5176990816987246,4.3125,4.861458333333333,-0.18901172489859164,9.272394061088562,0.3622738905251026,0.0009733662948292476,0.01171875,0.42920367320510344,49.27381290006451
161,2576,67,2.405696785945535,-2.405696785945535,4.1875,5.426636904761905,-0.055372183211147785,3.954024240374565,0.424668476334773,0.0005366354780562688,0.001953125,0.42920367320510344,49.58810659998562
162,2592,60,1.4068032140544657,-1.4068032140544657,3.75,5.083333333333333,-0.009041498453977281,2.520751178264618,0.3023752048611641,0.00043345859012333676,0.0,0.42920367320510344,49.85483159997966
163,2608,66,1.8620022957531894,-1.8620022957531894,4.125,5.505803571428571,0.1657760413363576,4.548479922115803,0.39928620494902134,0.0010650851036189124,0.0,0.42920367320510344,50.15858280006796
164,2624,62,2.2096238521234053,-2.2096238521234053,3.875,4.867708333333334,-0.011746267960857537,6.282407283782959,0.38478001207113266,0.0006533550385938725,0.008064515888690948,0.42920367320510344,50.42320800002199
165,2640,72,4.14214586764426,-4.14214586764426,4.5,4.403125,-0.11762264440767467,10.482918858528137,0.4661008007824421,0.001284461235627532,0.009765625,0.42920367320510344,50.736841100035235
166,2656,65,2.6877766070272324,-2.6877766070272324,4.0625,5.230952380952381,-0.15095673548057675,1.8312812878284603,0.22675414762807122,0.0008032288460526615,0.0078125,0.42920367320510344,51.028311699978076
167,2672,76,6.293971097219577,-6.293971097219577,4.75,6.397470238095238,-0.10085105057805777,21.753018498420715,0.3318737745285034,0.011791205004556105,0.04231770895421505,0.42920367320510344,51.365797200007364
168,2688,72,5.892975688725957,-5.892975688725957,4.5,5.366964285714285,0.017246909672394395,46.44521388411522,0.27411272190511227,0.02132003608130617,0.0234375,0.42920367320510344,51.6851813000394
169,2704,66,2.776548622548087,-2.776548622548087,4.125,5.784375,-0.08707933081313968,4.451293122023344,0.27700326649210183,0.0007922127697383985,0.001953125,0.42920367320510344,51.97447280003689
170,2720,68,2.820796326794897,-2.820796326794897,4.25,5.100595238095238,-0.11422518757171929,3.718772232532501,0.21605534016998718,0.0005399554502218962,0.00390625,0.42920367320510344,52.27640319999773
171,2736,68,1.575774311274043,-1.575774311274043,4.25,4.726041666666666,-0.22305762255564332,5.201199382543564,0.2950205276138149,0.0004140403325436637,0.005859375,0.42920367320510344,52.57107659999747
172,2752,67,1.9106747704246816,-1.9106747704246816,4.1875,4.733333333333333,-0.07686422497499734,1.4265836384147406,0.28442923724651337,0.0002936507061122029,0.001953125,0.42920367320510344,52.86224459996447
173,2768,70,2.0091261478765947,-2.0091261478765947,4.375,4.873958333333333,-0.10511924466118217,1.7168210223317146,0.24937229044735432,0.0005036594390617211,0.00390625,0.42920367320510344,53.17001120001078
174,2784,63,1.9062500000000004,-1.9062500000000004,3.9375,4.519196428571428,-0.0024123932184130226,5.636314153671265,0.2667527571320534,3.828856415566406e-05,0.0,0.42920367320510344,53.47944230004214
175,2800,66,3.312776607027233,-3.312776607027233,4.125,4.515625,0.18595370440743864,17.489925250411034,0.1765607353154337,0.000880452455021441,0.001953125,0.42920367320510344,53.80841950001195
176,2816,62,1.5129977042468106,-1.5129977042468106,3.875,5.126339285714286,-0.005239725629273551,2.580262005329132,0.2108009196817875,0.00020023170691274572,0.004032257944345474,0.42920367320510344,54.08514500001911
177,2832,70,2.6028761478765956,-2.6028761478765956,4.375,5.151636904761904,0.05021859076805413,6.177361279726028,0.39139471761882305,0.0006664315229727436,0.0078125,0.42920367320510344,54.405790099990554
178,2848,71,4.646847245096174,-4.646847245096174,4.4375,4.090625,-0.06553482753224671,16.768338799476624,0.29542262107133865,0.0027057246509230026,0.009765625,0.42920367320510344,54.7352927000029
179,2864,78,3.6529316576842503,-3.6529316576842503,4.875,4.41078869047619,-0.006782919401302934,6.010212928056717,0.2979861795902252,0.0055032570058983765,0.022600446827709675,0.42920367320510344,55.07163360004779
180,2880,62,1.9596238521234053,-1.9596238521234053,3.875,5.108333333333333,-0.007778701776143038,6.699219107627869,0.2725875973701477,0.00026368865565018496,0.0,0.7123889803846897,55.34960580000188
181,2896,63,2.892975688725957,-2.892975688725957,3.9375,4.894345238095238,-0.006138846918474883,3.898461937904358,0.22458256036043167,0.00019933662042603828,0.0,0.42920367320510344,55.62213400006294
182,2912,70,3.1377210972195773,-3.1377210972195773,4.375,5.960763888888889,-0.13890676049049944,5.569324344396591,0.24857017397880554,0.002985365494783565,0.03059895895421505,0.42920367320510344,55.93569369998295
183,2928,70,2.727046326794897,-2.727046326794897,4.375,5.65625,-0.1437224929104559,5.274573847651482,0.311294263927266,0.00067899151565598,0.005859375,0.42920367320510344,56.25663219997659
184,2944,64,1.3750000000000007,-1.3750000000000007,4,4.816071428571429,-0.005009088199585676,2.2756258249282837,0.2792809158563614,0.0003161875647492707,0.00390625,0.42920367320510344,56.53385440004058
185,2960,64,2.254424770424681,-2.254424770424681,4,4.744791666666667,-0.007843449478968978,3.142309010028839,0.32958922535181046,0.0004962749080732465,0.00390625,0.42920367320510344,56.82633419998456
186,2976,56,2.4192477042468106,-2.4192477042468106,3.5,6.088541666666667,-0.0057818740855761774,14.10134243965149,0.2754005491733551,0.0005172365781618282,0.008928571827709675,0.42920367320510344,57.09677740000188
187,2992,69,2.351769719767664,-2.351769719767664,4.3125,4.340922619047619,0.13238730956800282,3.2913391441106796,0.2909554298967123,0.00032591651852342807,0.001953125,0.42920367320510344,57.431478500016965
188,3008,65,2.3971238521234053,-2.3971238521234053,4.0625,5.770833333333333,0.036545344861224294,2.711249774787575,0.39676025017979555,0.0002801033915602602,0.0,0.42920367320510344,57.73403639998287
189,3024,58,1.9593472450961722,-1.9593472450961722,3.625,6.361458333333333,-0.008462582754998893,3.9566202759742737,0.2964615970849991,0.0018954147017211653,0.008620689623057842,0.42920367320510344,58.01322980003897
190,3040,66,3.267422474671492,-3.267422474671492,4.125,5.301041666666666,-0.006406530155800283,16.76999257132411,0.3124110735952854,0.0034810354336514138,0.068359375,0.42920367320510344,58.314937700051814
191,3056,61,2.5976215563702154,-2.5976215563702154,3.8125,6.109672619047619,-0.011005698508567807,10.519262313842773,0.2780928909778595,0.002865589063731022,0.012295081280171871,0.42920367320510344,58.584491200046614
192,3072,67,3.82549770424681,-3.82549770424681,4.1875,6.194047619047619,-0.12179562170058489,9.250090152025223,0.38435208052396774,0.001148971101429197,0.005859375,0.42920367320510344,58.88085099996533
193,3088,66,2.152378443629784,-2.152378443629784,4.125,4.415625,-0.049675281858071685,5.654948592185974,0.20565558347152546,0.00045799629879184067,0.00390625,0.42920367320510344,59.17136619996745
194,3104,63,2.0268252295753197,-2.0268252295753197,3.9375,5.976934523809524,-0.003007148406357407,4.487451195716858,0.24569183215498924,0.00023083312771632336,0.003968254197388887,0.42920367320510344,59.44357210001908
195,3120,66,3.1816921944391563,-3.1816921944391563,4.125,5.890922619047619,-0.10895864246413112,4.1651307344436646,0.18026015430223197,0.001519454970548395,0.005859375,0.42920367320510344,59.74572350003291
196,3136,65,1.8025440310417071,-1.8025440310417071,4.0625,5.146875,-0.3044510460458696,3.260891195386648,0.3751927651464939,0.0003392698636162095,0.00390625,0.42920367320510344,60.045304400031455
197,3152,56,2.181968801466388,-2.181968801466388,3.5,7.698958333333334,-0.013092657950307673,3.9089351296424866,0.26078056544065475,0.006605081784073263,0.013392857741564512,0.42920367320510344,60.306443999987096
198,3168,62,1.6476770661778706,-1.6476770661778706,3.875,4.975,-0.00522315642428417,1.7781985998153687,0.2469526194036007,0.00016831414450280135,0.004032257944345474,0.42920367320510344,60.57608749996871
199,3184,68,2.267975688725957,-2.267975688725957,4.25,4.708333333333333,0.03961585508659482,1.5383420139551163,0.3379783518612385,0.0042850918653130066,0.064453125,0.42920367320510344,60.87682440003846
200,3200,63,1.624446785945536,-1.624446785945536,3.9375,6.326041666666667,-0.001176561613228877,2.334877848625183,0.2860214039683342,0.0001988564672501525,0.0,0.42920367320510344,61.161986400024034
201,3216,74,2.995575229575319,-2.995575229575319,4.625,4.929464285714285,-0.08408593013882637,3.0161956399679184,0.2561824545264244,0.0007299473540598456,0.0078125,0.42920367320510344,61.49246189999394
202,3232,64,2.4466261478765947,-2.4466261478765947,4,5.709375,-0.005556188058108091,2.88433301448822,0.26236841827630997,0.00046641798689961433,0.0078125,0.42920367320510344,61.78399060002994
203,3248,73,2.053927066177871,-2.053927066177871,4.5625,5.403422619047619,-0.039473002310842276,2.319855511188507,0.29885359201580286,0.0007765374302834971,0.005859375,0.42920367320510344,62.10235689999536
204,3264,58,2.107024311274043,-2.107024311274043,3.625,6.34375,-0.006995125675718361,5.062381267547607,0.2764337956905365,0.0004906597077933839,0.004310344811528921,0.42920367320510344,62.36261489999015
205,3280,59,1.1521018366025524,-1.1521018366025524,3.6875,6.629166666666666,-0.00316190314419984,1.723022848367691,0.2455167919397354,0.00017637345717957942,0.0,0.42920367320510344,62.62077300006058
206,3296,54,0.9507743112740432,-0.9507743112740432,3.375,6.257291666666666,-0.008904302725568414,2.586216628551483,0.264305479824543,0.0006680354781565256,0.009259259328246117,0.42920367320510344,62.866425100015476
207,3312,62,2.084623852123405,-2.084623852123405,3.875,5.371130952380953,-0.006234127337173323,4.1154046058654785,0.23709286376833916,0.000989235173619818,0.012096773833036423,0.42920367320510344,63.13548110006377
208,3328,64,1.5174224746714917,-1.5174224746714917,4,5.510416666666667,-0.002521372865885496,1.5470284819602966,0.20627671852707863,5.518304533325136e-05,0.0,0.42920367320510344,63.41818030003924
209,3344,58,1.8614490816987246,-1.8614490816987246,3.625,5.43125,-0.004268750082701445,4.402131199836731,0.2160317376255989,0.00015572629035887076,0.0,0.42920367320510344,63.68021779996343
210,3360,64,1.6875000000000004,-1.6875000000000004,4,5.601041666666666,-0.0036096868570894003,2.229864001274109,0.3007228150963783,0.00013861653860658407,0.0,0.42920367320510344,63.96417319995817
211,3376,65,1.8755532140544653,-1.8755532140544653,4.0625,5.185416666666667,0.12121948134154081,1.3497683988534845,0.21293575446572532,0.003380654990905896,0.130859375,0.42920367320510344,64.25685280002654
212,3392,73,2.8924224746714917,-2.8924224746714917,4.5625,4.021875,-0.04091395321302116,4.171738803386688,0.3136360552161932,0.0004417605226336718,0.001953125,0.42920367320510344,64.57789039995987
213,3408,65,2.90182522957532,-2.90182522957532,4.0625,4.964136904761904,-0.33639286330435425,6.717857304029167,0.15542983415798517,0.0009145958174485713,0.005859375,0.42920367320510344,64.86245739995502
214,3424,62,1.3976770661778721,-1.3976770661778721,3.875,5.240029761904762,-0.0066589893052175775,3.3009312748908997,0.3618580251932144,0.00016647433085381635,0.0,0.42920367320510344,65.13846699998248
215,3440,60,1.1070243112740432,-1.1070243112740432,3.75,5.089583333333334,-0.0046532318675116535,2.2543952465057373,0.21472584083676338,0.00012484021954151103,0.0,0.42920367320510344,65.41935880004894
216,3456,72,3.245298622548086,-3.245298622548086,4.5,5.488244047619047,-0.06646244425792247,2.935961738228798,0.27374063059687614,0.001342187577392906,0.009765625,0.42920367320510344,65.75035350001417
217,3472,71,3.107300918301276,-3.107300918301276,4.4375,5.00327380952381,-0.10119057237170637,4.0009410828351974,0.2563862893730402,0.0023137736361604766,0.0474330373108387,0.42920367320510344,66.06064549996518
218,3488,58,1.7137720155208536,-1.7137720155208536,3.625,5.0125,-0.006830593215799041,1.9528683423995972,0.26232366263866425,0.00021261657184368232,0.0,0.42920367320510344,66.31628879997879
219,3504,55,1.3971238521234053,-1.3971238521234053,3.4375,6.417708333333334,-0.006307020457461565,3.1269474029541016,0.15194395184516907,0.00099419173784554,0.00909090880304575,0.42920367320510344,66.55806149996351
220,3520,62,1.7325775253285087,-1.7325775253285087,3.875,5.55625,-0.009727184863520755,3.861323654651642,0.18082642182707787,0.0011286895096418448,0.012096773833036423,0.42920367320510344,66.84116369998083
221,3536,71,2.267975688725957,-2.267975688725957,4.4375,4.90297619047619,0.011187476571649313,2.9800959825515747,0.1819275701418519,0.0010262914625558395,0.005859375,0.42920367320510344,67.15533209999558
222,3552,74,2.490597245096172,-2.490597245096172,4.625,4.455729166666667,-0.07460288191214204,6.933612585067749,0.2976453769952059,0.0014251370739657432,0.016406250186264515,0.42920367320510344,67.47285220003687
223,3568,69,2.003871556370216,-2.003871556370216,4.3125,4.535416666666666,0.019055763725191355,3.4997830241918564,0.29054723400622606,0.0008226420402479562,0.0078125,0.42920367320510344,67.76714340003673
224,3584,63,2.835453673205104,-2.835453673205104,3.9375,5.37953869047619,-0.00861024062725757,10.496947765350342,0.41955992579460144,0.0009433930390514433,0.007936508394777775,0.42920367320510344,68.04997409996577
225,3600,67,2.910121556370216,-2.910121556370216,4.1875,5.308333333333334,0.2626052643172443,8.884399235248566,0.2546278197551146,0.0018510640220483765,0.0455729179084301,0.42920367320510344,68.34672060003504
226,3616,59,1.5890486225480864,-1.5890486225480864,3.6875,5.591666666666667,-0.0029555140166756533,3.50380802154541,0.19891715422272682,0.00017363155166094657,0.0,0.42920367320510344,68.60322970000561
227,3632,61,1.7945243112740443,-1.7945243112740443,3.8125,5.896875,-0.007260055930093934,2.547534227371216,0.3142482712864876,0.00029202012774476316,0.0,0.42920367320510344,68.87770880002063
228,3648,70,2.063053214054466,-2.063053214054466,4.375,4.622395833333333,0.09060038917232305,8.088555574417114,0.2836163090541959,0.0026978824486576514,0.0592447929084301,0.42920367320510344,69.1865325999679
229,3664,63,1.5674779844791464,-1.5674779844791464,3.9375,4.7375,-0.0067172255320846475,3.41242116689682,0.27374744415283203,0.0006271143756748643,0.011904762592166662,0.42920367320510344,69.46933079999872
230,3680,67,2.2759954084936216,-2.2759954084936216,4.1875,6.0790178571428575,-0.178598552942276,3.6298468858003616,0.39226364344358444,0.002158029829502084,0.0475260429084301,0.42920367320510344,69.79229700006545
231,3696,51,1.0754977042468101,-1.0754977042468101,3.1875,6.173958333333333,-0.0019304761754386224,2.326120376586914,0.16098754480481148,0.000196898030480952,0.0,0.42920367320510344,70.03620700002648
232,3712,62,2.339048622548086,-2.339048622548086,3.875,4.790625,-0.014914515938970307,5.424921870231628,0.24971246719360352,0.0022651631879853085,0.008064515888690948,0.42920367320510344,70.31588790006936
233,3728,72,3.070796326794897,-3.070796326794897,4.5,5.304166666666667,0.07100435951724648,10.945013463497162,0.29774478636682034,0.07062899904849473,0.05078125,0.42920367320510344,70.6345447000349
234,3744,67,1.5716261478765947,-1.5716261478765947,4.1875,5.127083333333333,-0.1455037477426231,2.702742263674736,0.24304653331637383,0.00082288411185516,0.0078125,0.42920367320510344,70.93771960004233
235,3760,59,1.9955752295753189,-1.9955752295753189,3.6875,6.360416666666667,-0.004805572385213175,2.2576178312301636,0.24588977918028831,0.00019584981328080175,0.0,0.42920367320510344,71.20861109998077
236,3776,66,1.5666481633974485,-1.5666481633974485,4.125,5.258333333333334,-0.19689709250815213,2.732928104698658,0.3056457005441189,0.0011364257079549134,0.021484375,0.42920367320510344,71.49783800006844
237,3792,58,1.78125,-1.78125,3.625,4.977380952380953,-0.0014722542310382503,8.636543273925781,0.23930849507451057,7.283186550921528e-05,0.0,0.42920367320510344,71.75749580003321
238,3808,52,0.9469027549038281,-0.9469027549038281,3.25,6.904166666666667,-0.0035757163893251898,1.6326240301132202,0.2433834671974182,7.651875284864218e-05,0.0,0.42920367320510344,72.00360449997243
239,3824,53,1.459623852123405,-1.459623852123405,3.3125,5.888541666666667,-0.002585735421337887,1.942666083574295,0.19010301679372787,0.00010571207349130418,0.0,0.42920367320510344,72.24626779998653
240,3840,62,1.2364490816987241,-1.2364490816987241,3.875,5.266666666666667,-0.006763057047200816,2.441883146762848,0.22047502174973488,0.0003495330183795886,0.004032257944345474,0.42920367320510344,72.52477310004178
241,3856,67,2.451050918301276,-2.451050918301276,4.1875,5.11875,0.1786092589609325,5.228511154651642,0.25964968651533127,0.0015735992647023522,0.0078125,0.42920367320510344,72.82544739998411
242,3872,55,1.700774311274043,-1.700774311274043,3.4375,7.513839285714286,-0.007396012818737141,2.122045159339905,0.3064030483365059,0.00017401534887540038,0.0,0.42920367320510344,73.07515010004863
243,3888,64,1.4861724746714915,-1.4861724746714915,4,5.145833333333333,-0.0006490121595561504,1.9976807236671448,0.18237926438450813,8.982140570878983e-05,0.0,0.42920367320510344,73.37022280006204
244,3904,71,2.299225688725957,-2.299225688725957,4.4375,4.967708333333333,-0.07530454779043794,3.2002230435609818,0.23974792752414942,0.0015100131311100995,0.01171875,0.42920367320510344,73.70427079999354
245,3920,60,2.8974004591506386,-2.8974004591506386,3.75,5.242708333333334,-0.008002217001436662,7.309086441993713,0.21054256334900856,0.000454921908385586,0.008333333767950535,0.42920367320510344,73.97368219995406
246,3936,60,1.7320243112740432,-1.7320243112740432,3.75,5.534375,-0.007303900939101826,1.715830773115158,0.23753589019179344,0.0007665840585104888,0.008333333767950535,0.42920367320510344,74.24949650000781
247,3952,70,2.4634954084936207,-2.4634954084936207,4.375,4.911458333333333,-0.09552139975130558,2.65775428712368,0.3105823304504156,0.001020627428260923,0.01171875,0.42920367320510344,74.5558673000196
248,3968,66,2.8299224746714913,-2.8299224746714913,4.125,4.963541666666667,0.17282153421547264,11.638277143239975,0.24760461319237947,0.01357131027180003,0.07421875,0.42920367320510344,74.84176490001846
249,3984,57,1.7900995408493616,-1.7900995408493616,3.5625,5.866517857142857,-0.00625503016125184,1.8932185769081116,0.2440912164747715,0.0001913647611218039,0.0,0.42920367320510344,75.09284409997053
250,4000,72,2.1418692606170264,-2.1418692606170264,4.5,5.105208333333334,-0.0005301064811646938,4.300511300563812,0.20959645695984364,0.0014878763468004763,0.021484375,0.42920367320510344,75.41074530000333
251,4016,60,2.186670178918302,-2.186670178918302,3.75,5.276041666666667,-0.003980257546451149,4.121105194091797,0.22387972474098206,0.00021520200789382216,0.004166666883975267,0.42920367320510344,75.6700193999568
252,4032,66,2.508849540849362,-2.508849540849362,4.125,4.649404761904762,-0.09960929374210536,5.002396568655968,0.37083644792437553,0.0015600525075569749,0.005859375,0.42920367320510344,75.97164680005517
253,4048,56,3.526272015520854,-3.526272015520854,3.5,7.064583333333333,-0.003870706647700839,8.586915493011475,0.24983785673975945,0.0014112080607446842,0.013392857741564512,0.42920367320510344,76.21930930006783
254,4064,68,2.9684733929727676,-2.9684733929727676,4.25,4.782738095238095,0.10444194171577692,5.699246823787689,0.2537034023553133,0.0004982101090718061,0.0078125,0.42920367320510344,76.51932369999122
255,4080,60,1.249723392972767,-1.249723392972767,3.75,6.452083333333333,-0.003773074908531626,3.4641223549842834,0.2761552259325981,0.00022685784824716393,0.0,0.42920367320510344,76.78530520002823
256,4096,58,2.084347245096173,-2.084347245096173,3.625,5.938541666666667,-0.004897407699649303,6.56908905506134,0.34501563012599945,0.00015283119319065008,0.0,0.42920367320510344,77.04243889998179
257,4112,70,3.4322454084936203,-3.4322454084936203,4.375,5.127232142857143,0.10909715248271823,17.670891880989075,0.355403371155262,0.0011028497544032234,0.0078125,0.42920367320510344,77.36491570004728
258,4128,60,1.9549224746714917,-1.9549224746714917,3.75,4.877083333333333,-0.0029317880156063403,4.801602363586426,0.27604927122592926,6.034324542270042e-05,0.0,0.42920367320510344,77.63385089999065
259,4144,69,4.079645867644259,-4.079645867644259,4.3125,5.067857142857143,-0.10597676853649318,18.170373059809208,0.40940360352396965,0.018013857732967153,0.04843750037252903,0.42920367320510344,77.93793280003592
260,4160,65,3.1249999999999996,-3.1249999999999996,4.0625,5.830729166666667,-0.34655689692590386,4.500100439414382,0.23374170763418078,0.0008961886051110923,0.009765625,0.42920367320510344,78.24324600002728
261,4176,71,3.0138275253285087,-3.0138275253285087,4.4375,5.894047619047619,-0.051142170443199575,8.294070422649384,0.20746438181959093,0.00023153834621325586,0.001953125,0.42920367320510344,78.57295110006817
262,4192,67,3.2582963267948966,-3.2582963267948966,4.1875,5.131597222222222,0.09909756446722895,6.210247904062271,0.3078509056940675,0.0014011479240707558,0.005859375,0.42920367320510344,78.87139710003976
263,4208,58,1.6872233929727674,-1.6872233929727674,3.625,5.547916666666667,-0.0013278404054162252,3.1352553367614746,0.22903696447610855,8.585657087678555e-05,0.0,0.42920367320510344,79.14426370000001
264,4224,74,1.945519719767665,-1.945519719767665,4.625,4.501488095238095,0.00973246549256146,5.440350949764252,0.27667590603232384,0.001170623179859831,0.020312500186264515,0.42920367320510344,79.46150650002528
265,4240,75,3.3216261478765956,-3.3216261478765956,4.6875,4.512797619047619,0.0040815838146954775,3.156185567378998,0.2567006666213274,0.0015748305841043475,0.015625,0.42920367320510344,79.79315419995692
266,4256,65,2.6147674240144743,-2.6147674240144743,4.0625,4.590327380952381,-0.2042637678096071,3.1568582858890295,0.15818332171056682,0.0012113042175769806,0.005859375,0.42920367320510344,80.08523319999222
267,4272,65,1.2140486225480864,-1.2140486225480864,4.0625,4.75639880952381,0.056701962545048445,2.176008915528655,0.22924549597200894,9.286619024351239e-05,0.0,0.42920367320510344,80.38175459997728
268,4288,67,2.669524311274043,-2.669524311274043,4.1875,5.0148809523809526,-0.0035976646468043327,2.5647550523281097,0.26365599036216736,0.001336226572142607,0.0078125,0.42920367320510344,80.68401760002598
269,4304,70,2.2228981633974487,-2.2228981633974487,4.375,5.777083333333334,-0.13733687018975616,3.2031018808484077,0.2690591113641858,0.0013657736914751695,0.005859375,0.42920367320510344,81.0002176000271
270,4320,56,1.3484513774519138,-1.3484513774519138,3.5,6.8234375,-0.0026771112045804735,1.90622079372406,0.1651238538324833,0.00022108826851763297,0.004464285913854837,0.42920367320510344,81.26178259996232
271,4336,72,2.4242256887259566,-2.4242256887259566,4.5,5.370238095238095,0.03449478931725025,3.778100587427616,0.22121180407702923,0.0011684991477523,0.00390625,0.42920367320510344,81.6107024999801
272,4352,62,1.6025995408493625,-1.6025995408493625,3.875,4.377604166666667,-0.005978367424705144,4.883447647094727,0.24383149296045303,0.00023454788879462285,0.004032257944345474,0.42920367320510344,81.88459340005647
273,4368,64,2.820796326794897,-2.820796326794897,4,4.932142857142857,-0.010580330155789852,3.821023404598236,0.23812251910567284,0.0006426855688914657,0.01171875,0.42920367320510344,82.16527060000226
274,4384,61,1.7405972450961724,-1.7405972450961724,3.8125,6.9245535714285715,-0.002632269132920584,4.314001679420471,0.23554398864507675,0.00017706548896967433,0.0,0.42920367320510344,82.43635740003083
275,4400,58,1.3705752295753193,-1.3705752295753193,3.625,6.120833333333334,-0.008616475007046986,2.9124021530151367,0.25221362337470055,0.000320218601700617,0.0,0.42920367320510344,82.6891609999584
276,4416,62,2.142699081698724,-2.142699081698724,3.875,5.7909226190476195,-0.001239220945036923,4.250677824020386,0.20771367102861404,0.00016371560559491627,0.0,0.42920367320510344,82.96145950001664
277,4432,77,3.5840706380689396,-3.5840706380689396,4.8125,4.239285714285714,-0.04043874784838408,7.299190044403076,0.2597245164215565,0.013507477926850697,0.015474759973585606,0.42920367320510344,83.29722239996772
278,4448,66,2.9283738521234057,-2.9283738521234057,4.125,4.472916666666666,-0.24621808109804988,2.755166565068066,0.20182853171809612,0.0005537363758776337,0.0078125,0.42920367320510344,83.61505220003892
279,4464,60,1.6648229338221296,-1.6648229338221296,3.75,5.327083333333333,-0.003737769295306226,4.0579938888549805,0.26590022444725037,0.00022645375975116622,0.0,0.42920367320510344,83.8791285000043
280,4480,71,1.7856747704246811,-1.7856747704246811,4.4375,4.658184523809524,0.05845498968847096,2.5958801582455635,0.3032392393797636,0.00041243676815838626,0.0,0.42920367320510344,84.1918003000319
281,4496,61,2.2231747704246816,-2.2231747704246816,3.8125,5.682291666666667,-0.0067983941780020984,4.856956362724304,0.2759101837873459,0.00017725565612636274,0.0,0.42920367320510344,84.45925670000724
282,4512,59,1.8877210972195781,-1.8877210972195781,3.6875,5.2336309523809526,-0.00398151385666945,1.5325440764427185,0.2289537601172924,0.00026108167730853893,0.0,0.42920367320510344,84.71484020003118
283,4528,64,2.1476770661778715,-2.1476770661778715,4,6.601041666666667,-0.006813132204115391,3.58891361951828,0.26346171647310257,0.000261188019067049,0.00390625,0.42920367320510344,85.00552080001216
284,4544,48,0.8749999999999999,-0.8749999999999999,3,6.7250000000000005,-0.007723089967233587,3.3415050506591797,0.2172173261642456,0.0010001332084357273,0.015625,0.42920367320510344,85.23824410000816
285,4560,68,3.1468472450961733,-3.1468472450961733,4.25,5.589732142857143,0.025043577188625932,3.1587141901254654,0.3335733488202095,0.0009197963518090546,0.0078125,0.42920367320510344,85.56365270004608
286,4576,62,1.0351215563702159,-1.0351215563702159,3.875,4.954166666666667,-0.0012759710413270398,4.014969348907471,0.19712034985423088,3.7372652514022775e-05,0.0,0.42920367320510344,85.83787599997595
287,4592,65,3.070519719767665,-3.070519719767665,4.0625,4.891666666666667,0.19628521893173456,8.420742399990559,0.3146110661889947,0.0021439815900521353,0.001953125,0.42920367320510344,86.14168380002957
288,4608,70,1.8611724746714913,-1.8611724746714913,4.375,4.855208333333334,0.02674491936340928,5.004095256328583,0.2870410233736038,0.0003608190066586303,0.0,0.42920367320510344,86.45340630004648
289,4624,69,2.1789270661778706,-2.1789270661778706,4.3125,5.015625,0.1608125673374161,2.5491769909858704,0.35172232426702976,0.0054504042778944495,0.05195312574505806,0.42920367320510344,86.76664889999665
290,4640,60,2.392145867644259,-2.392145867644259,3.75,5.357068452380952,-0.0018630072629699512,4.246328949928284,0.2188221663236618,0.0001917488934850553,0.0,0.42920367320510344,87.03376989997923
291,4656,72,2.5212940310417067,-2.5212940310417067,4.5,4.665625,-0.013175762025639415,2.9167729765176773,0.27572681941092014,0.0002910076000262052,0.00390625,0.42920367320510344,87.3534115999937
292,4672,69,3.0171458676442597,-3.0171458676442597,4.3125,4.994494047619048,-0.08894483675248921,4.201777175068855,0.3279615251813084,0.0005882273631421242,0.0078125,0.42920367320510344,87.6679359000409
293,4688,71,4.324114669110646,-4.324114669110646,4.4375,5.2717261904761905,0.10942921857349575,30.499854654073715,0.29449441470205784,0.01574051528587006,0.0415736623108387,0.42920367320510344,87.98513489996549
294,4704,55,1.0577986225480864,-1.0577986225480864,3.4375,5.376041666666667,-0.0053017436563758125,3.732159197330475,0.3136991932988167,0.00038014659548935015,0.004545454401522875,0.42920367320510344,88.23981479997747
295,4720,61,1.4684733929727671,-1.4684733929727671,3.8125,4.685416666666667,-0.005056071085626002,3.9464833736419678,0.24046796560287476,0.00028463307262427406,0.004098360426723957,0.42920367320510344,88.5101324999705
296,4736,65,1.169524311274043,-1.169524311274043,4.0625,5.238839285714286,0.027218586299568415,2.4003643840551376,0.14298506219347473,0.0003829998313449323,0.00390625,0.42920367320510344,88.80465700000059
297,4752,60,1.7762720155208533,-1.7762720155208533,3.75,5.008333333333334,-0.003619118898253504,2.5406728386878967,0.2580942288041115,4.8252752094413154e-05,0.0,0.42920367320510344,89.0872433000477
298,4768,70,2.2054756887259575,-2.2054756887259575,4.375,4.823660714285714,0.08947040629573166,2.986355245113373,0.22550282953307033,0.003597811577794374,0.02669270895421505,0.42920367320510344,89.42031369998585
299,4784,64,1.8387720155208536,-1.8387720155208536,4,5.103125,-0.0028698761016130447,3.4099923968315125,0.2382204495370388,4.055231147503946e-05,0.0,0.42920367320510344,89.71940439997707
300,4800,64,2.9416481633974483,-2.9416481633974483,4,4.85625,-0.009359650313854218,8.810907363891602,0.3347243219614029,0.0009109809179790318,0.015625,0.42920367320510344,89.99047269998118
301,4816,65,2.6125555098076547,-2.6125555098076547,4.0625,7.129166666666666,-0.004314211430028081,3.112591505050659,0.3576279254630208,0.07952387689147145,0.1640625,0.42920367320510344,90.30548870004714
302,4832,79,4.022123852123406,-4.022123852123406,4.9375,4.355654761904762,-0.08706761663779616,9.87006014585495,0.41601016372442245,0.005681108762871645,0.021484375,0.42920367320510344,90.6367986999685
303,4848,64,2.633296326794897,-2.633296326794897,4,5.521875,-0.01593273552134633,6.1952126026153564,0.312899112701416,0.006043986126314849,0.01171875,0.42920367320510344,90.91384910000488
304,4864,69,2.3207963267948966,-2.3207963267948966,4.3125,5.43125,-0.0806656711793039,3.81983832269907,0.26745982095599174,0.0030365910948830788,0.021484375,0.42920367320510344,91.2130671000341
305,4880,71,2.6382743112740434,-2.6382743112740434,4.4375,5.279241071428571,0.029193823458626866,3.166589990258217,0.27760601975023746,0.0006535115878136821,0.005859375,0.42920367320510344,91.52508519997355
306,4896,67,2.245298622548086,-2.245298622548086,4.1875,5.119791666666667,0.12784628791268915,2.2414872720837593,0.26855009235441685,0.0002837197499729882,0.001953125,0.42920367320510344,91.817421499989
307,4912,62,2.2851215563702154,-2.2851215563702154,3.875,5.974255952380952,-0.006158437056001276,7.117050766944885,0.27443666011095047,0.00029132450708857505,0.004032257944345474,0.42920367320510344,92.09804910002276
308,4928,75,3.209623852123406,-3.209623852123406,4.6875,5.0632440476190474,-0.041388819459825754,3.941236287355423,0.2575081503018737,0.00120861806102468,0.017223011702299118,0.42920367320510344,92.42425409995485
309,4944,62,2.075774311274044,-2.075774311274044,3.875,4.530208333333333,-0.005163315865736706,2.242703139781952,0.25851763039827347,0.0001757437557898811,0.0,0.42920367320510344,92.68731950002257
310,4960,64,2.280973392972767,-2.280973392972767,4,5.546354166666667,-0.006528500467538834,3.7719897031784058,0.2395540289580822,0.0007041935168672353,0.0078125,0.42920367320510344,92.96185600000899
311,4976,68,2.71875,-2.71875,4.25,6.202083333333333,-0.18689512158744037,3.8066063821315765,0.3150977808982134,0.00048216324830718804,0.00390625,0.42920367320510344,93.27109160006512
312,4992,68,2.0533738521234053,-2.0533738521234053,4.25,5.221875,-0.07199306832626462,2.825204759836197,0.2450266326777637,0.002774550874164561,0.037109375,0.42920367320510344,93.59556659997907
313,5008,64,1.2450220155208536,-1.2450220155208536,4,5.00625,-0.001284340862184763,1.94235497713089,0.23793194815516472,5.955726373940706e-05,0.0,0.42920367320510344,93.8824084000662
314,5024,61,1.5796458676442588,-1.5796458676442588,3.8125,5.420535714285714,-0.004771755473901962,4.259067893028259,0.26870691776275635,0.00018662995262275217,0.0,0.42920367320510344,94.16045980004128
315,5040,67,2.7582963267948966,-2.7582963267948966,4.1875,5.261458333333334,-0.14250735018868,5.0380845461040735,0.3041842319071293,0.004041166238181404,0.0475260429084301,0.42920367320510344,94.45901150000282
316,5056,64,1.8252210972195781,-1.8252210972195781,4,5.194791666666666,-0.008514456450939178,5.882799506187439,0.21173104271292686,0.0018369644094491377,0.0078125,0.42920367320510344,94.73101640003733
317,5072,63,1.6468472450961729,-1.6468472450961729,3.9375,5.517708333333333,-0.008866602656549705,2.7918863892555237,0.35087770223617554,0.00041162879278999753,0.0,0.7123889803846897,95.00724409997929
318,5088,57,2.09375,-2.09375,3.5625,6.152232142857143,-0.006731887223411448,6.280337810516357,0.21409013494849205,0.0007889211974543286,0.008771929889917374,0.42920367320510344,95.26087110000663
319,5104,71,2.8570243112740434,-2.8570243112740434,4.4375,5.4421875,0.017017549369484186,10.038197040557861,0.20040475204586983,0.0011677222715320568,0.01171875,0.42920367320510344,95.57349570002407
320,5120,61,2.508572933822129,-2.508572933822129,3.8125,5.670833333333333,-0.0038102278080351937,4.467407822608948,0.2666674330830574,5.98380031533452e-05,0.0,0.42920367320510344,95.86181130004115
321,5136,67,3.0564155874119225,-3.0564155874119225,4.1875,4.701041666666667,0.023548886412754655,5.071385182440281,0.16654875125095714,0.00013825790544252925,0.0,0.42920367320510344,96.1636950999964
322,5152,70,1.7676990816987246,-1.7676990816987246,4.375,4.673958333333333,-0.11055279144784436,5.446946948766708,0.21461100177839398,0.0015698243466886197,0.02864583395421505,0.42920367320510344,96.47443960001692
323,5168,67,1.3263275253285096,-1.3263275253285096,4.1875,4.684375,-0.05214945937041193,3.531607538461685,0.2712994087487459,0.0009969056785266162,0.005859375,0.42920367320510344,96.77732049999759
324,5184,59,2.4103981633974483,-2.4103981633974483,3.6875,5.626041666666667,-0.013101867234365905,3.0778123140335083,0.2240276336669922,0.0006716600601066602,0.008474576286971569,0.42920367320510344,97.03522960003465
325,5200,60,2.3293692606170264,-2.3293692606170264,3.75,5.610714285714286,-0.00434079369685314,3.7008660435676575,0.18325940892100334,0.0019694874208653346,0.012500000651925802,0.42920367320510344,97.30746839998756
326,5216,62,1.9245022957531899,-1.9245022957531899,3.875,5.333333333333333,-0.003915523381663455,3.2509015798568726,0.19969865679740906,0.0001860057063822751,0.0,0.42920367320510344,97.59660910000093
327,5232,64,1.2945243112740428,-1.2945243112740428,4,4.790625,-0.0030500146094709635,2.7090343236923218,0.2119704633951187,7.0605194196105e-05,0.0,0.42920367320510344,97.87412659998517
328,5248,69,2.463495408493621,-2.463495408493621,4.3125,5.260044642857142,-0.0021388683235272765,3.3684073835611343,0.2748409565538168,0.0004990261973034649,0.005859375,0.42920367320510344,98.17719499999657
329,5264,62,2.2853981633974483,-2.2853981633974483,3.875,4.919642857142857,-0.007834864049894641,6.003464460372925,0.2415316216647625,0.0003703749243868515,0.008064515888690948,0.42920367320510344,98.44992859999184
330,5280,57,1.3349004591506377,-1.3349004591506377,3.5625,5.328125,-0.009113895702747676,2.059799313545227,0.20332174375653267,0.0017689593878458254,0.008771929889917374,0.42920367320510344,98.71609220001847
331,5296,72,2.2806967859455343,-2.2806967859455343,4.5,5.50922619047619,-0.05773496301844716,2.418334223330021,0.2221482042223215,0.0007596493815071881,0.00390625,0.42920367320510344,99.02833770005964
332,5312,71,4.303650459150639,-4.303650459150639,4.4375,4.556498015873016,0.04559209628496319,32.585678830742836,0.1776154525578022,0.030403725408959303,0.0396205373108387,0.42920367320510344,99.33453810005449
333,5328,74,2.0041481633974483,-2.0041481633974483,4.625,4.502976190476191,0.07976741623133421,2.3844887018203735,0.23017007112503052,0.0002586528339634242,0.00390625,0.42920367320510344,99.65075050003361
334,5344,58,1.3481747704246816,-1.3481747704246816,3.625,5.39375,-0.0021418518846421097,3.34052836894989,0.14171858876943588,2.2798841428084415e-05,0.0,0.42920367320510344,99.91083860001527
335,5360,66,1.8918692606170264,-1.8918692606170264,4.125,4.512797619047619,0.14074590452946723,4.231892004609108,0.13882973440740898,0.00014957229723222554,0.001953125,0.42920367320510344,100.19870189996436
336,5376,80,2.732024311274043,-2.732024311274043,5,4.175297619047619,-0.07340551260858774,3.414852887392044,0.265838373452425,0.0005521209386643022,0.005859375,0.42920367320510344,100.54360640002415
337,5392,62,1.4330752295753195,-1.4330752295753195,3.875,5.260714285714286,-0.008704945790551477,1.341066598892212,0.18049713224172592,0.0006742653113178676,0.016129031777381897,0.42920367320510344,100.8213218000019
338,5408,60,2.2146018366025517,-2.2146018366025517,3.75,4.954166666666667,-0.0047024040754573004,2.2774853706359863,0.31628063321113586,0.00035209916859457735,0.004166666883975267,0.42920367320510344,101.07742960005999
339,5424,68,1.4546458676442584,-1.4546458676442584,4.25,4.114583333333333,-0.03169919369975105,4.16911917924881,0.14886172342812642,0.0006863776070531458,0.009765625,0.42920367320510344,101.38707519997843
340,5440,61,2.0663715563702154,-2.0663715563702154,3.8125,6.181547619047619,-0.003698945573634038,4.863214731216431,0.34777139872312546,0.00012926285671710502,0.0,0.42920367320510344,101.66422819998115
341,5456,62,2.262721097219578,-2.262721097219578,3.875,4.755505952380952,-0.013136646244674921,5.099241614341736,0.24036163091659546,0.003880411633872427,0.012096773833036423,0.42920367320510344,101.93299330002628
342,5472,77,6.798119260617026,-6.798119260617026,4.8125,5.200297619047619,-0.02111181985719668,29.025440514087677,0.2586268149316311,0.01088428618368198,0.04071514494717121,0.42920367320510344,102.26849050004967
343,5488,69,3.1509954084936207,-3.1509954084936207,4.3125,5.0007440476190474,-0.12056983797810972,3.890031784772873,0.22368193115107715,0.003976875566878313,0.05585937574505806,0.42920367320510344,102.56958799995482
344,5504,60,1.277101836602552,-1.277101836602552,3.75,4.832291666666666,-0.004383137589320185,3.770809829235077,0.20339803770184517,0.0001214094540955557,0.0,0.42920367320510344,102.82840180001222
345,5520,64,2.847621556370216,-2.847621556370216,4,5.284970238095238,-0.005333065055310726,9.421940803527832,0.17656049132347107,0.0008605110924690962,0.0078125,0.42920367320510344,103.11713220004458
346,5536,66,2.6733958676442584,-2.6733958676442584,4.125,4.313839285714286,0.12532207486219704,3.9321992993354797,0.35205646231770515,0.002110832938342355,0.009765625,0.42920367320510344,103.4051662000129
347,5552,63,2.244745408493621,-2.244745408493621,3.9375,5.045386904761905,-0.005708009732650732,5.842729330062866,0.21794265136122704,0.00019923242962249788,0.0,0.42920367320510344,103.6864699999569
348,5568,50,2.16924770424681,-2.16924770424681,3.125,6.626041666666667,-0.017107494473457496,4.025465905666351,0.16398005560040474,0.004225930490065366,0.019999999552965164,0.42920367320510344,103.91448649996892
349,5584,60,0.928373852123405,-0.928373852123405,3.75,5.195833333333334,-0.005337292243106084,4.031742811203003,0.26402919739484787,0.0009285710038966499,0.008333333767950535,0.42920367320510344,104.1898865000112
350,5600,59,1.9280972450961724,-1.9280972450961724,3.6875,5.179910714285715,-0.0011722399836891495,2.1643481850624084,0.16527238488197327,6.301451617218845e-05,0.0,0.42920367320510344,104.44757279998157
351,5616,64,1.892699081698725,-1.892699081698725,4,5.656845238095238,-0.005587503779679537,2.4044702649116516,0.24462255090475082,0.00011376198381185532,0.0,0.42920367320510344,104.73169719998259
352,5632,67,1.8077986225480864,-1.8077986225480864,4.1875,4.913244047619048,0.09225778351537883,2.3388794669881463,0.23365835817094194,0.0005593594542006031,0.005859375,0.42920367320510344,105.02319930004887
353,5648,57,1.7054756887259568,-1.7054756887259568,3.5625,5.802083333333333,-0.003167292024540025,4.210795998573303,0.21824800595641136,0.00027681828123604646,0.004385964944958687,0.42920367320510344,105.30592650000472
354,5664,61,1.2588495408493623,-1.2588495408493623,3.8125,4.410416666666666,-0.007264913094123138,2.0417104363441467,0.20585401356220245,0.0008114545344142243,0.012295081280171871,0.42920367320510344,105.58836509997491
355,5680,60,2.1111724746714913,-2.1111724746714913,3.75,7.267113095238095,-0.005598475392131652,5.239372968673706,0.153487216681242,0.000492709577883943,0.008333333767950535,0.42920367320510344,105.87553520000074
356,5696,74,2.6017697197676637,-2.6017697197676637,4.625,5.513616071428571,-0.009530080948024988,6.0887037962675095,0.252615406177938,0.007478006802557502,0.015625,0.42920367320510344,106.2216418000171
357,5712,74,2.7945243112740434,-2.7945243112740434,4.625,5.001041666666667,0.07561159180477262,3.6498837769031525,0.2892457917332649,0.001547287640732975,0.02695312537252903,0.42920367320510344,106.54475220001768
358,5728,66,1.5843472450961729,-1.5843472450961729,4.125,4.189583333333333,-0.15960284462198615,2.6161013022065163,0.18909362259728368,0.00010047377145383507,0.0,0.42920367320510344,106.83338800002821
359,5744,52,0.9997233929727672,-0.9997233929727672,3.25,5.432291666666667,-0.004426154531896653,2.6097389459609985,0.19469407573342323,0.0008597952910349704,0.014423077460378408,0.42920367320510344,107.09408099995926
360,5760,67,1.7906527549038285,-1.7906527549038285,4.1875,5.469345238095238,-0.026201969478279352,1.4850041940808296,0.3028307594358921,0.006672791661307187,0.0533854179084301,0.42920367320510344,107.4001733000623
361,5776,61,2.275995408493621,-2.275995408493621,3.8125,5.548958333333333,-0.0061278181717363545,4.918622970581055,0.14723654463887215,0.0006869422322779428,0.012295082211494446,0.42920367320510344,107.67100970004685
362,5792,58,2.204645867644259,-2.204645867644259,3.625,6.136458333333334,-0.007152662915579144,5.033784627914429,0.22709831595420837,0.00031720577317173593,0.0,0.42920367320510344,107.93044440005906
363,5808,68,1.790099540849362,-1.790099540849362,4.25,4.733333333333333,0.042861607391387224,3.348495602607727,0.2032866141472809,0.0011485610593808815,0.03515625,0.42920367320510344,108.23520310001913
364,5824,60,2.266592653589794,-2.266592653589794,3.75,5.191666666666666,-0.007934930874034851,4.065144717693329,0.331774465739727,0.0020355479064164683,0.01666666753590107,0.42920367320510344,108.50529660005122
365,5840,65,1.7361724746714922,-1.7361724746714922,4.0625,4.91875,-0.019692139700055122,3.22586078196764,0.26216691750227794,0.0011783288791775703,0.013671875,0.42920367320510344,108.80135820002761
366,5856,66,3.2046458676442597,-3.2046458676442597,4.125,5.001116071428571,-0.09821946849115193,5.443985439836979,0.1889298902824521,0.0010875397711060941,0.009765625,0.42920367320510344,109.09947490005288
367,5872,56,2.9775995408493623,-2.9775995408493623,3.5,5.23125,-0.007378926317739731,6.691819548606873,0.2080966793000698,0.0008132687980832998,0.008928571827709675,0.42920367320510344,109.36403960001189
368,5888,70,2.7452986225480864,-2.7452986225480864,4.375,4.963095238095238,0.08164139604195952,3.5883730202913284,0.24861839599907398,0.0006472702857820423,0.0078125,0.42920367320510344,109.69592199998442
369,5904,58,1.5259954084936207,-1.5259954084936207,3.625,6.352678571428571,-0.0026965223600008414,4.865429878234863,0.21185985580086708,0.0002393335453234613,0.004310344811528921,0.42920367320510344,109.96511019999161
370,5920,64,1.5132743112740437,-1.5132743112740437,4,5.403869047619048,-0.002430099993944168,2.3626301884651184,0.1988866962492466,4.483726661419496e-05,0.0,0.42920367320510344,110.25532550003845
371,5936,59,2.080475688725958,-2.080475688725958,3.6875,5.588244047619048,-0.007405421534805612,3.48402202129364,0.21052450686693192,0.0009444848801649641,0.012711864430457354,0.42920367320510344,110.52949990006164
372,5952,68,3.280420178918302,-3.280420178918302,4.25,4.593229166666666,-0.07801437168382108,8.707647308707237,0.19951526168733835,0.0006370463233906776,0.0078125,0.42920367320510344,110.8291008999804
373,5968,69,3.4952986225480864,-3.4952986225480864,4.3125,5.123958333333333,0.12329147988930345,5.468962103128433,0.29790977653465234,0.00044993761730438564,0.001953125,0.42920367320510344,111.1472594999941
374,5984,59,2.000276607027233,-2.000276607027233,3.6875,5.229017857142857,-0.003691401492441182,3.0575534105300903,0.21282267570495605,0.0001577481125423219,0.0,0.42920367320510344,111.4112041000044
375,6000,66,2.910121556370216,-2.910121556370216,4.125,5.659375,0.05837044189684093,5.6369238081388175,0.23090561215212801,0.005064413300715387,0.01171875,0.42920367320510344,111.71313659998123
376,6016,58,3.0306967859455343,-3.0306967859455343,3.625,5.133630952380952,-0.007359582236325712,18.686837196350098,0.22390340641140938,0.0006000968523949268,0.004310344811528921,0.42920367320510344,111.97262700006831
377,6032,59,1.59375,-1.59375,3.6875,4.93125,-0.003638791450658374,5.3892436027526855,0.19510626420378685,0.00025006850955833215,0.0,0.42920367320510344,112.2327401000075
378,6048,56,0.8437500000000002,-0.8437500000000002,3.5,7.036979166666667,-0.006936076105507283,3.6198650598526,0.2371646836400032,0.00046866361844877247,0.004464285913854837,0.42920367320510344,112.49653600004967
379,6064,62,1.945796326794897,-1.945796326794897,3.875,5.8125,-0.006197962504360888,4.5487648248672485,0.19766605272889137,0.0019583648099796847,0.012096773833036423,0.42920367320510344,112.78056430001743
380,6080,56,1.120298622548086,-1.120298622548086,3.5,6.532291666666667,-0.005964502384553594,2.8230730295181274,0.29231448471546173,0.00029584862022602465,0.004464285913854837,0.42920367320510344,113.04154740006197
381,6096,59,2.0619467859455343,-2.0619467859455343,3.6875,5.659375,-0.005443184987752314,1.6526540517807007,0.18220505118370056,0.00021713977730541956,0.0,0.42920367320510344,113.3293255000608
382,6112,65,2.481747704246811,-2.481747704246811,4.0625,5.571875,0.24761358625255525,8.926479369401932,0.2297798577754282,0.0006814147927798331,0.0078125,0.42920367320510344,113.64193679997697
383,6128,62,2.2494467859455347,-2.2494467859455347,3.875,6.064434523809524,-0.005972928577853587,4.085403800010681,0.25162535533308983,0.0016348469071090221,0.012096773833036423,0.42920367320510344,113.93481810006779
384,6144,64,3.254701377451914,-3.254701377451914,4,5.332291666666666,-0.002510703168809414,4.425201654434204,0.17200623080134392,0.0004566302814055234,0.00390625,0.42920367320510344,114.2372725000605
385,6160,68,2.3653206380689404,-2.3653206380689404,4.25,5.155208333333333,-0.04589407937601209,3.1737528145313263,0.2702373946085572,0.0003997518797405064,0.00390625,0.42920367320510344,114.55256930005271
386,6176,55,1.3926990816987246,-1.3926990816987246,3.4375,5.178125,-0.0032568512680217765,2.1368021965026855,0.1573563925921917,0.00012265253963050782,0.0,0.42920367320510344,114.80452740006149
387,6192,58,1.1700775253285087,-1.1700775253285087,3.625,5.852083333333334,-0.0057285210691748745,2.31010639667511,0.2624654546380043,0.0004036082327729673,0.004310344811528921,0.42920367320510344,115.06913339998573
388,6208,65,1.5931967859455347,-1.5931967859455347,4.0625,5.134895833333333,0.660729332594201,5.049827486276627,0.31326021533459425,0.0010745213949121535,0.00390625,0.42920367320510344,115.36091220006347
389,6224,72,3.242256887259569,-3.242256887259569,4.5,4.521354166666667,-0.00545528344810009,6.209881752729416,0.2666562721133232,0.0027397864032536745,0.01171875,0.42920367320510344,115.6759382999735
390,6240,64,2.0580752295753197,-2.0580752295753197,4,5.553125,-0.00786118395626545,2.634245991706848,0.24853843078017235,0.0007100263319443911,0.0078125,0.42920367320510344,115.9626839000266
391,6256,66,2.3481747704246816,-2.3481747704246816,4.125,5.6589285714285715,0.20680779800750315,2.524007521569729,0.15585468141546244,0.0036648222885560244,0.01953125,0.42920367320510344,116.26896150002722
392,6272,72,2.102876147876595,-2.102876147876595,4.5,4.889136904761905,0.01831247564405203,2.1424057856202126,0.32332800328731537,0.0017995396628975868,0.041015625,0.42920367320510344,116.58001769997645
393,6288,59,1.772400459150638,-1.772400459150638,3.6875,5.813839285714286,-0.009706442477181554,3.4293808937072754,0.23598511889576912,0.0017565041125635616,0.008474576286971569,0.42920367320510344,116.84072279999964
394,6304,62,2.72732293382213,-2.72732293382213,3.875,5.748958333333333,-0.007367720376820319,6.061291694641113,0.1988445296883583,0.00185395824155421,0.012096773833036423,0.42920367320510344,117.11351689998992
395,6320,67,0.9773229338221293,-0.9773229338221293,4.1875,5.769791666666666,0.15557546564377844,2.6351626068353653,0.2557663801126182,0.000759088010379827,0.0,0.42920367320510344,117.43435039999895
396,6336,68,3.2541481633974483,-3.2541481633974483,4.25,4.55625,0.12724693957716227,14.894659146666527,0.24726921692490578,0.0014431189629249275,0.009765625,0.42920367320510344,117.75920259999111
397,6352,67,2.5840706380689396,-2.5840706380689396,4.1875,5.196875,-0.07240498438477516,6.325793504714966,0.2326507101308266,0.001227853041200433,0.005859375,0.42920367320510344,118.07365999999456
398,6368,51,1.352876147876595,-1.352876147876595,3.1875,5.509375,-0.0029974068302716095,3.38386332988739,0.21013930812478065,8.087912169685296e-05,0.0,0.42920367320510344,118.31707890005782
399,6384,62,2.3296458676442584,-2.3296458676442584,3.875,5.065625,-0.007807863053805875,2.9961546659469604,0.19341468438506126,0.0009598970973456744,0.012096773833036423,0.42920367320510344,118.59082000004128
400,6400,64,3.137721097219578,-3.137721097219578,4,5.809375,-0.0187614259775728,12.548510789871216,0.2764788642525673,0.0020830879802815616,0.015625,0.42920367320510344,118.87449459999334
401,6416,64,1.6474004591506382,-1.6474004591506382,4,4.635416666666667,-0.00836492283269763,1.7991339564323425,0.18692757934331894,0.0005912971100769937,0.0078125,0.42920367320510344,119.14718980004545
402,6432,65,1.6562500000000004,-1.6562500000000004,4.0625,4.661755952380952,-0.2440558613743633,3.718505322933197,0.23631109354892876,0.0005218269943725318,0.005859375,0.42920367320510344,119.43854919995647
403,6448,57,0.9728981633974484,-0.9728981633974484,3.5625,6.259375,-0.0022990227530899077,1.4367634952068329,0.21916252747178078,0.00013001184925087728,0.0,0.42920367320510344,119.70439720002469
404,6464,72,3.980917883165112,-3.980917883165112,4.5,5.130208333333333,-0.004325265996158123,21.207002878189087,0.2614054549485445,0.005802160048915539,0.021484375,0.42920367320510344,120.02876899996772
405,6480,64,2.101769719767664,-2.101769719767664,4,5.619940476190476,-0.006184221478179097,1.9047565162181854,0.2786902189254761,0.0006525705102831125,0.0078125,0.42920367320510344,120.30856020003557
406,6496,70,2.1955197197676646,-2.1955197197676646,4.375,4.964657738095238,0.025074350647628307,2.9437666535377502,0.21949894865974784,0.000810551225488787,0.00390625,0.42920367320510344,120.6141396999592
407,6512,69,2.7845683423157506,-2.7845683423157506,4.3125,5.161011904761905,-0.018858448136597872,3.070130690932274,0.3480329690501094,0.0013226202063520986,0.0078125,0.42920367320510344,120.93539790005889
408,6528,63,2.673395867644259,-2.673395867644259,3.9375,5.552083333333333,-0.0036540215332356574,6.394603252410889,0.2810060530900955,0.00010198520658377674,0.0,0.42920367320510344,121.22469379997347
409,6544,61,2.3125000000000004,-2.3125000000000004,3.8125,5.154761904761905,-0.009306737172157575,5.394840478897095,0.3022790253162384,0.00041841216443572193,0.008196720853447914,0.42920367320510344,121.5077190999873
410,6560,77,6.627765128261285,-6.627765128261285,4.8125,4.695684523809524,-0.050363161601126194,16.871420800685883,0.2541660275310278,0.018888558319247295,0.06956129893660545,0.42920367320510344,121.84976560005452
411,6576,56,1.258296326794897,-1.258296326794897,3.5,5.4886904761904765,-0.00655756327822532,3.449872851371765,0.17942965030670166,0.00017484942782175494,0.0,0.42920367320510344,122.1030291999923
412,6592,64,1.8127766070272329,-1.8127766070272329,4,4.348958333333333,-0.007354636676609516,4.212969660758972,0.14761899039149284,0.0006813787622377276,0.0078125,0.42920367320510344,122.3868246000493
413,6608,75,2.740873852123405,-2.740873852123405,4.6875,5.149107142857143,-0.013952006585896015,4.344561159610748,0.3359849192202091,0.001958247850780026,0.028586648404598236,0.42920367320510344,122.72349670005497
414,6624,68,3.0127210972195773,-3.0127210972195773,4.25,6.123958333333333,-0.09162797103635967,7.64833003282547,0.19225113140419126,0.001419072155840695,0.01171875,0.42920367320510344,123.02985619998071
415,6640,68,2.244745408493621,-2.244745408493621,4.25,5.2803571428571425,0.18056181212887168,2.243476063013077,0.21996960445540026,0.0007899866177467629,0.0078125,0.42920367320510344,123.33663679996971
416,6656,67,2.2898229338221294,-2.2898229338221294,4.1875,4.846875,-0.10294172004796565,2.5733277797698975,0.17730453246213074,0.00021467820137743843,0.001953125,0.42920367320510344,123.62931980006397
417,6672,67,1.9372233929727676,-1.9372233929727676,4.1875,4.542708333333334,0.1737731380853802,3.1105926632881165,0.21031506906729192,0.0017407640904529842,0.0078125,0.42920367320510344,123.92573919997085
418,6688,65,1.9773229338221294,-1.9773229338221294,4.0625,6.071875,-0.06769597984384745,2.646564880851656,0.2109875038087911,0.00037110113771632314,0.00390625,0.42920367320510344,124.23174580000341
419,6704,75,2.865873852123405,-2.865873852123405,4.6875,4.432663690476191,-0.08086927351541817,3.7443133890628815,0.2111671082675457,0.003729572873851339,0.005859375,0.42920367320510344,124.56252789997961
420,6720,61,1.7226215563702159,-1.7226215563702159,3.8125,5.889583333333333,-0.004994634322279978,3.238737463951111,0.20351477712392807,0.00044032346431777114,0.004098360426723957,0.42920367320510344,124.8454606999876
421,6736,63,2.932798622548087,-2.932798622548087,3.9375,4.853571428571429,-0.00906005734577775,6.866781234741211,0.2111830674111843,0.0024237319885287434,0.01587301678955555,0.42920367320510344,125.12794849998318
422,6752,68,3.120575229575319,-3.120575229575319,4.25,5.478125,-0.07802558084949851,4.415702387690544,0.3716463949531317,0.0029032496095169336,0.033203125,0.42920367320510344,125.44742360000964
423,6768,66,3.0879421944391554,-3.0879421944391554,4.125,5.273958333333333,0.06585726933553815,5.010642301291227,0.2019915694836527,0.0008400757797062397,0.009765625,0.42920367320510344,125.75969580002129
424,6784,64,2.525995408493621,-2.525995408493621,4,6.418898809523809,-0.0053143363911658525,4.832133650779724,0.31542380154132843,0.0004087318666279316,0.00390625,0.42920367320510344,126.06075329997111
425,6800,73,2.472621556370216,-2.472621556370216,4.5625,4.501636904761905,-0.08674530265852809,12.114841997623444,0.19728294177912176,0.0010546430482172298,0.005859375,0.42920367320510344,126.38963820005301
426,6816,68,2.4944688014663887,-2.4944688014663887,4.25,4.949479166666666,-0.06969690113328397,4.137434482574463,0.29942017421126366,0.0003442057641223073,0.001953125,0.42920367320510344,126.70694900001399
427,6832,62,1.8971238521234057,-1.8971238521234057,3.875,5.757291666666666,-0.0012640008536701774,3.62676078081131,0.2297161966562271,2.0942019546055235e-05,0.0,0.42920367320510344,126.99074469995685
428,6848,56,1.1692477042468103,-1.1692477042468103,3.5,4.747172619047619,-0.0034846271612747337,1.6087065637111664,0.2257465347647667,0.00014246973751141923,0.0,0.42920367320510344,127.24432679999154
429,6864,52,0.8879977042468108,-0.8879977042468108,3.25,5.41875,-0.0068432726951028755,1.7473984062671661,0.19367878139019012,0.00025563777853676584,0.004807692486792803,0.42920367320510344,127.4859403000446
430,6880,68,2.0221238521234053,-2.0221238521234053,4.25,4.925595238095238,5.564838647842407e-05,10.24955079704523,0.2896080072969198,0.0006964417407289147,0.005859375,0.42920367320510344,127.7894043000415
431,6896,61,1.4283738521234053,-1.4283738521234053,3.8125,4.914136904761905,-0.0073361932300031185,1.694195955991745,0.235109094530344,0.00039732371806167066,0.004098360426723957,0.42920367320510344,128.0562176000094
432,6912,64,4.012444490192345,-4.012444490192345,4,5.61264880952381,-0.008094292134046555,17.255160331726074,0.330459900200367,0.0010703158914111555,0.0078125,0.42920367320510344,128.33624209999107
433,6928,62,1.7585729338221294,-1.7585729338221294,3.875,5.864583333333333,-0.005424480757585837,3.9931607246398926,0.2485763318836689,0.001743920824083034,0.012096773833036423,0.42920367320510344,128.61638330004644
434,6944,60,2.374723392972767,-2.374723392972767,3.75,5.030803571428572,-0.008651143359020397,6.409727096557617,0.16807996481657028,0.0016480201302329078,0.012500000651925802,0.42920367320510344,128.8855374000268
435,6960,59,1.9728981633974483,-1.9728981633974483,3.6875,6.7109375,-0.004724984720223091,1.7763870060443878,0.22702060639858246,0.0002076729324471671,0.0042372881434857845,0.42920367320510344,129.15426670003217
436,6976,67,2.396847245096173,-2.396847245096173,4.1875,6.02671130952381,-0.0706298315199092,2.766275607049465,0.2187895867973566,0.0004666821067376148,0.001953125,0.42920367320510344,129.46437589998823
437,6992,59,1.9593472450961724,-1.9593472450961724,3.6875,5.51875,-0.004421636047358679,4.841547608375549,0.21495921537280083,0.00019090742216576473,0.0,0.42920367320510344,129.73242660006508
438,7008,72,2.985895867644259,-2.985895867644259,4.5,4.841666666666667,-0.027749466709792614,10.527562454342842,0.37111437134444714,0.006135890958830714,0.0078125,0.42920367320510344,130.04919399996288
439,7024,58,1.955199081698725,-1.955199081698725,3.625,5.84375,-0.006958444446228951,3.965780735015869,0.1850208006799221,0.0010408266280137468,0.012931034434586763,0.42920367320510344,130.3257163000526
440,7040,55,1.8832963267948968,-1.8832963267948968,3.4375,5.616666666666667,-0.005219167766203459,1.9036124646663666,0.24522268027067184,0.0009940112395270262,0.00909090880304575,0.42920367320510344,130.57780139998067
441,7056,70,2.3564710972195777,-2.3564710972195777,4.375,4.798065476190477,-0.006619402905926108,2.9311854392290115,0.18808495067059994,0.000503386688478713,0.00390625,0.42920367320510344,130.89324390003458
442,7072,74,3.329369260617027,-3.329369260617027,4.625,5.121875,-0.12962873955257237,5.181362226605415,0.24815866723656654,0.0010727714934546384,0.005859375,0.42920367320510344,131.22483299998567
443,7088,61,2.2721238521234053,-2.2721238521234053,3.8125,5.547916666666667,-0.007413266596888235,4.023053467273712,0.24611977487802505,0.0016776034535723738,0.008196720853447914,0.42920367320510344,131.50334409996867
444,7104,63,1.303097245096173,-1.303097245096173,3.9375,5.452083333333333,-0.002573783190677137,1.7357535660266876,0.22542082518339157,0.00013165252653379866,0.0,0.42920367320510344,131.79619000002276
445,7120,68,2.8431967859455347,-2.8431967859455347,4.25,6.369047619047619,0.2425210583023727,9.810214966535568,0.22434314712882042,0.0017672675021458417,0.005859375,0.42920367320510344,132.10633059998509
446,7136,63,1.4280972450961724,-1.4280972450961724,3.9375,5.730208333333334,-0.007239819690030791,2.044953405857086,0.3218150958418846,0.0004160561775279348,0.007936508394777775,0.42920367320510344,132.38305760000367
447,7152,63,3.1916481633974483,-3.1916481633974483,3.9375,5.119196428571429,-0.01634415848890236,16.802226543426514,0.2553931251168251,0.0038069947040639818,0.007936508394777775,0.42920367320510344,132.65511369996238
448,7168,66,2.6736724746714913,-2.6736724746714913,4.125,4.8140625,0.09631294081918895,4.656843483448029,0.17052290354513389,0.000601261795964092,0.0078125,0.42920367320510344,132.94421079999302
449,7184,65,1.6966261478765952,-1.6966261478765952,4.0625,5.702604166666667,0.0906173944240436,1.8075943291187286,0.20390596899165342,0.00037220941158011556,0.00390625,0.42920367320510344,133.2524191000266
450,7200,63,2.2538715563702154,-2.2538715563702154,3.9375,6.15625,-0.004772468149432774,3.807912826538086,0.2603815793991089,0.00015118249257284333,0.0,0.42920367320510344,133.54650749999564
451,7216,65,1.8349004591506386,-1.8349004591506386,4.0625,5.210416666666666,-0.278998177498579,2.729074314236641,0.31108265466036755,0.0005635968409478664,0.00390625,0.42920367320510344,133.84517340001184
452,7232,63,4.21349540849362,-4.21349540849362,3.9375,5.077678571428572,-0.0037551260509876006,20.089839458465576,0.3040981665253639,5.412314681052521e-05,0.0,0.42920367320510344,134.12022809998598
453,7248,73,2.8791481633974483,-2.8791481633974483,4.5625,4.969345238095238,-0.13727103050041478,3.952062100172043,0.3028016611933708,0.00037552544222307915,0.00390625,0.42920367320510344,134.438158200006
454,7264,64,2.517975688725957,-2.517975688725957,4,5.190625,-0.009798509534448385,8.842836618423462,0.30034012347459793,0.0008216251153498888,0.0078125,0.42920367320510344,134.71235010004602
455,7280,64,2.5398229338221294,-2.5398229338221294,4,6.265178571428572,-0.00922864954918623,3.350051701068878,0.23563331738114357,0.0011034412309527397,0.015625,0.42920367320510344,134.99217340000905
456,7296,71,2.227599540849362,-2.227599540849362,4.4375,4.855208333333334,-0.054543512873351574,4.28242452442646,0.29922571033239365,0.0003158377999170625,0.001953125,0.42920367320510344,135.30488249997143
457,7312,62,2.178373852123406,-2.178373852123406,3.875,5.95625,-0.00838160733016391,4.406875371932983,0.26590030640363693,0.0002882180733649875,0.004032257944345474,0.42920367320510344,135.58099489996675
458,7328,66,2.758572933822129,-2.758572933822129,4.125,5.935416666666667,-0.10019040538463742,4.715808920562267,0.23716757594820592,0.0009246448171325028,0.0078125,0.42920367320510344,135.87779850000516
459,7344,67,1.3874444901923457,-1.3874444901923457,4.1875,5.021428571428571,-0.13917437428608537,3.3843204770237207,0.3298930898308754,0.000852756939224264,0.0078125,0.42920367320510344,136.18595660000574
460,7360,63,2.1960729338221294,-2.1960729338221294,3.9375,4.444270833333333,-0.004042624926475558,3.039971172809601,0.1616881899535656,0.00016364407474611653,0.003968254197388887,0.42920367320510344,136.45415020000655
461,7376,61,1.7538715563702159,-1.7538715563702159,3.8125,6.265625,-0.004033001657903629,3.7694011926651,0.2766598165035248,0.0025691506889415905,0.008196720853447914,0.42920367320510344,136.73642610001843
462,7392,62,1.4327986225480864,-1.4327986225480864,3.875,5.123958333333333,-0.011291401197893514,1.8114805817604065,0.31558845937252045,0.0008915362705010921,0.008064515888690948,0.42920367320510344,137.00919160002377
463,7408,68,2.410121556370216,-2.410121556370216,4.25,4.408630952380952,-0.19713679770939052,2.719200536608696,0.3279645014554262,0.004853407037444413,0.041015625,0.42920367320510344,137.32964520005044
464,7424,63,3.5033183423157497,-3.5033183423157497,3.9375,6.996875,-0.006324520175685411,15.53092360496521,0.2872966527938843,0.001114316637540469,0.007936508394777775,0.42920367320510344,137.62912479997613
465,7440,61,2.6736724746714917,-2.6736724746714917,3.8125,5.19985119047619,-0.005609714650343101,4.9979798793792725,0.15539108216762543,0.0004019227917524404,0.004098360426723957,0.42920367320510344,137.91098100005183
466,7456,68,2.2007743112740434,-2.2007743112740434,4.25,5.805729166666667,0.0033835629001259804,3.0083856284618378,0.17793243267806247,0.0033412427874282002,0.033203125,0.42920367320510344,138.2293732999824
467,7472,67,1.9731747704246816,-1.9731747704246816,4.1875,5.102083333333334,0.06487103994004428,3.7140001505613327,0.11282720746373265,0.0010398490897696178,0.009765625,0.42920367320510344,138.53708989999723
468,7488,67,3.4599004591506377,-3.4599004591506377,4.1875,4.3125,0.05094255198491737,4.580132648348808,0.22091193511732854,0.0007597402821488686,0.005859375,0.42920367320510344,138.83292499999516
469,7504,69,2.5752210972195773,-2.5752210972195773,4.3125,5.460416666666666,-0.06726679159328341,3.610071085393429,0.16930576076265424,0.0005975789910763751,0.0078125,0.42920367320510344,139.14280639996286
470,7520,67,2.8788715563702154,-2.8788715563702154,4.1875,5.837946428571429,0.04160676337778568,4.518546096980572,0.19721006869804114,0.0007729572541090024,0.009765625,0.42920367320510344,139.4551238999702
471,7536,64,1.6377210972195777,-1.6377210972195777,4,5.823511904761904,-0.004331819713115692,3.7768718004226685,0.18696074560284615,0.00020722358021885157,0.00390625,0.42920367320510344,139.73964210005943
472,7552,71,2.5926435718910685,-2.5926435718910685,4.4375,5.625,-0.1592666027136147,2.2116946280002594,0.2775382325053215,0.0012536221375398782,0.005859375,0.42920367320510344,140.05707950005308
473,7568,78,2.9322454084936216,-2.9322454084936216,4.875,5.1203125,-0.03851173631846905,9.960471630096436,0.1919592907652259,0.002077657120707954,0.005859375,0.42920367320510344,140.40168829995673
474,7584,56,1.2096238521234057,-1.2096238521234057,3.5,5.998958333333333,-0.00619486293622451,1.7611494958400726,0.1703989878296852,0.001377690819936106,0.008928571827709675,0.42920367320510344,140.6553512000246
475,7600,61,1.383572933822129,-1.383572933822129,3.8125,4.565104166666667,-0.00966460521134449,3.2830451130867004,0.18429629877209663,0.001436465470760595,0.008196720853447914,0.42920367320510344,140.9198042000644
476,7616,63,2.625276607027233,-2.625276607027233,3.9375,4.628422619047619,-0.0031282283605487127,3.8814148902893066,0.1782008446753025,0.00020200865674269153,0.0,0.42920367320510344,141.19541499996558
477,7632,71,2.4905972450961733,-2.4905972450961733,4.4375,6.312594696969697,-0.10687583452090621,6.745037630200386,0.22793861146783456,0.0004216701400512335,0.00390625,0.42920367320510344,141.51917530002538
478,7648,59,1.2364490816987244,-1.2364490816987244,3.6875,5.323958333333334,-0.007114314253173326,2.2854872941970825,0.23065517470240593,0.00044042186527804006,0.0042372881434857845,0.42920367320510344,141.79669290001038
479,7664,59,1.625,-1.625,3.6875,6.42827380952381,-0.007058181060020319,3.1390408873558044,0.27195408940315247,0.0002937666786237969,0.0,0.42920367320510344,142.06640929996502
480,7680,61,1.7892697197676646,-1.7892697197676646,3.8125,5.409895833333334,-0.0049611382877270405,2.3768153190612793,0.23699332773685455,0.00033032628380169626,0.0,0.42920367320510344,142.34418839996215
481,7696,67,2.062223392972767,-2.062223392972767,4.1875,4.9852678571428575,-0.039116515312343836,2.6305471807718277,0.2530813831835985,0.0006955703138373792,0.0078125,0.42920367320510344,142.64461960003246
482,7712,84,3.097344949342983,-3.097344949342983,5.25,4.1140625,-0.011471689911559224,5.376227527856827,0.180871507152915,0.0015549916737427338,0.022265625186264515,0.42920367320510344,142.99887809995562
483,7728,73,2.8655972450961724,-2.8655972450961724,4.5625,4.840773809523809,-0.05126606987323612,3.7710414081811905,0.17667382210493088,0.0030204494638610413,0.03168402798473835,0.42920367320510344,143.3253463000292
484,7744,63,1.562223392972767,-1.562223392972767,3.9375,5.210416666666667,-0.005608603253864253,2.0428557097911835,0.2091565728187561,0.00041263892580900574,0.003968254197388887,0.42920367320510344,143.60735109995585
485,7760,69,2.423949081698725,-2.423949081698725,4.3125,5.008407738095238,-0.13785596552770585,3.5584041327238083,0.18047850765287876,0.0007884086546710023,0.009765625,0.42920367320510344,143.92035979998764
486,7776,65,2.2856747704246807,-2.2856747704246807,4.0625,4.820386904761905,-0.01484044548124075,3.0941696260124445,0.15785427048103884,0.0007902694342192262,0.005859375,0.42920367320510344,144.21145040006377
487,7792,57,1.1960729338221294,-1.1960729338221294,3.5625,4.904166666666667,-0.0025779591878904995,1.9080098569393158,0.1482245959341526,8.426230942859547e-05,0.0,0.42920367320510344,144.46594909997657
488,7808,59,2.401272015520854,-2.401272015520854,3.6875,5.046875,-0.00697651578673808,2.9034112095832825,0.2099798358976841,0.0008359298062714515,0.012711864430457354,0.42920367320510344,144.72468550002668
489,7824,58,1.2765486225480864,-1.2765486225480864,3.625,6.59375,-0.0030821552901560967,1.6206534206867218,0.1761825568974018,0.00045183179827290587,0.004310344811528921,0.42920367320510344,144.98597589996643
490,7840,62,1.7226215563702154,-1.7226215563702154,3.875,5.300744047619047,-0.006510165916199906,4.894170880317688,0.17709167301654816,9.478303854848491e-05,0.0,0.42920367320510344,145.26781680004206
491,7856,55,1.4325220155208536,-1.4325220155208536,3.4375,5.021875,-0.006794540475080435,1.1641437113285065,0.1906738057732582,0.00044528475882543717,0.004545454401522875,0.42920367320510344,145.521038100007
492,7872,67,1.8832963267948966,-1.8832963267948966,4.1875,4.464880952380953,0.02292235125787556,2.19099223613739,0.21694583259522915,0.0007797087194489905,0.00390625,0.42920367320510344,145.8209927000571
493,7888,53,1.0002766070272326,-1.0002766070272326,3.3125,5.359375,-0.011936985641577191,1.6820988059043884,0.19492750242352486,0.0015890222057350911,0.009433962404727936,0.42920367320510344,146.06738280004356
494,7904,65,3.2892697197676632,-3.2892697197676632,4.0625,4.5651785714285715,0.018215775897260755,5.591809973120689,0.49705945514142513,0.002005130569159519,0.0078125,0.42920367320510344,146.355798900011
495,7920,64,3.4723449493429825,-3.4723449493429825,4,5.457291666666666,-0.002183804986998439,8.294923782348633,0.23945977538824081,5.2733346819877625e-05,0.0,0.42920367320510344,146.6316441000672
496,7936,64,3.285121556370216,-3.285121556370216,4,5.315625,-0.0075490823946893215,12.572705268859863,0.1856549009680748,0.0005670511163771152,0.0078125,0.42920367320510344,146.9075995000312
497,7952,66,2.053097245096173,-2.053097245096173,4.125,5.002083333333333,-0.30206972057931125,4.084985196590424,0.20456155110150576,0.0011508354218676686,0.00390625,0.42920367320510344,147.20956460002344
498,7968,62,1.5400995408493623,-1.5400995408493623,3.875,4.339583333333334,-0.0014963453042229347,4.075338542461395,0.1552557460963726,2.1533364360948326e-05,0.0,0.42920367320510344,147.47618670004886
499,7984,70,2.419247704246811,-2.419247704246811,4.375,4.520089285714286,-0.01821190072223544,5.557151593267918,0.27429765928536654,0.0003509689622660517,0.001953125,0.42920367320510344,147.77762219996657
500,8000,67,2.0400995408493623,-2.0400995408493623,4.1875,5.098511904761905,0.12617288692854345,3.0025252252817154,0.310524994507432,0.0014209927394404076,0.005859375,0.42920367320510344,148.08111350005493
501,8016,64,2.8658738521234053,-2.8658738521234053,4,5.888244047619048,-0.011812721495516598,17.0509672164917,0.2523910515010357,0.0009474119287915528,0.01171875,0.42920367320510344,148.37042459996883
502,8032,61,1.5005532140544657,-1.5005532140544657,3.8125,4.759077380952381,-0.014311975272769395,2.8345335721969604,0.26296815276145935,0.002951439113530796,0.016393441706895828,0.42920367320510344,148.64662270003464
503,8048,59,1.7806967859455343,-1.7806967859455343,3.6875,8.729166666666666,-0.0009652876716415015,4.090740442276001,0.20710363239049911,8.754000009503216e-05,0.0,0.42920367320510344,148.91748509998433
504,8064,68,4.294247704246811,-4.294247704246811,4.25,5.6988095238095235,-0.15180361201055348,39.66076751053333,0.2709438115125522,0.004626421461580321,0.017578125,0.42920367320510344,149.23337599996012
505,8080,68,2.9775995408493623,-2.9775995408493623,4.25,5.4703125,-0.03678600816056132,9.395466953516006,0.1862283581867814,0.0065279358241241425,0.01953125,0.42920367320510344,149.58862339996267
506,8096,62,1.7181967859455347,-1.7181967859455347,3.875,5.4,-0.003653729577631104,2.4679933190345764,0.16627293080091476,0.000304761184452218,0.008064515888690948,0.42920367320510344,149.88473160006106
507,8112,71,2.570243112740431,-2.570243112740431,4.4375,5.809598214285714,0.07739906432107091,5.878115087747574,0.21378929587081075,0.0005364570717460992,0.0078125,0.42920367320510344,150.22723119996954
508,8128,65,1.7051990816987241,-1.7051990816987241,4.0625,4.710714285714285,-0.19989087339490652,1.5431739795021713,0.15098671866382818,0.0006995232688495889,0.005859375,0.42920367320510344,150.51913829997648
509,8144,50,1.1200220155208533,-1.1200220155208533,3.125,6.859375,-0.0016893756861100506,2.136863112449646,0.13274198397994041,0.00011156529080835753,0.0,0.42920367320510344,150.7572414999595
510,8160,59,1.9148229338221296,-1.9148229338221296,3.6875,5.562648809523809,-0.007189421889853609,2.9477031230926514,0.1433727964758873,0.0005068968384875916,0.008474576286971569,0.42920367320510344,151.03746709995903
511,8176,62,1.8384954084936207,-1.8384954084936207,3.875,6.361011904761905,-0.00518900132362532,3.0821988582611084,0.18078400567173958,0.0022963662195252255,0.008064515888690948,0.42920367320510344,151.31918850005604
512,8192,65,1.1291481633974492,-1.1291481633974492,4.0625,4.678720238095238,-0.08358804462477565,1.6592030487954617,0.15482985524314952,0.0014974123987485655,0.0,0.42920367320510344,151.62348509998992
513,8208,67,3.780143571891069,-3.780143571891069,4.1875,5.263541666666667,-0.16193590126931667,10.805215373635292,0.1240182098117657,0.0008248379260464844,0.00390625,0.42920367320510344,151.93143890006468
514,8224,62,2.860895867644259,-2.860895867644259,3.875,4.960416666666666,-0.008920181433730523,6.067318081855774,0.10649046115577221,0.002538657354307361,0.02016128972172737,0.42920367320510344,152.20376099995337
515,8240,71,2.4684733929727676,-2.4684733929727676,4.4375,5.379166666666666,0.0305787636898458,2.9993947744369507,0.19674499426037073,0.002214566072584745,0.015625,0.42920367320510344,152.5237299000146
516,8256,66,1.9952986225480862,-1.9952986225480862,4.125,5.459375,0.08244988648220897,2.116676278412342,0.21769456303445622,0.001403365022270009,0.009765625,0.42920367320510344,152.81719239999074
517,8272,59,1.2455752295753193,-1.2455752295753193,3.6875,5.133928571428571,-0.005657274697283832,2.7622520327568054,0.16852424666285515,0.0005848593436894589,0.0042372881434857845,0.42920367320510344,153.08748250000644
518,8288,63,1.0400995408493623,-1.0400995408493623,3.9375,4.572916666666667,-0.0036230701782242747,2.2399957180023193,0.13186445087194443,0.000288167230792169,0.003968254197388887,0.42920367320510344,153.38553940004203
519,8304,58,0.678097245096173,-0.678097245096173,3.625,7.390625,-0.0019172830657696593,2.3291208744049072,0.1584474965929985,0.00017115580067184055,0.0,0.42920367320510344,153.66164229996502
520,8320,61,1.4952986225480864,-1.4952986225480864,3.8125,4.689583333333333,-0.0008741594965764321,2.90946102142334,0.15597551688551903,7.724688703092397e-05,0.0,0.42920367320510344,153.93652190000284
521,8336,59,0.6067477042468106,-0.6067477042468106,3.6875,5.171875,-0.0017482444505361183,1.9675944149494171,0.20527281984686852,2.6879043161898153e-05,0.0,0.42920367320510344,154.20788290002383
522,8352,70,2.146847245096173,-2.146847245096173,4.375,4.897172619047619,0.033957231673412025,3.7235492691397667,0.20387982949614525,0.000854160847836738,0.0078125,0.42920367320510344,154.52567570004612
523,8368,67,1.3788715563702163,-1.3788715563702163,4.1875,5.302083333333333,-0.06740709918085486,1.1820039823651314,0.27659252285957336,0.010972296118183067,0.0494791679084301,0.42920367320510344,154.83363700006157
524,8384,53,0.7724004591506379,-0.7724004591506379,3.3125,6.995833333333334,-0.011589323346204328,0.6740647256374359,0.1599906124174595,0.0030819527455605567,0.01886792480945587,0.42920367320510344,155.08690059999935
525,8400,68,2.8252210972195777,-2.8252210972195777,4.25,4.990922619047619,-0.11821221141144633,3.907346650958061,0.26054225489497185,0.008975924894912168,0.068359375,0.42920367320510344,155.39403520000633
526,8416,72,2.3520463267948966,-2.3520463267948966,4.5,4.907440476190477,-0.06615416123531759,1.9887776672840118,0.17421360779553652,0.001281528442632407,0.0078125,0.42920367320510344,155.72874319995753
527,8432,64,1.5262720155208536,-1.5262720155208536,4,5.026339285714286,-0.006979293655604124,1.9409959316253662,0.14601979032158852,0.0012739566154778004,0.0078125,0.42920367320510344,156.005994200008
528,8448,63,2.195519719767664,-2.195519719767664,3.9375,5.809672619047619,-0.005735154903959483,2.5472277402877808,0.18831857293844223,0.0009822575848374981,0.007936508394777775,0.42920367320510344,156.28240669996012
529,8464,56,2.1739490816987246,-2.1739490816987246,3.5,6.027604166666666,-0.008848451443814742,6.972470283508301,0.1653543971478939,0.00032312621169694467,0.0,0.42920367320510344,156.53535869996995
530,8480,60,2.1059178831651124,-2.1059178831651124,3.75,6.638541666666667,-0.011196405735487636,2.3362945914268494,0.24236276000738144,0.0007992708360688994,0.016666667070239782,0.42920367320510344,156.80858810001519
531,8496,72,2.0033183423157497,-2.0033183423157497,4.5,5.060714285714286,-0.02015709225088358,2.1937311589717865,0.14255746733397245,0.0004790255334228277,0.0078125,0.42920367320510344,157.1334367999807
532,8512,75,2.0660949493429825,-2.0660949493429825,4.6875,4.76875,-0.09799123730044812,2.129092514514923,0.20324598997831345,0.003449096939803553,0.039950285106897354,0.42920367320510344,157.4780436999863
533,8528,53,1.6739490816987241,-1.6739490816987241,3.3125,6.220833333333333,-0.002713083054536547,5.487887859344482,0.21118909120559692,8.109977989079198e-05,0.0,0.42920367320510344,157.73094909999054
534,8544,69,1.9148229338221294,-1.9148229338221294,4.3125,5.3125,0.06884149403776973,1.2295550517737865,0.306031646206975,0.001565757003845647,0.015625,0.42920367320510344,158.04830490006134
535,8560,69,2.365873852123405,-2.365873852123405,4.3125,5.902678571428571,0.08397948544006795,5.253040850162506,0.21379461232572794,0.0002804289749747113,0.0,0.42920367320510344,158.36146849999204
536,8576,63,1.4551990816987241,-1.4551990816987241,3.9375,5.729166666666667,-0.004050381568496908,4.297300100326538,0.2022002525627613,0.00017280797464991338,0.0,0.42920367320510344,158.65560429997277
537,8592,66,2.963772015520854,-2.963772015520854,4.125,5.566666666666666,0.24222792638465762,12.940489619970322,0.27886192221194506,0.0015708012215327471,0.009765625,0.42920367320510344,158.96000079996884
538,8608,61,1.0530972450961729,-1.0530972450961729,3.8125,4.583333333333333,-0.00380816730264133,2.063090145587921,0.2213013358414173,0.00013283441694511566,0.0,0.42920367320510344,159.2307301000692
539,8624,65,1.4861724746714922,-1.4861724746714922,4.0625,5.40625,0.027266515186056495,2.202234987169504,0.11327729235486514,0.0002969507550005801,0.00390625,0.42920367320510344,159.52839970006607
540,8640,56,1.3343472450961729,-1.3343472450961729,3.5,5.9558035714285715,-0.007230837397011358,1.648244023323059,0.1672523245215416,0.0005288657048367895,0.004464285913854837,0.42920367320510344,159.79516730003525
541,8656,67,2.77157063806894,-2.77157063806894,4.1875,5.508779761904762,-0.14137983205728233,2.8861298486590385,0.15136583847925067,0.00027208772348785715,0.001953125,0.42920367320510344,160.09271050000098
542,8672,65,2.8384954084936207,-2.8384954084936207,4.0625,5.019791666666666,0.033687008544802666,19.58713824674487,0.08379119756455698,0.0011693388223648071,0.00390625,0.42920367320510344,160.38110510003753
543,8688,60,1.4236724746714913,-1.4236724746714913,3.75,5.9662202380952385,-0.0010905323938155131,2.647459387779236,0.16243135929107666,1.3058741103577631e-05,0.0,0.42920367320510344,160.65662480005994
544,8704,60,1.2538715563702154,-1.2538715563702154,3.75,5.639583333333333,-0.0013184838195838822,1.4767982065677643,0.11154992878437042,1.0619560683267082e-05,0.0,0.42920367320510344,160.93352970003616
545,8720,71,2.579092653589793,-2.579092653589793,4.4375,4.996428571428572,-0.043788496404886246,3.952771782875061,0.18064921349287033,3.894838417295432e-05,0.0,0.42920367320510344,161.256155100069
546,8736,74,3.0583518366025535,-3.0583518366025535,4.625,4.3255952380952385,0.007247176952660084,2.7145110368728638,0.1981997238472104,0.0023423338076611344,0.018359375186264515,0.42920367320510344,161.60624420002569
547,8752,64,2.1822454084936207,-2.1822454084936207,4,5.432291666666667,-0.0004839734174311161,4.5196428298950195,0.22895843535661697,2.2491207346320152e-05,0.0,0.42920367320510344,161.89765319996513
548,8768,62,1.8924224746714913,-1.8924224746714913,3.875,5.188541666666667,-0.007065294832441893,3.3066519498825073,0.1840604804456234,0.0005474753370435792,0.008064515888690948,0.42920367320510344,162.17034690000582
549,8784,67,1.8705752295753193,-1.8705752295753193,4.1875,5.861607142857143,0.03965981653891504,1.8771368265151978,0.1392693552043056,0.0033165148245188902,0.013671875,0.42920367320510344,162.47446070006117
550,8800,66,1.7455752295753189,-1.7455752295753189,4.125,4.182738095238095,0.07640623464249074,2.530367851257324,0.24601878033718094,0.00025328357878606766,0.0,0.42920367320510344,162.76056439999957
551,8816,66,2.3122233929727676,-2.3122233929727676,4.125,5.808854166666666,0.12701498810201883,3.4164142347872257,0.21700873098598095,0.011531232652487233,0.064453125,0.42920367320510344,163.0674938999582
552,8832,64,1.7364490816987241,-1.7364490816987241,4,5.899479166666667,-0.010382849257439375,2.617727041244507,0.20941811054944992,0.0006025917828083038,0.0078125,0.42920367320510344,163.3550385000417
553,8848,68,3.1686944901923453,-3.1686944901923453,4.25,5.122395833333333,0.005381385795772076,9.282629784196615,0.16598267294466496,0.0055742944532539696,0.041015625,0.42920367320510344,163.65352339996025
554,8864,48,1.495298622548086,-1.495298622548086,3,6.5375,-0.007145403341079604,3.0336397290229797,0.18423479795455933,0.00034916260938189225,0.0052083334885537624,0.42920367320510344,163.88704880001023
555,8880,55,2.3478981633974483,-2.3478981633974483,3.4375,5.633333333333334,-0.008411708512258809,3.00164657831192,0.15705329179763794,0.000483756159155746,0.004545454401522875,0.42920367320510344,164.1460228000069
556,8896,62,2.4767697197676632,-2.4767697197676632,3.875,5.081845238095238,-0.002680688409224974,3.7762370705604553,0.16170351952314377,0.00019551836248865584,0.004032257944345474,0.42920367320510344,164.42895780003164
557,8912,62,1.2184733929727671,-1.2184733929727671,3.875,5.352380952380952,-0.0037772226543539844,4.107772707939148,0.1718766763806343,0.0002641296887304634,0.004032257944345474,0.42920367320510344,164.71507330005988
558,8928,72,2.6332963267948966,-2.6332963267948966,4.5,5.570238095238095,0.1440367333125323,4.811336994171143,0.19418979063630104,0.0007150376914069057,0.005859375,0.42920367320510344,165.04622220003512
559,8944,63,1.9283738521234055,-1.9283738521234055,3.9375,5.959375,-0.005465128251151086,2.3946021795272827,0.17109257355332375,0.00036428847124625463,0.003968254197388887,0.42920367320510344,165.33432300004642
560,8960,66,1.9007188014663887,-1.9007188014663887,4.125,5.563095238095238,0.12363501742947847,2.517439216375351,0.1689984075637767,0.0007287380867637694,0.0,0.42920367320510344,165.65101360005792
561,8976,63,2.119745408493621,-2.119745408493621,3.9375,5.369791666666667,-0.0016039345061890087,2.2320334911346436,0.13727280125021935,8.927193994168192e-05,0.0,0.42920367320510344,165.93414669996127
562,8992,52,1.0890486225480867,-1.0890486225480867,3.25,6.162053571428571,-0.0017920314253738745,0.9614692628383636,0.14889851585030556,0.00026427467537359917,0.004807692486792803,0.42920367320510344,166.1779936000239
563,9008,66,2.057798622548086,-2.057798622548086,4.125,5.121279761904762,-0.046567350160330534,1.5277484133839607,0.10402872000122443,0.0021659214980900288,0.0078125,0.42920367320510344,166.4741562999552
564,9024,69,2.3523229338221294,-2.3523229338221294,4.3125,5.241666666666666,-0.004801065195351839,5.8761303424835205,0.21810387820005417,0.0015856354585137566,0.013671875,0.42920367320510344,166.8058020999888
565,9040,60,1.339048622548086,-1.339048622548086,3.75,6.064583333333333,-0.0031674964314634124,2.040411412715912,0.10532465949654579,0.00028628036852751393,0.004166666883975267,0.42920367320510344,167.08166550006717
566,9056,54,1.9457963267948966,-1.9457963267948966,3.375,7.04375,-0.004627970985085161,3.721196711063385,0.17023000493645668,0.0006024238100508228,0.009259259328246117,0.42920367320510344,167.33478330005892
567,9072,62,3.0707963267948966,-3.0707963267948966,3.875,6.026785714285714,-0.006517660770295031,6.216928243637085,0.11600263975560665,0.0029419750862871297,0.008064515888690948,0.42920367320510344,167.61310249997769
568,9088,74,4.503871556370215,-4.503871556370215,4.625,5.098958333333333,-0.07883261563256383,40.31585210561752,0.21635205298662186,0.0009354691425187411,0.018359375186264515,0.42920367320510344,167.9480416000588
569,9104,57,1.1426990816987246,-1.1426990816987246,3.5625,6.360416666666667,-0.003959282570960454,3.7746020555496216,0.20266424864530563,0.00033413435448892415,0.004385964944958687,0.42920367320510344,168.226533500012
570,9120,64,1.2812500000000009,-1.2812500000000009,4,4.871875,-0.0025208783335983753,3.967523455619812,0.13019896298646927,0.0003710871678777039,0.0078125,0.42920367320510344,168.50465300003998
571,9136,59,2.2494467859455347,-2.2494467859455347,3.6875,5.601041666666667,-0.0036891698462383493,6.612103343009949,0.1377878412604332,0.000799150271632243,0.008474576286971569,0.42920367320510344,168.77708070003428
572,9152,55,1.4109513774519136,-1.4109513774519136,3.4375,5.580208333333333,-0.0055383212112989355,1.7564662396907806,0.12232433073222637,0.00024875328153939336,0.0,0.42920367320510344,169.0310262000421
573,9168,68,2.0174224746714913,-2.0174224746714913,4.25,4.767708333333333,-0.007590893190354109,1.6401238292455673,0.13744071032851934,0.0003992915153503418,0.005859375,0.42920367320510344,169.35627670004033
574,9184,69,1.883296326794897,-1.883296326794897,4.3125,4.719791666666667,0.07920007524080575,1.600371716544032,0.11916333017870784,0.00036483976654766437,0.00390625,0.42920367320510344,169.6834609999787
575,9200,67,2.72732293382213,-2.72732293382213,4.1875,4.28125,-0.210055144270882,5.830980382859707,0.19079506304115057,0.0007361067112015007,0.0078125,0.42920367320510344,169.985578599968
576,9216,64,1.6786504591506377,-1.6786504591506377,4,5.779761904761905,-0.0013135327026247978,1.9643577635288239,0.14323828369379044,4.2809988372027874e-05,0.0,0.42920367320510344,170.27935920003802
577,9232,69,2.0400995408493623,-2.0400995408493623,4.3125,3.9870535714285715,0.20470532728359103,2.7484359443187714,0.10871361818863079,0.002381613175366226,0.02695312537252903,0.42920367320510344,170.58250660006888
578,9248,72,1.6778206380689398,-1.6778206380689398,4.5,4.511011904761904,-0.08956793544348329,3.439431309700012,0.20832283422350883,0.0007012312125880271,0.00390625,0.42920367320510344,170.9049085000297
579,9264,62,1.7273229338221294,-1.7273229338221294,3.875,5.292708333333334,-0.00868440785956004,1.3604434728622437,0.19315318018198013,0.0005405593310570111,0.008064515888690948,0.42920367320510344,171.19036919996142
580,9280,66,2.9908738521234057,-2.9908738521234057,4.125,5.346130952380952,0.4604788722936064,11.663038700819016,0.13631261552745855,0.0065511068678461015,0.01171875,0.42920367320510344,171.49571349995676
581,9296,62,2.1064710972195773,-2.1064710972195773,3.875,5.275,-0.006352086579652472,4.090567409992218,0.16573866456747055,0.0004468356082725222,0.008064515888690948,0.42920367320510344,171.7729638000019
582,9312,74,2.588495408493621,-2.588495408493621,4.625,4.2,-0.03127388450957369,2.2186999320983887,0.19512727297842503,0.0015175703510976746,0.02890625037252903,0.42920367320510344,172.10879329999443
583,9328,64,2.008296326794897,-2.008296326794897,4,5.283333333333333,-0.004671570844948292,7.317562460899353,0.27863407880067825,0.000524417293490842,0.0078125,0.42920367320510344,172.40375279996078
584,9344,66,2.369745408493621,-2.369745408493621,4.125,5.478571428571429,0.2680272420402616,3.846921816468239,0.25071692932397127,0.0008839628426358104,0.009765625,0.42920367320510344,172.71278599998914
585,9360,62,2.280973392972768,-2.280973392972768,3.875,5.7508928571428575,-0.007181087152041021,8.725515365600586,0.2511586956679821,0.00029791448650939856,0.0,0.42920367320510344,172.99539850000292
586,9376,65,2.6020463267948966,-2.6020463267948966,4.0625,4.811458333333333,-0.09818738279864192,6.00829342007637,0.12195662920866054,0.0005658229201799259,0.005859375,0.42920367320510344,173.3140917000128
587,9392,57,1.348451377451914,-1.348451377451914,3.5625,5.75,-0.008100044466309964,4.113247752189636,0.2002909556031227,0.0010452021524542943,0.01315789483487606,0.42920367320510344,173.58265360002406
588,9408,59,1.7986724746714913,-1.7986724746714913,3.6875,5.06875,-0.0019169057671559742,3.3039620518684387,0.1562333106994629,0.00020915408913424471,0.0042372881434857845,0.42920367320510344,173.84977149998304
589,9424,64,1.9950220155208536,-1.9950220155208536,4,4.721875,-0.001978001557290554,4.102315068244934,0.23728439956903458,4.9824826419353485e-05,0.0,0.42920367320510344,174.15369439998176
590,9440,64,1.7674224746714922,-1.7674224746714922,4,5.5796875,-0.0057219096925109625,2.184961438179016,0.28000595420598984,0.00019175624038325623,0.0,0.42920367320510344,174.4451709999703
591,9456,64,1.942201377451915,-1.942201377451915,4,5.505208333333333,-0.006295861676335335,2.708859384059906,0.17216083779931068,0.0013631480396725237,0.01171875,0.42920367320510344,174.7266527999891
592,9472,68,2.910121556370216,-2.910121556370216,4.25,4.869791666666667,-0.05584724131040275,4.288267612457275,0.3212601412087679,0.0031701415427960455,0.0390625,0.42920367320510344,175.02640179998707
593,9488,59,1.816371556370216,-1.816371556370216,3.6875,5.4375,-0.0097778739774661,1.8910970091819763,0.2348416931927204,0.0005368506936065387,0.0042372881434857845,0.42920367320510344,175.29138720000628
594,9504,69,1.8523229338221294,-1.8523229338221294,4.3125,5.123809523809523,-0.05347606539726257,1.989070013165474,0.22079322300851345,0.0003440296613916871,0.0,0.42920367320510344,175.60093269997742
595,9520,72,2.1910949493429834,-2.1910949493429834,4.5,4.754464285714286,0.10788128711283207,2.6305262744426727,0.17230614088475704,0.002299325307831168,0.015625,0.42920367320510344,175.9127765999874
596,9536,58,1.0489490816987244,-1.0489490816987244,3.625,5.203125,-0.0015004812935486278,1.9725980758666992,0.15485044196248055,4.726123574982921e-05,0.0,0.42920367320510344,176.18944370001554
597,9552,70,2.6825220155208536,-2.6825220155208536,4.375,4.8464285714285715,0.06436190335080028,5.342694357037544,0.2187881814315915,0.0037113493696452338,0.0514322929084301,0.42920367320510344,176.49600330006797
598,9568,58,2.2090706380689404,-2.2090706380689404,3.625,6.981398809523809,-0.00680949700723299,2.9562507271766663,0.21156667172908783,0.00040740069562161807,0.0,0.42920367320510344,176.76290219998918
599,9584,62,3.26299770424681,-3.26299770424681,3.875,6.094791666666667,-0.003902205527992919,9.221605062484741,0.24007942527532578,0.00084526696082321,0.012096773833036423,0.42920367320510344,177.0388954000082
600,9600,74,3.1692477042468106,-3.1692477042468106,4.625,4.702529761904762,0.08292466588318348,5.454631716012955,0.2243624897673726,0.005666391359497425,0.028125000186264515,0.42920367320510344,177.3840649999911
601,9616,64,1.892699081698724,-1.892699081698724,4,6.131547619047619,-0.009658166207373142,5.844914436340332,0.25304583832621574,0.0016448598180431873,0.015625,0.42920367320510344,177.69243040005676
602,9632,70,2.896847245096172,-2.896847245096172,4.375,5.822916666666667,-0.02419606363400817,11.15140637755394,0.20979027450084686,0.015669748633627023,0.03059895895421505,0.42920367320510344,178.01969880005345
603,9648,61,1.4507743112740434,-1.4507743112740434,3.8125,6.138541666666667,-0.005218539364086339,2.708530008792877,0.1965559870004654,0.00020196853483867017,0.004098360426723957,0.42920367320510344,178.3178888000548
604,9664,61,1.7983958676442595,-1.7983958676442595,3.8125,5.20625,-0.004108749684537116,2.1072095036506653,0.1755249910056591,0.00021525976535485825,0.004098360426723957,0.42920367320510344,178.5911787999794
605,9680,65,3.0663715563702163,-3.0663715563702163,4.0625,5.271354166666667,-0.11356230010278523,4.051113277673721,0.10408689850511618,0.0017208362696692348,0.01953125,0.42920367320510344,178.88853019999806
606,9696,73,2.807522015520854,-2.807522015520854,4.5625,5.067013888888889,-0.0815327875316143,7.986922323703766,0.27010226994752884,0.0027554689725803883,0.009765625,0.42920367320510344,179.2063631999772
607,9712,73,2.472621556370216,-2.472621556370216,4.5625,4.528125,0.08297621365636587,4.182654947042465,0.24764328263700008,0.0009404820139025105,0.015842013992369175,0.42920367320510344,179.5309975000564
608,9728,60,1.6023229338221294,-1.6023229338221294,3.75,5.4296875,-0.00708514583141806,3.1163082122802734,0.22188465297222137,0.0008166489533323329,0.008333333767950535,0.42920367320510344,179.79748890001792
609,9744,71,3.0035949493429834,-3.0035949493429834,4.4375,4.457589285714286,-0.015301663894206285,18.691857874393463,0.1912287613376975,0.001393686692836127,0.009765625,0.42920367320510344,180.10825639998075
610,9760,67,2.312223392972767,-2.312223392972767,4.1875,5.225,-0.21231977781280875,5.019744470715523,0.26508948765695095,0.001158419318585402,0.009765625,0.42920367320510344,180.41263110004365
611,9776,60,1.7143252295753189,-1.7143252295753189,3.75,6.423958333333333,-0.008356211062831131,2.8262664675712585,0.24346008896827698,0.0011354377093084622,0.02083333395421505,0.42920367320510344,180.68012769997586
612,9792,56,1.3478981633974483,-1.3478981633974483,3.5,6.123958333333333,-0.0017989706871697209,2.11855685710907,0.13306855782866478,0.00010194877177127637,0.0,0.42920367320510344,180.94649660005234
613,9808,64,1.1155972450961729,-1.1155972450961729,4,4.782291666666667,-0.00427254824899137,1.2600769996643066,0.2007160447537899,0.0003254082112107426,0.00390625,0.42920367320510344,181.2384329000488
614,9824,59,2.169524311274043,-2.169524311274043,3.6875,5.763541666666667,-0.005855708715498009,4.355221629142761,0.19706206396222115,0.0005029434851167025,0.0042372881434857845,0.42920367320510344,181.51639999996405
615,9840,67,2.383019719767664,-2.383019719767664,4.1875,5.151041666666667,-0.09405852959025651,2.8544972762465477,0.09579979635418567,0.0003284498425273341,0.00390625,0.42920367320510344,181.81713940005284
616,9856,69,2.530420178918302,-2.530420178918302,4.3125,5.686458333333333,-0.047573022078722715,2.8315402269363403,0.20174022251740098,0.0007912594111534332,0.009765625,0.42920367320510344,182.13981349999085
617,9872,63,3.2046458676442584,-3.2046458676442584,3.9375,5.008184523809524,-0.005771540862042457,6.04140841960907,0.18049782887101173,0.0003783352940445184,0.003968254197388887,0.42920367320510344,182.42857960006222
618,9888,61,1.6825220155208531,-1.6825220155208531,3.8125,5.643229166666667,-0.005227681073802892,4.115555286407471,0.15185648202896118,0.0009457551859668456,0.008196720853447914,0.42920367320510344,182.69921240000986
619,9904,65,2.025995408493621,-2.025995408493621,4.0625,5.001190476190476,-0.3009795055259019,5.844469904899597,0.1626205822941525,0.000182484436663799,0.001953125,0.42920367320510344,182.9964922000654
620,9920,58,2.503318342315751,-2.503318342315751,3.625,5.362797619047619,-0.0037415762680807485,5.449583053588867,0.2006644792854786,0.000282595898170257,0.0,0.42920367320510344,183.25893760006875
621,9936,67,2.307245408493621,-2.307245408493621,4.1875,4.578125,0.050514118978753686,3.6201941147446632,0.17230049173667794,0.0007044568774681181,0.00390625,0.42920367320510344,183.55525650002528
622,9952,68,1.9327986225480864,-1.9327986225480864,4.25,4.794642857142858,0.21320209675468504,10.304513573646545,0.25628483667969704,0.0003556578703864943,0.005859375,0.42920367320510344,183.8547085999744
623,9968,66,2.1692477042468106,-2.1692477042468106,4.125,5.526041666666667,0.11614768346771598,2.86997745372355,0.1469836915915259,0.0012992036063224077,0.01171875,0.42920367320510344,184.16485169995576
624,9984,51,1.2090706380689404,-1.2090706380689404,3.1875,5.98125,-0.005501868158770629,2.273386776447296,0.21033850684762,0.00027459537886898033,0.0049019609577953815,0.42920367320510344,184.4156336999731
625,10000,65,2.4994467859455347,-2.4994467859455347,4.0625,5.008333333333333,-0.3479870103765279,2.673381626358605,0.15190504700876772,0.001741315980325453,0.00390625,0.42920367320510344,184.71207420004066
626,10016,62,1.852046326794898,-1.852046326794898,3.875,4.767261904761905,-0.00627881949842557,3.2044528126716614,0.1849241517484188,0.00025053574609046336,0.0,0.42920367320510344,184.98749039997347
627,10032,56,1.4463495408493625,-1.4463495408493625,3.5,5.809375,-0.0014707530738503616,1.703474074602127,0.17140566185116768,7.911824604889262e-05,0.0,0.42920367320510344,185.26073800004087
628,10048,62,2.5251655874119225,-2.5251655874119225,3.875,5.320833333333334,-0.006686407905597935,3.807888925075531,0.17319180443882942,0.00041430178316659294,0.008064515888690948,0.7123889803846897,185.53929700003937
629,10064,59,1.8525995408493623,-1.8525995408493623,3.6875,5.4037202380952385,-0.003904884443342027,8.218220949172974,0.24353578686714172,0.00012124074055464007,0.0,0.7123889803846897,185.81689350004308
630,10080,61,1.097898163397448,-1.097898163397448,3.8125,4.697916666666667,-0.0024617734850864714,2.318723201751709,0.223696269094944,0.00010617926227496355,0.0,0.7123889803846897,186.08737490000203
631,10096,76,3.933075229575319,-3.933075229575319,4.75,4.178199404761905,0.11335320444777608,5.438194900751114,0.2314806915819645,0.002421142995444825,0.022135416977107525,0.7123889803846897,186.41477949998807
632,10112,68,2.4015486225480864,-2.4015486225480864,4.25,5.050595238095238,-0.05215328233316541,3.7076297849416733,0.2232105303555727,0.0007215656660264358,0.005859375,0.7123889803846897,186.7190994999837
633,10128,71,3.3116701789183023,-3.3116701789183023,4.4375,4.6796875,-0.0113873234950006,5.636931508779526,0.18065979471430182,0.006677555452500261,0.01981026865541935,0.7123889803846897,187.03124140005093
634,10144,63,1.99032063806894,-1.99032063806894,3.9375,5.834672619047619,-0.008677347040262351,6.470240950584412,0.2323204092681408,0.001458894657844212,0.01587301678955555,0.7123889803846897,187.33872120000888
635,10160,71,3.110342653589794,-3.110342653589794,4.4375,4.8375,-0.014162625186145306,10.883014619350433,0.29730140790343285,0.0015407773731794805,0.01171875,0.7123889803846897,187.66446880006697
636,10176,67,2.0129977042468106,-2.0129977042468106,4.1875,5.161160714285714,-0.10594424488954246,4.359930723905563,0.183811672963202,0.0009089349781561396,0.009765625,0.7123889803846897,187.96528630005196
637,10192,60,2.602876147876595,-2.602876147876595,3.75,4.640625,-0.005128057863718727,2.469890296459198,0.21073830127716064,0.000172885936081002,0.0,0.7123889803846897,188.23340260004625
638,10208,59,1.883849540849362,-1.883849540849362,3.6875,5.686458333333333,-0.008171291678543913,3.517510235309601,0.1789245679974556,0.0027736712072510272,0.012711864430457354,0.7123889803846897,188.49815290002152
639,10224,61,1.6866701789183018,-1.6866701789183018,3.8125,4.623958333333333,-0.004337466683536517,2.297222673892975,0.1982274428009987,0.00017316394678346114,0.0,0.7123889803846897,188.76216769998427
640,10240,59,1.6783738521234053,-1.6783738521234053,3.6875,4.91875,-0.010847263241391847,2.1546466946601868,0.2373913861811161,0.000817329728306504,0.008474576286971569,0.7123889803846897,189.03411210002378
641,10256,60,0.6114490816987245,-0.6114490816987245,3.75,4.480208333333334,-0.005454254224120381,1.954368770122528,0.2019888050854206,0.0001647909002713277,0.0,0.7123889803846897,189.30888000002597
642,10272,57,1.557245408493621,-1.557245408493621,3.5625,5.557291666666667,-0.003150241767575057,1.7112511098384857,0.1646454781293869,0.00019623535672508297,0.0,0.7123889803846897,189.57475629996043
643,10288,64,1.4643252295753193,-1.4643252295753193,4,5.330208333333333,-0.005977568682283163,5.795985221862793,0.26582545042037964,0.0002259161847177893,0.00390625,0.7123889803846897,189.87067470001057
644,10304,69,3.0710729338221294,-3.0710729338221294,4.3125,4.890178571428572,-0.1833765369374305,8.808531180024147,0.30215898901224136,0.002262437273031992,0.03085937537252903,0.7123889803846897,190.18056750006508
645,10320,56,2.0392697197676646,-2.0392697197676646,3.5,5.665625,-0.00334184674180249,3.0828644037246704,0.28971485793590546,0.00044508305109047797,0.004464285913854837,0.7123889803846897,190.43246809998527
646,10336,72,2.8514931127404313,-2.8514931127404313,4.5,4.825347222222222,0.013752115424722433,9.345651358366013,0.24179372936487198,0.0019052637508139014,0.021484375,0.7123889803846897,190.74544450000394
647,10352,58,2.003871556370216,-2.003871556370216,3.625,6.175595238095238,-0.013167218666459535,4.221509337425232,0.167255237698555,0.0033611154358368367,0.008620689623057842,0.7123889803846897,191.0285155000165
648,10368,54,1.7497233929727674,-1.7497233929727674,3.375,4.702083333333333,-0.0030957751517197707,3.0602793097496033,0.19228454679250717,0.0001720212958389311,0.0,0.7123889803846897,191.2761979000643
649,10384,60,2.517145867644258,-2.517145867644258,3.75,6.684895833333333,-0.008510050724726215,10.282177686691284,0.2938542664051056,0.0002834847136909957,0.0,0.7123889803846897,191.5518221000675
650,10400,67,2.641869260617026,-2.641869260617026,4.1875,5.8290178571428575,-0.2804756601108238,3.2488440545275807,0.24107981752604246,0.0018675475115088602,0.01171875,0.7123889803846897,191.85567009996157
651,10416,61,2.5080197197676637,-2.5080197197676637,3.8125,6.146279761904762,-0.0036686155277108057,6.104416728019714,0.269073948264122,0.00015308524871215923,0.0,0.7123889803846897,192.13386870000977
652,10432,67,2.280420178918302,-2.280420178918302,4.1875,4.847916666666666,-0.18884721165522933,2.1367796026170254,0.19925722619518638,0.0010331315376510553,0.01171875,0.7123889803846897,192.43700779997744
653,10448,59,2.8030972450961724,-2.8030972450961724,3.6875,5.395833333333333,-0.006357161718878457,9.389302730560303,0.23244087025523186,0.00194847077364102,0.008474576286971569,0.7123889803846897,192.7016864999896
654,10464,59,1.1208518366025517,-1.1208518366025517,3.6875,5.442708333333333,-0.006464477038500505,1.5788250863552094,0.22225557640194893,0.0002704616936171078,0.0,0.7123889803846897,192.9653215999715
655,10480,71,3.940265128261285,-3.940265128261285,4.4375,4.736904761904762,-0.10458900919184089,10.58552423119545,0.22111855633556843,0.023123629671772505,0.03934151865541935,0.7123889803846897,193.3038579999702
656,10496,71,1.5669247704246814,-1.5669247704246814,4.4375,4.122619047619048,-0.0829301041085273,3.0263101756572723,0.17329970421269536,0.002602355284384572,0.0415736623108387,0.7123889803846897,193.65507910004817
657,10512,63,2.2585729338221294,-2.2585729338221294,3.9375,4.682291666666667,-0.0068596347275797775,8.705338954925537,0.18868007138371468,0.0004737104827654548,0.007936508394777775,0.7123889803846897,193.93607289995998
658,10528,74,3.9408183423157497,-3.9408183423157497,4.625,5.204613095238095,0.07188996998593211,17.76927614212036,0.22983762621879578,0.003972533839259995,0.024218750186264515,0.7123889803846897,194.26955910003744
659,10544,67,1.9148229338221294,-1.9148229338221294,4.1875,5.18125,-0.15035002771764994,5.438145339488983,0.21100645139813423,0.001635985822474595,0.009765625,0.7123889803846897,194.5695432999637
660,10560,57,1.3879977042468108,-1.3879977042468108,3.5625,5.5625,-0.004073188404283057,1.977072387933731,0.23389936983585358,0.00030455554951913655,0.004385964944958687,0.7123889803846897,194.82332399999723
661,10576,58,1.5619467859455347,-1.5619467859455347,3.625,6.798363095238095,-0.005771544966686082,2.445929169654846,0.2152341604232788,0.0004232930532452883,0.004310344811528921,0.7123889803846897,195.08328859996982
662,10592,66,2.3254977042468106,-2.3254977042468106,4.125,5.301041666666666,-0.254278909182176,5.200035870075226,0.12200138926345971,0.0004472572763916105,0.00390625,0.7123889803846897,195.38562960003037
663,10608,62,1.7494467859455347,-1.7494467859455347,3.875,4.984375,-0.004819764382010483,2.0187835693359375,0.29116786271333694,0.00022017964693077374,0.0,0.7123889803846897,195.67071450001094
664,10624,62,3.1418692606170264,-3.1418692606170264,3.875,4.780059523809523,-0.005808819451739389,15.649178743362427,0.2800092175602913,0.0002631301147175691,0.004032257944345474,0.7123889803846897,195.94581070006825
665,10640,73,3.678097245096173,-3.678097245096173,4.5625,5.396428571428571,-0.021014853846281767,12.509049952030182,0.34989362955093384,0.005110090488415153,0.029513888992369175,0.7123889803846897,196.28353360004257
666,10656,61,1.6872233929727676,-1.6872233929727676,3.8125,5.189583333333333,-0.004823759884275747,1.9858136177062988,0.178365308791399,0.0005996282779960893,0.012295081280171871,0.7123889803846897,196.5590504000429
667,10672,71,2.232024311274044,-2.232024311274044,4.4375,4.950694444444444,-0.11753904493525624,3.3155759125947952,0.20167457545176148,0.0023841708524514615,0.05552455596625805,0.7123889803846897,196.88592520006932
668,10688,57,1.838772015520854,-1.838772015520854,3.5625,6.363541666666666,-0.002436457254429536,2.946469485759735,0.1438453085720539,4.771621445343044e-05,0.0,0.7123889803846897,197.14496109995525
669,10704,75,2.1686944901923453,-2.1686944901923453,4.6875,5.62281746031746,0.02885682717896998,2.6610472351312637,0.2464079838246107,0.0007951011889417714,0.009765625,0.7123889803846897,197.51909990003332
670,10720,66,3.2627210972195777,-3.2627210972195777,4.125,4.556994047619048,0.22175784525461495,23.827304512262344,0.12232846750703175,0.0005700270412489772,0.005859375,0.7123889803846897,197.8269932999974
671,10736,57,2.3387720155208536,-2.3387720155208536,3.5625,6.054613095238095,-0.008168695835609086,4.887758016586304,0.260781966149807,0.0008414128697040724,0.008771929889917374,0.7123889803846897,198.08931079995818
672,10752,59,1.4599004591506382,-1.4599004591506382,3.6875,5.902678571428571,-0.006659977412309059,2.899563729763031,0.2323010079562664,0.0005020198768761475,0.008474576286971569,0.7123889803846897,198.36483169998974
673,10768,56,1.4330752295753195,-1.4330752295753195,3.5,5.685714285714286,-0.0013929977909097335,8.211347103118896,0.15336628630757332,1.3859211264843907e-05,0.0,0.7123889803846897,198.61373760004062
674,10784,67,2.0442477042468106,-2.0442477042468106,4.1875,4.7875,-0.007079998729750514,1.3722872994840145,0.1277938215789618,0.00522130195167847,0.0475260429084301,0.7123889803846897,198.9122478000354
675,10800,59,1.3476215563702156,-1.3476215563702156,3.6875,6.609375,-0.012741511466644262,2.014076292514801,0.2060484103858471,0.0024605455619166605,0.012711864430457354,0.7123889803846897,199.20325450005475
676,10816,65,2.3780417352885177,-2.3780417352885177,4.0625,4.851636904761905,0.11227442510426044,2.1023440030403435,0.3819695294369012,0.0012222376826684922,0.00390625,0.7123889803846897,199.50131319998764
677,10832,59,1.7450220155208536,-1.7450220155208536,3.6875,4.880208333333333,-0.0027838213136419654,2.96440190076828,0.1439915932714939,0.00017826549765231903,0.0042372881434857845,0.7123889803846897,199.76755810005125
678,10848,64,1.8434733929727676,-1.8434733929727676,4,6.476041666666666,-0.0019828700460493565,5.613594889640808,0.15563342347741127,6.209209095686674e-05,0.0,0.7123889803846897,200.05859599995892
679,10864,67,1.4413715563702156,-1.4413715563702156,4.1875,4.927083333333333,-0.05753814545460045,1.016650054603815,0.12330607546042753,0.00034150812522670826,0.0,0.7123889803846897,200.3626713999547
680,10880,63,1.2231747704246811,-1.2231747704246811,3.9375,4.996875,-0.00652051510082341,1.797860473394394,0.20052392780780792,0.0010915627899521496,0.007936508394777775,0.42920367320510344,200.64824470004532
681,10896,70,2.316371556370216,-2.316371556370216,4.375,5.060491071428571,-0.006731003290042281,4.757635146379471,0.19608307565795258,0.0008478488980852017,0.02278645895421505,0.42920367320510344,201.03464219998568
682,10912,74,2.8520463267948974,-2.8520463267948974,4.625,4.924255952380952,0.022412928519770503,5.342426419258118,0.1327798319980502,0.0012558926129244696,0.02890625037252903,0.42920367320510344,201.37994380004238
683,10928,63,2.013274311274044,-2.013274311274044,3.9375,4.891666666666667,-0.006958884802380938,2.01786869764328,0.1828904040157795,0.0017317361998721026,0.011904762592166662,0.42920367320510344,201.6707058000611
684,10944,57,1.0306967859455347,-1.0306967859455347,3.5625,5.65,-0.006719219359454964,3.9343101978302,0.215433768928051,0.0007780675550748128,0.008771929889917374,0.42920367320510344,201.9314802000299
685,10960,62,1.7134954084936207,-1.7134954084936207,3.875,5.697916666666667,-0.006072995799308423,1.8574759364128113,0.18841372802853584,0.00021824409213877516,0.004032257944345474,0.42920367320510344,202.22517200000584
686,10976,69,2.1518252295753193,-2.1518252295753193,4.3125,5.430803571428571,0.08909154392313212,3.0703313648700714,0.2405797466635704,0.0034085316132461685,0.009765625,0.7123889803846897,202.53203969995957
687,10992,72,2.298395867644259,-2.298395867644259,4.5,4.236458333333333,-0.04424565832596272,2.3786046653985977,0.15770370047539473,0.00013441697228699923,0.0,0.42920367320510344,202.84735289996024
688,11008,61,2.0790926535897936,-2.0790926535897936,3.8125,5.61875,-0.004345196058790357,1.6853443086147308,0.1570664718747139,0.00034788910306815524,0.004098360426723957,0.42920367320510344,203.12024289998226
689,11024,65,2.1960729338221294,-2.1960729338221294,4.0625,6.113541666666666,0.12105127540417016,1.4395460113883018,0.3462225426347345,0.000820890796603635,0.009765625,0.42920367320510344,203.41814750002231
690,11040,63,1.9012720155208545,-1.9012720155208545,3.9375,5.43110119047619,-0.007342132826572145,2.4625619649887085,0.2772127762436867,0.0006886469218443381,0.007936508394777775,0.42920367320510344,203.69582729996182
691,11056,52,1.6556967859455352,-1.6556967859455352,3.25,5.925446428571428,-0.001950513958805633,3.374342203140259,0.17061486467719078,4.4461627567216055e-05,0.0,0.42920367320510344,203.93275170004927
692,11072,71,2.2314710972195777,-2.2314710972195777,4.4375,4.861458333333333,0.08715349365957081,1.9382134228944778,0.11440511560067534,0.0002350397837744822,0.001953125,0.7123889803846897,204.2481214000145
693,11088,58,1.9103981633974485,-1.9103981633974485,3.625,6.171726190476191,-0.008278016872093952,1.448926329612732,0.2146725170314312,0.0016838912197272293,0.017241379711776972,0.7123889803846897,204.51106950000394
694,11104,58,1.8376655874119225,-1.8376655874119225,3.625,6.188541666666667,4.561605337893848e-05,2.6071070432662964,0.14913780614733696,3.708054532580718e-05,0.0,0.7123889803846897,204.77332799998112
695,11120,61,1.5577986225480869,-1.5577986225480869,3.8125,5.144494047619047,-0.0017461791025287776,1.2915171384811401,0.15237555652856827,7.808403961462318e-05,0.0,0.7123889803846897,205.0374794000527
696,11136,64,2.09706834231575,-2.09706834231575,4,5.901339285714286,-0.004063151311129332,6.127936244010925,0.18390486761927605,0.00010724365711212158,0.0,0.7123889803846897,205.33746980002616
697,11152,70,1.9198009183012759,-1.9198009183012759,4.375,4.582291666666666,0.004706632578745484,1.5845233500003815,0.1442440003156662,0.007257427746253597,0.0533854179084301,0.7123889803846897,205.66766509995796
698,11168,64,1.1783738521234053,-1.1783738521234053,4,5.550297619047619,-0.004148258827626705,1.656065434217453,0.16059168800711632,0.0009422233561053872,0.0078125,0.7123889803846897,205.95498479995877
699,11184,61,1.9095683423157501,-1.9095683423157501,3.8125,5.133184523809524,-0.006150838161330108,2.1504895091056824,0.18365560099482536,0.00018227638474854757,0.0,0.7123889803846897,206.23423129995354
700,11200,56,2.4908738521234053,-2.4908738521234053,3.5,6.183333333333334,-0.0018354612277887705,6.540392637252808,0.09796120598912239,7.641515105660801e-05,0.0,0.7123889803846897,206.4903379000025
701,11216,64,2.6429756887259566,-2.6429756887259566,4,4.6625,-0.013993985019624233,5.87501060962677,0.17442547902464867,0.0015115606365725398,0.01171875,0.7123889803846897,206.77825129998382
702,11232,77,2.664269719767664,-2.664269719767664,4.8125,4.991815476190476,-0.04567049676552415,5.818523034453392,0.1770696984604001,0.0009757254541753468,0.009615384973585606,0.7123889803846897,207.1255629999796
703,11248,58,1.2184733929727682,-1.2184733929727682,3.625,6.938541666666667,-0.008619662546873963,2.5324875712394714,0.20537130534648895,0.000401095340748725,0.004310344811528921,0.7123889803846897,207.3997618999565
704,11264,64,2.1288715563702154,-2.1288715563702154,4,5.309375,-0.0025599440559744835,1.6151456236839294,0.1575292833149433,0.00031313207000494003,0.00390625,0.7123889803846897,207.7541205000598
705,11280,75,2.8791481633974487,-2.8791481633974487,4.6875,5.312351190476191,-0.048396536614745855,4.952761813998222,0.18118613306432962,0.007396319737381418,0.049715910106897354,0.7123889803846897,208.09483289998025
706,11296,63,2.2134954084936207,-2.2134954084936207,3.9375,4.365327380952381,2.7777295534603397e-05,4.323245406150818,0.13439008221030235,0.00016503958340763347,0.0,0.7123889803846897,208.36726219998673
707,11312,74,1.13357293382213,-1.13357293382213,4.625,4.1276785714285715,0.00552902789786458,2.1264796555042267,0.11654326959978789,0.0002154775428607758,0.001953125,0.7123889803846897,208.68841880001128
708,11328,62,1.3340706380689404,-1.3340706380689404,3.875,6.409375,-0.0026954448708682577,1.6244189739227295,0.1687452532351017,0.00010178607590205502,0.0,0.7123889803846897,208.9709378000116
709,11344,62,2.235342653589793,-2.235342653589793,3.875,5.644791666666666,-0.009341424473771731,5.432043194770813,0.17962003871798515,0.001828616346756462,0.008064515888690948,0.7123889803846897,209.25539619999472
710,11360,70,1.7143252295753195,-1.7143252295753195,4.375,4.916666666666667,0.057871140306815505,1.7235307395458221,0.22365300613455474,0.004705233465301717,0.07226562686264515,0.7123889803846897,209.58243750000838
711,11376,65,2.3075220155208536,-2.3075220155208536,4.0625,5.457291666666666,-0.18233918282203376,2.716819316148758,0.0896950901855957,0.0007735959661658853,0.0078125,0.7123889803846897,209.88463880005293
712,11392,66,1.8614490816987246,-1.8614490816987246,4.125,5.347916666666666,-0.15501618944108486,1.465754672884941,0.22711392611381598,0.000973606132902205,0.01171875,0.7123889803846897,210.20552800002042
713,11408,61,2.28456834231575,-2.28456834231575,3.8125,5.659672619047619,-0.004380437744911259,3.806123733520508,0.20857273787260056,0.0004032727956655435,0.008196720853447914,0.7123889803846897,210.48469680000562
714,11424,71,2.0801990816987246,-2.0801990816987246,4.4375,5.482291666666667,-0.15540595166385174,3.6890827417373657,0.19420240819454193,0.0004684677815021132,0.005859375,0.7123889803846897,210.8109743000241
715,11440,59,1.1471238521234053,-1.1471238521234053,3.6875,5.235416666666667,-0.004754774675949314,2.3587101697921753,0.15195326507091522,0.000210052634429303,0.0,0.7123889803846897,211.08592730003875
716,11456,65,2.142145867644259,-2.142145867644259,4.0625,5.462053571428571,0.14609330683015287,1.66016202128867,0.20324584236368537,0.00037928994424873963,0.00390625,0.42920367320510344,211.38675179996062
717,11472,65,1.8210729338221299,-1.8210729338221299,4.0625,6.573958333333334,-0.0163607660215348,3.861423958092928,0.23732376496997176,0.0007091907536960207,0.0078125,0.42920367320510344,211.69466689997353
718,11488,70,3.0882188014663883,-3.0882188014663883,4.375,4.846130952380952,-0.13698510080575943,2.1445240899920464,0.14877692982554436,0.0003179679212479414,0.00390625,0.7123889803846897,211.99917319999076
719,11504,69,2.3924224746714913,-2.3924224746714913,4.3125,5.040029761904762,-0.0739850663812831,3.8444725275039673,0.15612241812050343,0.0002971442315358175,0.001953125,0.7123889803846897,212.31811510003172
720,11520,61,1.8301990816987241,-1.8301990816987241,3.8125,4.939583333333333,-0.0015850370238368328,3.8045491576194763,0.1388293094933033,5.305985882841924e-05,0.0,0.7123889803846897,212.5925159000326
721,11536,68,2.410121556370216,-2.410121556370216,4.25,5.852604166666667,0.0008359372150152922,2.777494326233864,0.21509477589279413,0.0027988599613308907,0.044921875,0.7123889803846897,212.9095955999801
722,11552,61,1.2856747704246816,-1.2856747704246816,3.8125,4.876934523809524,-0.002975533454446122,1.5635001957416534,0.19097629934549332,0.0001460025073356519,0.0,0.7123889803846897,213.1913747000508
723,11568,66,2.098174770424681,-2.098174770424681,4.125,4.529166666666667,0.03614707768429071,2.006840653717518,0.15357267088256776,0.000605367124080658,0.005859375,0.7123889803846897,213.5041611000197
724,11584,55,1.3573009183012763,-1.3573009183012763,3.4375,5.3,-0.005096653686963326,1.571463704109192,0.1798902302980423,0.0014180387188389432,0.013636363204568624,0.7123889803846897,213.76707319996785
725,11600,84,2.588495408493621,-2.588495408493621,5.25,4.059375,0.02769688074477017,3.550297498703003,0.1823479486629367,0.0004416103785871428,0.005859375,0.7123889803846897,214.13201289996505
726,11616,62,2.25857293382213,-2.25857293382213,3.875,4.575,-0.004105525121333109,3.5712956190109253,0.1434323899447918,0.00018362893888479448,0.0,0.7123889803846897,214.4100722000003
727,11632,68,2.061670178918302,-2.061670178918302,4.25,5.09375,-0.061306197312660515,2.6449077650904655,0.2607603557407856,0.0007155014900490642,0.00390625,0.7123889803846897,214.71288580005057
728,11648,69,2.5171458676442593,-2.5171458676442593,4.3125,6.276041666666667,0.04186530760489404,6.276763617992401,0.21384688885882497,0.0012181328445990403,0.0078125,0.7123889803846897,215.02941439999267
729,11664,67,2.249170178918302,-2.249170178918302,4.1875,6.4037202380952385,0.14830790972337127,2.5725025087594986,0.17525614611804485,0.0014981988837234894,0.0436197929084301,0.7123889803846897,215.33359389996622
730,11680,64,1.2768252295753189,-1.2768252295753189,4,4.746875,-0.0014662689063698053,2.561520218849182,0.1453169398009777,0.00017679156735539436,0.0,0.7123889803846897,215.6248423999641
731,11696,65,1.4637720155208536,-1.4637720155208536,4.0625,5.184375,0.08478080667555332,3.732685461640358,0.14870118808360688,0.00015230255667120218,0.0,0.7123889803846897,215.95388190005906
732,11712,64,1.9947454084936211,-1.9947454084936211,4,4.910416666666666,-0.007519741076976061,3.134786605834961,0.13679927960038185,0.002221629722043872,0.01171875,0.7123889803846897,216.24601040000562
733,11728,63,1.9233958676442593,-1.9233958676442593,3.9375,6.179761904761905,-0.004854026104559983,2.5850695371627808,0.17618832737207413,0.0006040195203240728,0.011904762592166662,0.7123889803846897,216.56517089996487
734,11744,51,1.7317477042468101,-1.7317477042468101,3.1875,6.389583333333333,-0.009482768852738577,2.312894582748413,0.1727144569158554,0.0006274058023336693,0.009803921915590763,0.7123889803846897,216.80084290006198
735,11760,65,1.397123852123405,-1.397123852123405,4.0625,5.168303571428572,0.3029829782899469,2.10238538030535,0.13426253715304026,0.000665187049889937,0.005859375,0.7123889803846897,217.10450360004324
736,11776,55,0.8794247704246816,-0.8794247704246816,3.4375,6.203125,-0.003861396486701807,1.4585669934749603,0.12197175994515419,0.00021354834507292253,0.004545454401522875,0.7123889803846897,217.39192349999212
737,11792,58,1.3030972450961726,-1.3030972450961726,3.625,4.797916666666667,-0.0073348358875653386,3.3917459845542908,0.15325075760483742,0.0005207770946071832,0.008620689623057842,0.7123889803846897,217.66219169995748
738,11808,61,0.5934733929727674,-0.5934733929727674,3.8125,5.351041666666666,-0.005404338666207487,1.3756143152713776,0.21634525060653687,0.0003203752648914815,0.004098360426723957,0.7123889803846897,217.93874899996445
739,11824,57,1.2809733929727676,-1.2809733929727676,3.5625,5.085416666666666,-0.004744975713261379,1.9011933207511902,0.1104170698672533,0.0002492016228643479,0.004385964944958687,0.7123889803846897,218.20434110006317
740,11840,69,1.3116701789183023,-1.3116701789183023,4.3125,4.863988095238096,0.003980186535045505,2.975730650126934,0.22149959043599665,0.004837294944445625,0.09062500111758709,0.7123889803846897,218.51754609995987
741,11856,53,0.5174224746714916,-0.5174224746714916,3.3125,5.427083333333333,-0.0024693914634759118,0.9660235196352005,0.18301980197429657,0.00014926746121091128,0.004716981202363968,0.7123889803846897,218.76590370002668
742,11872,54,1.0044247704246811,-1.0044247704246811,3.375,5.298958333333333,-0.0019617729617662505,2.7067248821258545,0.0976903960108757,0.0001163118440672406,0.0,0.7123889803846897,219.02994220005348
743,11888,65,1.8434733929727676,-1.8434733929727676,4.0625,4.941517857142857,-0.0056810867972671986,1.6633401280269027,0.17285373946651816,0.00027695787139236927,0.00390625,0.7123889803846897,219.33380929997656
744,11904,65,1.5801990816987246,-1.5801990816987246,4.0625,4.323958333333334,-0.31979644671082497,1.6812652228400111,0.13042663942688337,0.0008569809433538467,0.005859375,0.7123889803846897,219.63154750003014
745,11920,61,1.9634954084936211,-1.9634954084936211,3.8125,5.091666666666667,-0.004470909271984791,4.493425965309143,0.1757211573421955,0.00011117176018160535,0.0,0.7123889803846897,219.90841310005635
746,11936,59,1.6382743112740432,-1.6382743112740432,3.6875,5.23125,-0.0030876579817771255,2.384483754634857,0.17185785993933678,0.00020663749546656618,0.0042372881434857845,0.7123889803846897,220.17857150000054
747,11952,61,2.1415926535897922,-2.1415926535897922,3.8125,4.816964285714286,-0.006090588297992694,6.801580786705017,0.18105452880263329,0.00017665327504801098,0.0,0.7123889803846897,220.44358359999023
748,11968,61,1.5713495408493623,-1.5713495408493623,3.8125,5.873363095238095,-0.003100849582134302,2.594224989414215,0.1608794555068016,0.00011922370504180435,0.0,0.7123889803846897,220.71622589998879
749,11984,67,2.217920178918302,-2.217920178918302,4.1875,5.724553571428571,-0.0550298816524446,4.912300884723663,0.21303543931571767,0.001501324528362602,0.0078125,0.7123889803846897,221.02517370006535
750,12000,67,2.6327431127404313,-2.6327431127404313,4.1875,6.004910714285714,0.10951127903535962,3.6540827453136444,0.18632973602507263,0.00394834875411787,0.0514322929084301,0.42920367320510344,221.34537630004343
751,12016,67,3.0132743112740434,-3.0132743112740434,4.1875,5.672916666666667,0.26485662441700697,27.57517896592617,0.16234637703746557,0.0041557175403190705,0.0436197929084301,0.42920367320510344,221.67231719999108
752,12032,61,1.919524311274043,-1.919524311274043,3.8125,5.4125,-0.003841516400065359,3.8986896276474,0.19061872363090515,0.00010584752817521803,0.0,0.42920367320510344,221.9518769000424
753,12048,59,1.2721238521234048,-1.2721238521234048,3.6875,6.103125,-0.004311126129014298,3.2600491046905518,0.17520742118358612,0.00043695046770153567,0.0042372881434857845,0.42920367320510344,222.22493400005624
754,12064,67,2.0926435718910694,-2.0926435718910694,4.1875,4.873511904761905,0.3454344025813043,4.561251610517502,0.145591652370058,0.0002354296890796359,0.00390625,0.42920367320510344,222.53843920002691
755,12080,65,1.6825220155208536,-1.6825220155208536,4.0625,4.901041666666667,0.6459825811907649,3.260327398777008,0.09481692207236139,0.00011308921966701746,0.0,0.42920367320510344,222.8465320999967
756,12096,66,2.280973392972767,-2.280973392972767,4.125,5.0287202380952385,0.11047805333510041,3.1016185954213142,0.19888203624759626,0.00021942360035609454,0.001953125,0.42920367320510344,223.14513399999123
757,12112,73,2.8697454084936207,-2.8697454084936207,4.5625,5.497470238095238,-0.08662220428232104,2.7592024356126785,0.19656800478696823,0.000397651902517282,0.00390625,0.42920367320510344,223.47240780002903
758,12128,60,2.3473449493429834,-2.3473449493429834,3.75,6.430505952380952,-2.4837251597187304e-05,5.575426936149597,0.14414848014712334,3.218908568669576e-05,0.0,0.42920367320510344,223.73827940004412
759,12144,60,1.5533738521234053,-1.5533738521234053,3.75,5.910416666666666,-0.005094078233620625,2.5761199593544006,0.15325967967510223,0.0002294885766787047,0.004166666883975267,0.42920367320510344,224.01116860006005
760,12160,62,1.7541481633974483,-1.7541481633974483,3.875,5.000595238095238,-0.007131353931336015,2.999431014060974,0.11467919126152992,0.00026961697676597396,0.004032257944345474,0.42920367320510344,224.2989677999867
761,12176,68,2.780420178918302,-2.780420178918302,4.25,5.132738095238095,-0.05212967249099165,2.8305269796401262,0.11168440370238386,0.0009422505390830338,0.00390625,0.42920367320510344,224.60718070005532
762,12192,58,2.079645867644259,-2.079645867644259,3.625,6.8796875,-0.002713082741608641,4.79564905166626,0.1661875769495964,0.00011600274683587486,0.0,0.42920367320510344,224.87756559997797
763,12208,58,2.1692477042468106,-2.1692477042468106,3.625,5.697619047619048,-0.004386403925058513,2.8550126552581787,0.17415117844939232,0.00021443515697683324,0.0,0.42920367320510344,225.1412444000598
764,12224,60,1.1070243112740434,-1.1070243112740434,3.75,5.186458333333333,-0.00553514653972087,2.234876811504364,0.15724659711122513,0.0004973615905328188,0.008333333767950535,0.42920367320510344,225.42039810004644
765,12240,60,1.3122233929727676,-1.3122233929727676,3.75,5.290625,-0.006994702814457465,2.553478717803955,0.24199223145842552,0.0003563761847544811,0.004166666883975267,0.42920367320510344,225.69668619998265
766,12256,64,1.5757743112740434,-1.5757743112740434,4,4.965625,-0.008802700787782669,3.9408005475997925,0.22355681657791138,0.00032637778349453583,0.00390625,0.42920367320510344,225.987924200017
767,12272,66,3.311393571891069,-3.311393571891069,4.125,4.956994047619047,0.006415800657123327,5.28870465606451,0.11493125220295042,0.0013515258397092111,0.0078125,0.42920367320510344,226.29369089996908
768,12288,74,2.4330752295753193,-2.4330752295753193,4.625,4.225520833333333,-0.024013353744521737,1.992448315024376,0.1703434670343995,0.0008683451827664612,0.013671875,0.42920367320510344,226.62349360005464
769,12304,50,1.6869467859455347,-1.6869467859455347,3.125,6.23125,-0.0008169472427925761,4.103372693061829,0.12106388062238693,8.875101775629446e-05,0.0,0.42920367320510344,226.85595690004993
770,12320,66,2.146847245096173,-2.146847245096173,4.125,4.580208333333333,-0.33566797082312405,2.4712753891944885,0.22522348631173372,0.00034280569525435567,0.001953125,0.42920367320510344,227.17330480006058
771,12336,59,1.5710729338221299,-1.5710729338221299,3.6875,6.497916666666667,-0.004908027817984717,1.5794469714164734,0.16642706096172333,0.0019233570928918198,0.008474576286971569,0.42920367320510344,227.4369073000271
772,12352,63,1.8481747704246823,-1.8481747704246823,3.9375,5.653125,-0.007258039442748387,2.4743311405181885,0.18257677927613258,0.0003947269706259249,0.003968254197388887,0.42920367320510344,227.71740219998173
773,12368,67,1.6606747704246811,-1.6606747704246811,4.1875,4.610714285714286,-0.08452925155870616,1.7062772363424301,0.2021319007189959,0.0029597908528558037,0.0553385429084301,0.42920367320510344,228.01884370006155
774,12384,57,2.3158183423157497,-2.3158183423157497,3.5625,6.975446428571429,-0.004690169775450226,9.598644018173218,0.11448324099183083,0.00014283284235716565,0.0,0.42920367320510344,228.2784289000556
775,12400,57,1.8166481633974487,-1.8166481633974487,3.5625,5.892708333333333,-0.0031570574731296652,2.208718240261078,0.19621522724628448,0.00024539679816371063,0.004385964944958687,0.42920367320510344,228.54363379999995
776,12416,62,2.369192194439156,-2.369192194439156,3.875,4.760416666666667,-0.0031886803870646574,3.47840017080307,0.10654579289257526,0.0002391570233157836,0.004032257944345474,0.42920367320510344,228.81959910003934
777,12432,69,2.08407063806894,-2.08407063806894,4.3125,5.147916666666667,-0.05924002209212631,1.99608314037323,0.19772911025211215,0.000722860732457864,0.005859375,0.42920367320510344,229.14012190001085
778,12448,55,1.3343472450961726,-1.3343472450961726,3.4375,5.489583333333333,-0.005145927436057018,3.334299623966217,0.15638535469770432,0.00037456459358509164,0.00909090880304575,0.42920367320510344,229.4259189000586
779,12464,64,1.7270463267948968,-1.7270463267948968,4,6.591889880952381,-0.004403832834213972,1.8255327343940735,0.13321535289287567,0.00039622129406780005,0.0078125,0.42920367320510344,229.71843740006443
780,12480,65,2.0218472450961724,-2.0218472450961724,4.0625,5.042708333333334,0.12029040371999145,1.7452152983751148,0.07881258162225943,0.0017062097904272377,0.01953125,0.42920367320510344,230.0288611999713
781,12496,54,1.3921458676442586,-1.3921458676442586,3.375,5.6671875,-0.0001107244550238029,2.8825159668922424,0.10944104939699173,2.242359164483787e-05,0.0,0.42920367320510344,230.28950429998804
782,12512,61,1.4994467859455345,-1.4994467859455345,3.8125,6.019791666666666,-0.004407339268001298,2.2466556429862976,0.1885533668100834,0.00016317748622896033,0.0,0.42920367320510344,230.5764177000383
783,12528,77,2.6327431127404317,-2.6327431127404317,4.8125,3.9035714285714285,0.06520922132767737,5.1254481971263885,0.17702911794185638,0.0009289103890068873,0.009765625,0.42920367320510344,230.90701490000356
784,12544,70,2.240873852123406,-2.240873852123406,4.375,5.2125,0.06518957964726724,2.899772871285677,0.1654052548110485,0.00029362348899297785,0.00390625,0.42920367320510344,231.2212007000344
785,12560,57,1.5801990816987237,-1.5801990816987237,3.5625,5.95,-0.0072621192758608455,1.4297830760478973,0.11596624925732613,0.00045386653573586955,0.004385964944958687,0.42920367320510344,231.47937229997478
786,12576,64,2.0262720155208536,-2.0262720155208536,4,5.712053571428571,-0.002876424230635166,3.261616587638855,0.20597798377275467,0.00012862449511885643,0.0,0.7123889803846897,231.76324780005962
787,12592,61,1.5572454084936207,-1.5572454084936207,3.8125,5.901041666666667,-0.007839326489121223,1.3241291642189026,0.17547685652971268,0.0014211889611033257,0.008196720853447914,0.7123889803846897,232.04947430000175
788,12608,52,0.9728981633974484,-0.9728981633974484,3.25,5.1,-0.0015623987486694801,1.3291165232658386,0.10786016844213009,6.35841154235095e-05,0.0,0.42920367320510344,232.2908907000674
789,12624,62,1.2049224746714913,-1.2049224746714913,3.875,5.9367559523809526,-0.002524561508776557,1.6676575541496277,0.15481270477175713,0.00012556583897094242,0.0,0.42920367320510344,232.56734900001902
790,12640,75,1.9455197197676637,-1.9455197197676637,4.6875,4.860863095238095,-0.026851560221984982,1.9948233589529991,0.2009400436654687,0.00015313934022742615,0.0,0.42920367320510344,232.89357770001516
791,12656,66,1.7179201789183018,-1.7179201789183018,4.125,4.711458333333333,0.17691686865873635,3.0222292691469193,0.19479089259402826,0.0006457903946284205,0.00390625,0.42920367320510344,233.20130429998972
792,12672,71,2.655696785945535,-2.655696785945535,4.4375,4.316666666666666,-0.09100901428610086,3.9978843331336975,0.16708427760750055,0.004523730996879749,0.0376674123108387,0.42920367320510344,233.54418870003428
793,12688,54,1.9554756887259568,-1.9554756887259568,3.375,5.459375,-0.002065140930763265,3.805746078491211,0.11762569472193718,0.00010404708064015722,0.0,0.42920367320510344,233.80165360006504
794,12704,59,1.2629977042468108,-1.2629977042468108,3.6875,5.967559523809523,-0.005918369199330975,1.2382404804229736,0.22499677166342735,0.0002665297438397829,0.0042372881434857845,0.42920367320510344,234.0763843000168
795,12720,61,2.155973392972767,-2.155973392972767,3.8125,4.465625,-0.00502638332927452,4.293536186218262,0.14162084460258484,0.00023436390483766445,0.004098360426723957,0.42920367320510344,234.3533929999685
796,12736,59,1.4286504591506382,-1.4286504591506382,3.6875,5.232738095238095,-0.009395450351649348,2.5659424662590027,0.15520409494638443,0.0013614975759992376,0.012711864430457354,0.42920367320510344,234.64284890005365
797,12752,69,2.6288715563702154,-2.6288715563702154,4.3125,4.949553571428571,0.054015823639929295,4.613054871559143,0.11924492637626827,0.00037059298483654857,0.001953125,0.42920367320510344,234.9532673000358
798,12768,69,1.9278206380689396,-1.9278206380689396,4.3125,5.7370535714285715,-0.004358564969152212,2.4352127388119698,0.18358777649700642,0.0005258662189220331,0.001953125,0.42920367320510344,235.26335839997046
799,12784,56,1.2853981633974483,-1.2853981633974483,3.5,5.664583333333333,-0.006952747769121581,1.9335527122020721,0.18205247074365616,0.0002639569793245755,0.0,0.42920367320510344,235.5182217999827
800,12800,62,1.8531527549038276,-1.8531527549038276,3.875,5.219568452380952,-0.008352286610452175,7.236632704734802,0.22288821637630463,0.0006170109099912224,0.004032257944345474,0.42920367320510344,235.79035719996318
801,12816,75,2.838495408493621,-2.838495408493621,4.6875,4.5616071428571425,-0.06272068154066801,8.787762135267258,0.19010351225733757,0.003268843938712962,0.039950285106897354,0.42920367320510344,236.1235196000198
802,12832,64,1.7364490816987246,-1.7364490816987246,4,4.938839285714286,-0.006158245261758566,3.130900740623474,0.18243307247757912,0.00022003264166414738,0.0,0.42920367320510344,236.41362090001348
803,12848,60,2.29424770424681,-2.29424770424681,3.75,5.142708333333333,-0.0016864684458899326,2.5928441286087036,0.10403344221413136,8.747590254643e-05,0.0,0.42920367320510344,236.6807875999948
804,12864,61,2.0981747704246816,-2.0981747704246816,3.8125,6.541666666666667,-0.004016159694893773,2.835451126098633,0.24324290826916695,0.0009737095751916058,0.008196720853447914,0.42920367320510344,236.95969649998005
805,12880,62,1.977046326794897,-1.977046326794897,3.875,6.0287202380952385,-0.004704586410474221,2.4851924180984497,0.15946593135595322,7.051824513837346e-05,0.0,0.42920367320510344,237.24232109996956
806,12896,63,1.6330197197676637,-1.6330197197676637,3.9375,6.214583333333334,-0.0060092665112776444,1.9979609847068787,0.10340906120836735,0.0004102229277123115,0.003968254197388887,0.42920367320510344,237.54155389999505
807,12912,72,3.8614490816987246,-3.8614490816987246,4.5,4.1875,-0.058149713557213545,3.4303233474493027,0.2475106306374073,0.0006667245179414749,0.0078125,0.42920367320510344,237.86109620006755
808,12928,65,2.2314710972195777,-2.2314710972195777,4.0625,6.063839285714286,0.29658370930701494,11.391474721953273,0.22463302873075008,0.0012287816498428583,0.00390625,0.42920367320510344,238.1717802999774
809,12944,68,2.0849004591506377,-2.0849004591506377,4.25,4.46235119047619,0.013316157041117549,1.347920740954578,0.14973025023937225,0.0007410090620396659,0.00390625,0.42920367320510344,238.4787908999715
810,12960,58,2.3838495408493623,-2.3838495408493623,3.625,5.932291666666667,-0.0044099976477245395,3.0686609148979187,0.15544641017913818,0.0006210840019775787,0.008620689623057842,0.42920367320510344,238.74565900000744
811,12976,60,1.7494467859455343,-1.7494467859455343,3.75,6.085416666666666,-0.002537976688472554,2.7755006551742554,0.19161396101117134,4.6933937937865267e-05,0.0,0.42920367320510344,239.01891179999802
812,12992,63,2.2580197197676646,-2.2580197197676646,3.9375,4.292708333333334,-0.0008680257521936907,1.838503748178482,0.12291960418224335,1.4597224435419776e-05,0.0,0.42920367320510344,239.29262269998435
813,13008,62,1.3525995408493623,-1.3525995408493623,3.875,4.579166666666667,-0.00649041820114693,1.1723682284355164,0.12942084297537804,0.0005465536924020853,0.008064515888690948,0.42920367320510344,239.56306940002833
814,13024,60,1.4549224746714917,-1.4549224746714917,3.75,5.674702380952381,-0.0012187604612940994,1.7178480625152588,0.1690577082335949,4.7671873289800715e-05,0.0,0.42920367320510344,239.83073240006343
815,13040,68,2.8744467859455343,-2.8744467859455343,4.25,5.389955357142857,-0.09919492620974779,6.896423312835395,0.09228266007266939,0.0003490715898806229,0.0078125,0.42920367320510344,240.1463725999929
816,13056,61,1.2181967859455347,-1.2181967859455347,3.8125,5.375,-0.006852754807771255,1.9504255056381226,0.14777593314647675,0.0009196999126288574,0.012295081280171871,0.42920367320510344,240.4253016000148
817,13072,64,1.9502210972195775,-1.9502210972195775,4,4.861458333333333,-0.0025508070830255747,2.887258231639862,0.1683511920273304,0.00013734724780078977,0.0,0.42920367320510344,240.7165155999828
818,13088,69,2.3252210972195773,-2.3252210972195773,4.3125,4.126339285714286,-0.07213430805131793,2.1074785962700844,0.17420283891260624,0.0008345174252326615,0.02890625037252903,0.42920367320510344,241.02839590003714
819,13104,60,2.2580197197676646,-2.2580197197676646,3.75,6.266666666666667,-0.01067380971120091,14.255775928497314,0.16333741322159767,0.0005112867074785754,0.008333333767950535,0.42920367320510344,241.32038589997683
820,13120,63,2.5879421944391554,-2.5879421944391554,3.9375,5.067708333333333,-0.0023555160287140886,2.6318217515945435,0.12761955708265305,9.858312523647328e-05,0.0,0.42920367320510344,241.61670250003226
821,13136,66,1.5752210972195777,-1.5752210972195777,4.125,4.45,0.03410035278648138,1.8091405555605888,0.1300445031386157,0.010095759731484577,0.072265625,0.42920367320510344,241.92074119998142
822,13152,63,1.6288715563702156,-1.6288715563702156,3.9375,5.525,-0.007625116345783001,1.9101345241069794,0.18452537059783936,0.0003338964688737178,0.003968254197388887,0.42920367320510344,242.21459139999934
823,13168,66,2.1014931127404313,-2.1014931127404313,4.125,5.2040178571428575,-0.06968324061017483,4.847284317016602,0.11558011549634176,0.0003538177697919309,0.00390625,0.42920367320510344,242.52501790004317
824,13184,60,1.637997704246811,-1.637997704246811,3.75,4.792708333333334,-0.005125596114278874,2.3509605526924133,0.12797529995441437,0.00044598861586564453,0.004166666883975267,0.42920367320510344,242.7946382999653
825,13200,61,1.0890486225480864,-1.0890486225480864,3.8125,5.323958333333334,-0.005436806908052816,1.1496185660362244,0.15925788506865501,0.00025315629864053335,0.0,0.42920367320510344,243.06939590000547
826,13216,71,2.4728981633974496,-2.4728981633974496,4.4375,5.1515625,-0.06646115193143487,1.9915902614593506,0.13269613916054368,0.00033427987780498825,0.005859375,0.42920367320510344,243.3851971999975
827,13232,65,1.0221238521234048,-1.0221238521234048,4.0625,5.194791666666666,0.12030935543589294,1.1295206062723082,0.189173485544643,0.0006484724872279912,0.0078125,0.42920367320510344,243.67898029997014
828,13248,57,0.9327986225480868,-0.9327986225480868,3.5625,6.396875,-0.004627595049035094,0.8869417607784271,0.09118981845676899,0.0004195684841761249,0.008771929889917374,0.42920367320510344,243.93820780003443
829,13264,57,1.8030972450961729,-1.8030972450961729,3.5625,5.465625,-9.264895197702572e-07,3.658009350299835,0.10503165423870087,7.810561385213077e-06,0.0,0.42920367320510344,244.19428269995842
830,13280,62,1.5710729338221294,-1.5710729338221294,3.875,3.9447916666666667,-0.00573784753026807,2.7251718640327454,0.1719130389392376,0.0004691181029556901,0.004032257944345474,0.42920367320510344,244.4620099000167
831,13296,63,1.9012720155208538,-1.9012720155208538,3.9375,6.569494047619048,-0.0056787663340819305,2.9981826543807983,0.15200069546699524,0.00035858530281984713,0.007936508394777775,0.42920367320510344,244.7474763999926
832,13312,65,2.607024311274043,-2.607024311274043,4.0625,7.098958333333333,0.08311392273753881,4.013759251800366,0.08030915190829739,0.00014211320376489311,0.00390625,0.42920367320510344,245.04670800000895
833,13328,59,1.4997233929727671,-1.4997233929727671,3.6875,5.292708333333334,-0.003424847556743771,2.0992615818977356,0.13614143431186676,0.0001593679216966848,0.0042372881434857845,0.42920367320510344,245.3240525999572
834,13344,63,1.7181967859455347,-1.7181967859455347,3.9375,5.490104166666667,-0.0021826971003772733,1.794171780347824,0.11454186774790287,6.995214198468602e-05,0.0,0.42920367320510344,245.6138809999684
835,13360,60,1.3169247704246814,-1.3169247704246814,3.75,4.942708333333333,-0.001170300935822155,1.9228229224681854,0.06868438422679901,2.3088354794253974e-05,0.0,0.42920367320510344,245.8871968999738
836,13376,68,2.611725688725957,-2.611725688725957,4.25,4.840625,0.1706346774008125,6.195871502161026,0.11309483010384014,0.0016983703972073272,0.015625,0.42920367320510344,246.20113699999638
837,13392,65,1.6158738521234048,-1.6158738521234048,4.0625,5.629464285714286,0.3517761757830158,2.938251169398427,0.11170223401028083,0.00035199359990656376,0.005859375,0.42920367320510344,246.50805679999758
838,13408,70,2.878871556370216,-2.878871556370216,4.375,5.836458333333333,-0.03127877088263631,6.200608462095261,0.10835977550595999,0.0006594296770963126,0.005859375,0.42920367320510344,246.83233070001006
839,13424,65,1.3747233929727676,-1.3747233929727676,4.0625,4.840625,-0.0035774007556028664,1.5233335234224796,0.09028888001733325,0.00019611470634117723,0.00390625,0.42920367320510344,247.13696340005845
840,13440,62,1.472898163397449,-1.472898163397449,3.875,5.399255952380952,-0.001706757880334031,1.269059658050537,0.09684113971889019,7.707993734129559e-05,0.0,0.42920367320510344,247.4246444000164
841,13456,59,2.2541481633974487,-2.2541481633974487,3.6875,5.014583333333333,-0.0005741179856606493,6.432584285736084,0.06259835138916969,5.050420327279426e-06,0.0,0.42920367320510344,247.6934352000244
842,13472,67,2.744745408493621,-2.744745408493621,4.1875,5.229464285714286,0.03574176225811243,5.368528574705124,0.07660355727057322,0.00041426661967847167,0.005859375,0.42920367320510344,247.9929531000089
843,13488,63,2.486449081698724,-2.486449081698724,3.9375,4.678125,-0.003056479114179833,4.988851070404053,0.09250792488455772,0.0003653096528069,0.003968254197388887,0.42920367320510344,248.2706548999995
844,13504,53,1.8877210972195775,-1.8877210972195775,3.3125,6.186458333333333,-0.0024786347288303645,3.5394747257232666,0.07970095239579678,0.0013590606758953072,0.014150943607091904,0.42920367320510344,248.5133424999658
845,13520,61,1.7356192606170258,-1.7356192606170258,3.8125,5.452678571428572,-0.001773071523515135,4.902116060256958,0.09807882830500603,0.0001235605477631907,0.0,0.42920367320510344,248.79140740004368
846,13536,58,2.543971097219578,-2.543971097219578,3.625,5.389583333333333,-0.0028190715730206373,4.6197017431259155,0.11568019352853298,0.00016216676976910094,0.004310344811528921,0.42920367320510344,249.0493236000184
847,13552,60,1.4101215563702154,-1.4101215563702154,3.75,5.027604166666666,-0.002533514485306365,3.7450002431869507,0.1347983367741108,0.0002971330095533631,0.004166666883975267,0.42920367320510344,249.33108879998326
848,13568,70,2.1554201789183014,-2.1554201789183014,4.375,4.55,-0.030495649203658104,1.5874756574630737,0.1979689933359623,0.0009611071521504755,0.009765625,0.42920367320510344,249.6526783000445
849,13584,71,2.289269719767664,-2.289269719767664,4.4375,4.521875,0.04981565987691283,2.4559614211320877,0.16182253090664744,0.001433062485972414,0.00390625,0.42920367320510344,249.9685918999603
850,13600,65,2.8697454084936203,-2.8697454084936203,4.0625,4.531398809523809,-0.2992765550734475,6.589295176439919,0.16439005335678303,8.324731606990099e-05,0.0,0.42920367320510344,250.270321900025
851,13616,62,1.5483958676442588,-1.5483958676442588,3.875,4.857291666666667,-0.005838685924367759,1.5718451738357544,0.12864044681191444,0.0003907828049705131,0.008064515888690948,0.42920367320510344,250.5417274000356
852,13632,59,1.6421458676442588,-1.6421458676442588,3.6875,4.920833333333333,-0.0021607790633609847,1.6805844604969025,0.12831764295697212,2.101442532875808e-05,0.0,0.42920367320510344,250.8092565999832
853,13648,65,2.539269719767664,-2.539269719767664,4.0625,5.517410714285714,-0.05380564276129007,2.47174501038171,0.05439245759508212,0.00021698130876757205,0.005859375,0.42920367320510344,251.10807690001093
854,13664,54,1.414269719767664,-1.414269719767664,3.375,6.346875,-0.0020129150959999897,1.804465889930725,0.1328653246164322,3.6746814203070244e-05,0.0,0.42920367320510344,251.36227929999586
855,13680,62,1.6291481633974483,-1.6291481633974483,3.875,4.836458333333333,-0.0005569008672834386,1.7789674401283264,0.09831702522933483,5.075047184277537e-06,0.0,0.42920367320510344,251.6443066999782
856,13696,64,2.173395867644259,-2.173395867644259,4,6.180059523809524,-0.0038268135394901037,2.63067227602005,0.16732386872172356,0.00022931559942662716,0.00390625,0.42920367320510344,251.9369686000282
857,13712,52,2.553373852123405,-2.553373852123405,3.25,8.198958333333334,-0.001549521875298998,4.735884189605713,0.1264529749751091,3.0812018621872994e-05,0.0,0.42920367320510344,252.1894627000438
858,13728,76,2.5666481633974487,-2.5666481633974487,4.75,4.359672619047619,0.016313620086293668,3.0045984983444214,0.1643485496751964,0.0005799128067565107,0.005859375,0.42920367320510344,252.52776590001304
859,13744,61,1.1377210972195777,-1.1377210972195777,3.8125,4.924702380952381,-0.004503825957100638,1.7089573740959167,0.15321538597345352,0.00011088778455814463,0.0,0.42920367320510344,252.80661860003602
860,13760,67,2.195796326794896,-2.195796326794896,4.1875,4.932291666666667,0.1302824066951871,1.5627141073346138,0.12755510164356565,0.0009593391829838538,0.01171875,0.42920367320510344,253.11905540002044
861,13776,69,2.619745408493621,-2.619745408493621,4.3125,4.281547619047619,0.08038691710680723,4.610123366117477,0.21665396261960268,0.0007251803879633201,0.00390625,0.42920367320510344,253.44630059995688
862,13792,62,2.1421458676442584,-2.1421458676442584,3.875,5.230208333333334,-0.008566513604995274,2.7459781169891357,0.17476583272218704,0.0009014616589411162,0.016129031777381897,0.42920367320510344,253.74386210006196
863,13808,69,3.2132188014663887,-3.2132188014663887,4.3125,5.607886904761905,-0.11017609131522477,3.8635948300361633,0.14793974615167826,0.0017061338179686913,0.017578125,0.42920367320510344,254.05995300004724
864,13824,68,2.03982293382213,-2.03982293382213,4.25,4.579166666666667,-0.10282018675934523,3.3670994713902473,0.17512061446905136,0.0003793493378907442,0.00390625,0.42920367320510344,254.36913500004448
865,13840,53,1.2627210972195777,-1.2627210972195777,3.3125,6.589583333333334,-0.005758685483773007,2.508592128753662,0.23343565687537193,0.0005100500184198609,0.004716981202363968,0.42920367320510344,254.6127347999718
866,13856,64,0.790099540849363,-0.790099540849363,4,5.533333333333333,-0.008900600019842386,2.000153571367264,0.15118654817342758,0.0011842112871818244,0.015625,0.42920367320510344,254.8930322000524
867,13872,59,0.9153761478765952,-0.9153761478765952,3.6875,4.766666666666667,-0.005350936457250377,1.1823316514492035,0.23982281982898712,0.0003774784981942503,0.0042372881434857845,0.42920367320510344,255.1577898999676
868,13888,62,1.4192477042468101,-1.4192477042468101,3.875,5.417708333333334,-0.003271629657378483,1.5976491272449493,0.17224900797009468,0.00011095164495600329,0.0,0.42920367320510344,255.43219049996696
869,13904,64,1.887997704246811,-1.887997704246811,4,4.9,-0.003783023450523615,2.522660970687866,0.15824026241898537,0.001116571482270956,0.0078125,0.42920367320510344,255.71788580005523
870,13920,64,2.575221097219578,-2.575221097219578,4,6.4,-0.0018483796156942844,8.363314390182495,0.1743018478155136,5.824025720357895e-05,0.0,0.42920367320510344,256.0098886999767
871,13936,59,1.2408738521234053,-1.2408738521234053,3.6875,6.223214285714286,-0.008885722487012693,1.6784662306308746,0.20154248923063278,0.0009067113933269866,0.008474576286971569,0.42920367320510344,256.2847165999701
872,13952,65,2.15956834231575,-2.15956834231575,4.0625,4.246875,0.13856943347491324,4.108682845078874,0.16576908619879305,0.00013095769099891186,0.0,0.42920367320510344,256.5795651000226
873,13968,69,3.039269719767664,-3.039269719767664,4.3125,4.489583333333333,0.0039027396123856306,8.864420890808105,0.10539184762455989,0.001133085368199005,0.005859375,0.42920367320510344,256.8838488999754
874,13984,66,1.5218472450961733,-1.5218472450961733,4.125,5.09375,-0.1383695201948285,2.4240714609622955,0.17013633646092785,0.0005785991961602122,0.005859375,0.42920367320510344,257.1925302000018
875,14000,60,2.361725688725957,-2.361725688725957,3.75,4.930208333333334,-0.007100593857467197,2.4202993512153625,0.10258601978421211,0.0006646359943260904,0.008333333767950535,0.42920367320510344,257.4756447999971
876,14016,57,1.3705752295753193,-1.3705752295753193,3.5625,5.716666666666667,-0.003599297169497362,2.107952296733856,0.17754994705319405,0.0002673446106200572,0.0,0.42920367320510344,257.756628000061
877,14032,57,1.3879977042468106,-1.3879977042468106,3.5625,4.942708333333333,-0.004781528253500422,1.7157200872898102,0.12116573378443718,0.00015179107367657707,0.0,0.42920367320510344,258.0180327000562
878,14048,58,0.9283738521234053,-0.9283738521234053,3.625,6.480208333333334,-0.006864869658000261,1.0532584935426712,0.17335782945156097,0.0005496856101672165,0.008620689623057842,0.42920367320510344,258.29381750000175
879,14064,60,2.561116964863836,-2.561116964863836,3.75,5.284375,-0.009819956248005024,5.552203893661499,0.13251358643174171,0.0024805864377412945,0.025000001303851604,0.42920367320510344,258.5577534000622
880,14080,58,1.3791481633974485,-1.3791481633974485,3.625,6.357291666666667,-0.003974188824690028,3.2918182611465454,0.20701659843325615,0.00015805712700966978,0.0,0.42920367320510344,258.8222060999833
881,14096,68,2.758019719767664,-2.758019719767664,4.25,4.738541666666666,-0.06982785020954907,2.7246852293610573,0.12598454765975475,0.00041578669333830476,0.005859375,0.42920367320510344,259.1259394000517
882,14112,58,1.6064710972195777,-1.6064710972195777,3.625,5.35625,-0.0027057803416594695,2.140322744846344,0.1277177594602108,0.00025194651243509725,0.004310344811528921,0.42920367320510344,259.3874678000575
883,14128,70,2.8561944901923453,-2.8561944901923453,4.375,4.974553571428571,0.18934126396197826,12.215436719357967,0.16307399980723858,0.00013033725571176547,0.001953125,0.42920367320510344,259.69674000004306
884,14144,63,2.2181967859455347,-2.2181967859455347,3.9375,4.461904761904762,-0.0034395173143058067,2.6199182271957397,0.1539471372961998,7.9680884937261e-05,0.0,0.42920367320510344,259.97036050003953
885,14160,58,1.2358958676442593,-1.2358958676442593,3.625,5.080208333333333,-0.005177859204884783,2.1091095209121704,0.12370898388326168,0.0002362009968237544,0.004310344811528921,0.42920367320510344,260.2366780999582
886,14176,58,1.8213495408493623,-1.8213495408493623,3.625,5.176934523809524,-0.007717984262853861,4.666374921798706,0.12830238044261932,0.0005307677938617417,0.004310344811528921,0.42920367320510344,260.49386749998666
887,14192,60,1.3077986225480869,-1.3077986225480869,3.75,5.00625,-0.011399960401468068,2.6117348670959473,0.11770925670862198,0.0005610027928923955,0.008333333767950535,0.42920367320510344,260.7773798999842
888,14208,62,1.4015486225480864,-1.4015486225480864,3.875,6.258333333333334,-0.002540708281054904,2.1022690534591675,0.15971596166491508,0.0002765311783150537,0.004032257944345474,0.42920367320510344,261.06303930003196
889,14224,57,1.3655972450961729,-1.3655972450961729,3.5625,4.889583333333333,-0.005384292059349427,3.5513103008270264,0.11430840753018856,0.0003843265194518608,0.004385964944958687,0.42920367320510344,261.3333539000014
890,14240,68,2.4145463267948966,-2.4145463267948966,4.25,5.910416666666666,0.17715245066210628,4.996609210968018,0.10306935272092232,0.0006960200407775119,0.0078125,0.42920367320510344,261.6670604000101
891,14256,61,1.5713495408493632,-1.5713495408493632,3.8125,5.369791666666667,-0.005592316921540608,1.5321492552757263,0.12235372327268124,0.000990605531114852,0.008196720853447914,0.42920367320510344,261.95298589998856
892,14272,60,1.7806967859455343,-1.7806967859455343,3.75,5.539583333333333,-0.006586402728377738,1.9044235944747925,0.21945735439658165,0.0007669344777241349,0.008333333767950535,0.42920367320510344,262.2407041999977
893,14288,62,1.5088495408493618,-1.5088495408493618,3.875,5.4400297619047615,-0.008023079980405079,2.5739020109176636,0.12079676799476147,0.0022822621394880116,0.012096773833036423,0.42920367320510344,262.5205382000422
894,14304,60,1.0710729338221299,-1.0710729338221299,3.75,5.8845238095238095,-0.003511673972631524,1.6172613203525543,0.12974997982382774,0.0002725271424424136,0.004166666883975267,0.42920367320510344,262.7917193999747
895,14320,66,1.856747704246811,-1.856747704246811,4.125,6.446875,0.3604667999316007,2.7252179197967052,0.1296237744463724,0.0006865660689072683,0.0078125,0.42920367320510344,263.1046540000243
896,14336,70,1.5085729338221294,-1.5085729338221294,4.375,5.150347222222222,-0.05345850787125528,2.149458035826683,0.11804431350901723,0.00028499006646143243,0.00390625,0.42920367320510344,263.42805510002654
897,14352,67,1.99032063806894,-1.99032063806894,4.1875,5.458630952380952,-0.08955846354365349,2.889294534921646,0.16068803372399998,0.00022304438372522384,0.0,0.42920367320510344,263.73115680005867
898,14368,63,1.4640486225480864,-1.4640486225480864,3.9375,4.88125,-0.00399920710876199,2.3567357063293457,0.15357444807887077,0.00022811859435023507,0.003968254197388887,0.42920367320510344,264.0065955000464
899,14384,79,2.539546326794897,-2.539546326794897,4.9375,4.604761904761904,-0.00871849711984396,2.8857025653123856,0.1415436863899231,0.00028724180059214177,0.001953125,0.42920367320510344,264.3489359000232
900,14400,67,2.7403206380689404,-2.7403206380689404,4.1875,4.974255952380952,0.06367511139251292,5.274393647909164,0.1254276967374608,0.0007116088912368923,0.009765625,0.42920367320510344,264.65220750006847
901,14416,62,1.4551990816987244,-1.4551990816987244,3.875,4.271875,-0.006427478056491243,2.794725000858307,0.2403734065592289,0.00033579019418539247,0.004032257944345474,0.42920367320510344,264.926277999999
902,14432,68,3.1830752295753193,-3.1830752295753193,4.25,4.822916666666667,-0.08187257964164019,6.569508105516434,0.17220044264104217,0.0009847258334048092,0.001953125,0.42920367320510344,265.2478474000236
903,14448,64,1.5353981633974487,-1.5353981633974487,4,6.061011904761905,-0.001969162141904235,2.8688830137252808,0.21837791055440903,4.779064329341054e-05,0.0,0.42920367320510344,265.5468673000578
904,14464,63,2.2220683423157497,-2.2220683423157497,3.9375,5.152083333333334,-0.006263526208284853,2.621515393257141,0.15302357822656631,0.0015478662680834532,0.007936508394777775,0.42920367320510344,265.8292611000361
905,14480,66,1.9684733929727674,-1.9684733929727674,4.125,5.385416666666667,0.20525622880086303,1.4347645100206137,0.23756493511609733,0.00025300116976723075,0.00390625,0.42920367320510344,266.1377826000098
906,14496,70,3.6324665057131984,-3.6324665057131984,4.375,4.195833333333334,-0.10406451695598662,4.801459699869156,0.1381950075738132,0.0005304028937516136,0.0078125,0.42920367320510344,266.4428055000026
907,14512,68,2.1106192606170255,-2.1106192606170255,4.25,5.861979166666667,-0.13646597135812044,2.26426562666893,0.2524397447705269,0.0011631936649791896,0.00390625,0.42920367320510344,266.75235189998057
908,14528,68,1.8965706380689396,-1.8965706380689396,4.25,5.210416666666666,0.11094398610293865,2.9345845133066177,0.23302615992724895,0.0003380513226147741,0.001953125,0.42920367320510344,267.05725569999777
909,14544,64,2.700221097219578,-2.700221097219578,4,6.035416666666666,-0.007902167737483978,3.141350567340851,0.20928482338786125,0.0003758082530112006,0.00390625,0.42920367320510344,267.3419590999838
910,14560,62,2.4056967859455343,-2.4056967859455343,3.875,4.611458333333333,-0.009970769398815804,8.172449231147766,0.18506565690040588,0.0017276599028264172,0.016129031777381897,0.42920367320510344,267.612642699969
911,14576,62,1.2405972450961724,-1.2405972450961724,3.875,5.694791666666666,-0.0050925761949454085,1.4954168498516083,0.1773626171052456,0.0008303931754198857,0.012096773833036423,0.42920367320510344,267.8929988000309
912,14592,54,1.8738935718910692,-1.8738935718910692,3.375,5.715625,-0.00724930748886754,3.3348178267478943,0.1543067768216133,0.0003823676697720657,0.009259259328246117,0.42920367320510344,268.1467602000339
913,14608,69,2.508019719767664,-2.508019719767664,4.3125,5.095833333333333,0.10738768614828587,3.425539866089821,0.16592134744860232,0.0005258010442901195,0.005859375,0.42920367320510344,268.4701524999691
914,14624,64,2.057798622548086,-2.057798622548086,4,4.976934523809524,-0.0025380849838256836,2.365176022052765,0.1782066486775875,0.00010926718823611736,0.0,0.42920367320510344,268.75753399997484
915,14640,68,1.7184733929727674,-1.7184733929727674,4.25,4.688541666666667,0.04053406999446452,2.9160496443510056,0.2491807106998749,0.0009025451727211475,0.005859375,0.42920367320510344,269.06220030004624
916,14656,59,1.598174770424681,-1.598174770424681,3.6875,5.35625,-0.0070787717783584725,2.6225118041038513,0.1565386839210987,0.0005800271937914658,0.008474576286971569,0.42920367320510344,269.34785230003763
917,14672,64,2.4861724746714913,-2.4861724746714913,4,4.96875,-0.006903867237269878,5.22049081325531,0.24332315474748611,0.00031542452052235603,0.0,0.42920367320510344,269.6498763000127
918,14688,59,1.210177066177871,-1.210177066177871,3.6875,5.323958333333334,-0.0034458515672328716,3.252278745174408,0.24584321677684784,0.0004587025860018912,0.0042372881434857845,0.42920367320510344,269.92613499995787
919,14704,70,1.6603981633974485,-1.6603981633974485,4.375,4.534672619047619,-0.02351403934881091,1.770610272884369,0.09894915000768378,0.0034305171699695602,0.0416666679084301,0.42920367320510344,270.2537195000332
920,14720,57,0.6919247704246811,-0.6919247704246811,3.5625,4.988541666666666,-0.004276375211734518,0.686997577548027,0.19321084767580032,0.0010593945335131139,0.008771929889917374,0.42920367320510344,270.52101639995817
921,14736,58,1.553650459150638,-1.553650459150638,3.625,5.7875,-0.009044524069457993,1.9332823753356934,0.13017049059271812,0.0007600723074574489,0.008620689623057842,0.42920367320510344,270.78690149995964
922,14752,56,1.0849004591506382,-1.0849004591506382,3.5,5.508779761904762,-0.003530254450327508,1.773806869983673,0.1791529469192028,0.00032257136081170756,0.004464285913854837,0.42920367320510344,271.0498719000025
923,14768,66,1.8974004591506382,-1.8974004591506382,4.125,5.255208333333333,0.2235999722033739,5.506233066320419,0.12559321373058197,0.022551848669536412,0.13671875,0.42920367320510344,271.35680129996035
924,14784,66,2.3390486225480864,-2.3390486225480864,4.125,6.243154761904762,0.1566312659997493,2.571452647447586,0.21433304437960032,0.0011643660254776478,0.01171875,0.42920367320510344,271.66110999998637
925,14800,65,1.7939710972195777,-1.7939710972195777,4.0625,5.517410714285714,-0.003904575016349554,3.9413475641049445,0.18040329305949854,0.00011397330672480166,0.0,0.42920367320510344,271.96502939995844
926,14816,75,2.2848449493429834,-2.2848449493429834,4.6875,5.265625,-0.059832443948835135,2.665439337491989,0.2008852381259203,0.002727665593056372,0.038352273404598236,0.42920367320510344,272.30557900003623
927,14832,68,2.0978981633974483,-2.0978981633974483,4.25,4.662053571428571,-0.05641192081384361,4.984106495976448,0.2498437538743019,0.0009565075160935521,0.01171875,0.42920367320510344,272.6174438999733
928,14848,60,1.7668692606170264,-1.7668692606170264,3.75,5.972470238095238,-0.004770283397131925,2.3557128310203552,0.17502303794026375,0.00015036022932690685,0.0,0.42920367320510344,272.8961093999678
929,14864,61,1.1648229338221299,-1.1648229338221299,3.8125,5.861755952380952,-0.00674023199826479,1.2060677111148834,0.2531174570322037,0.0005192589360376587,0.008196720853447914,0.42920367320510344,273.1852166999597
930,14880,55,0.5312500000000002,-0.5312500000000002,3.4375,5.423958333333333,-0.0038412653079085146,1.1768662631511688,0.11048259772360325,0.0001495249753133976,0.0,0.42920367320510344,273.45310729998164
931,14896,64,2.623893571891069,-2.623893571891069,4,6.808854166666666,-0.009917877265252173,5.24729585647583,0.2272293008863926,0.0010439917678013444,0.015625,0.42920367320510344,273.7512017999543
932,14912,67,1.5843472450961724,-1.5843472450961724,4.1875,4.113839285714286,-0.021500647300854325,1.762929130345583,0.13806896696041804,0.0007926592745661765,0.005859375,0.42920367320510344,274.0549501000205
933,14928,62,1.4192477042468103,-1.4192477042468103,3.875,6.010416666666667,-0.002669610806943723,1.8537429571151733,0.13942420110106468,0.00012501629589678487,0.0,0.42920367320510344,274.34712359996047
934,14944,61,1.5754977042468106,-1.5754977042468106,3.8125,5.570089285714285,-0.00233795287919647,1.9008475244045258,0.21724875643849373,0.0001601215089976904,0.0,0.42920367320510344,274.628249600064
935,14960,61,1.3119467859455343,-1.3119467859455343,3.8125,5.104166666666667,-0.001818598870218402,3.20680171251297,0.16148509085178375,3.340815976571321e-05,0.0,0.42920367320510344,274.8956952999579
936,14976,61,1.606747704246811,-1.606747704246811,3.8125,6.058928571428572,-0.0030440670661399105,1.256752222776413,0.15344953164458275,0.00045351855624176096,0.004098360426723957,0.42920367320510344,275.1700932000531
937,14992,65,2.3877210972195777,-2.3877210972195777,4.0625,5.068005952380952,-0.049852550379000604,3.123118881136179,0.1688267033392856,0.001339802984148264,0.005859375,0.42920367320510344,275.46101760002784
938,15008,64,2.5262720155208536,-2.5262720155208536,4,6.072172619047619,-0.002368304878473282,5.301072359085083,0.1172780767083168,9.425466123502702e-05,0.0,0.42920367320510344,275.74936160002835
939,15024,53,1.9363935718910694,-1.9363935718910694,3.3125,5.913541666666666,-0.008009861337618496,2.909801185131073,0.16556870564818382,0.0004941753632010659,0.009433962404727936,0.42920367320510344,275.99779040005524
940,15040,78,3.9502210972195777,-3.9502210972195777,4.875,4.463045634920634,-0.06376871676184237,20.496427834033966,0.15256559289991856,0.006410070586753136,0.038225446827709675,0.42920367320510344,276.3493237000657
941,15056,66,1.8030972450961726,-1.8030972450961726,4.125,5.305952380952381,0.1490446861134842,2.6117666754871607,0.10190799204576395,0.0002665868814801797,0.005859375,0.42920367320510344,276.6488090000348
942,15072,54,1.1426990816987241,-1.1426990816987241,3.375,5.334375,-0.0012730570109589223,2.3233795762062073,0.13297240436077118,1.5988945477829475e-05,0.0,0.42920367320510344,276.89453170006163
943,15088,64,2.044524311274043,-2.044524311274043,4,5.522916666666666,-0.00655757961794734,2.424410820007324,0.17060978338122368,0.0009185035014525056,0.0078125,0.42920367320510344,277.1934126999695
944,15104,64,1.9549224746714913,-1.9549224746714913,4,5.385416666666667,-0.006968438625335693,4.0457682609558105,0.1787802316248417,0.0005259984754957259,0.0078125,0.42920367320510344,277.5022041000193
945,15120,60,1.7181967859455343,-1.7181967859455343,3.75,4.478125,-0.005536276559966358,1.920253336429596,0.1261535119265318,0.000936991156777367,0.008333333767950535,0.42920367320510344,277.7947658000048
946,15136,68,1.9236724746714922,-1.9236724746714922,4.25,4.823660714285714,-0.1102258344180882,2.6260785311460495,0.11007536183751654,0.0011728464742191136,0.033203125,0.42920367320510344,278.11194640002213
947,15152,64,1.9679201789183018,-1.9679201789183018,4,4.844791666666667,-0.004260780289769173,1.7680947482585907,0.14440468326210976,0.000395679147914052,0.0078125,0.42920367320510344,278.4058083000127
948,15168,58,1.3611724746714913,-1.3611724746714913,3.625,4.636458333333334,-0.0102909359486838,1.6647802591323853,0.11744148284196854,0.0014960582884668838,0.012931034434586763,0.42920367320510344,278.670990100014
949,15184,65,1.5268252295753193,-1.5268252295753193,4.0625,4.6971726190476195,-0.004893852514214814,1.3864517230540514,0.11395110230684737,0.0010744282335508615,0.005859375,0.42920367320510344,278.9617128999671
950,15200,63,2.0707963267948966,-2.0707963267948966,3.9375,5.769791666666666,-0.002677224372746423,3.764944911003113,0.10966735705733299,9.34425777359138e-05,0.0,0.42920367320510344,279.23760150000453
951,15216,61,1.8390486225480864,-1.8390486225480864,3.8125,5.6459077380952385,-0.008482032768489356,3.365740418434143,0.12778718397021294,0.0005324784324329812,0.008196720853447914,0.42920367320510344,279.5124599999981
952,15232,75,3.150718801466388,-3.150718801466388,4.6875,4.67172619047619,0.09626579529140145,8.97840303182602,0.14740305207669735,0.0017734860030031996,0.021129261702299118,0.42920367320510344,279.839921799954
953,15248,61,1.4236724746714915,-1.4236724746714915,3.8125,5.223363095238096,-0.002779079501452175,2.275504469871521,0.12394090741872787,0.0001338863266937551,0.0,0.42920367320510344,280.1137469999958
954,15264,67,1.9587940310417076,-1.9587940310417076,4.1875,4.523958333333334,0.16325116297230124,3.4146183729171753,0.11402205469916282,0.000749741058825748,0.005859375,0.42920367320510344,280.4154297000496
955,15280,74,3.1872233929727676,-3.1872233929727676,4.625,5.289136904761905,0.033758338540792465,1.9153206497430801,0.1601614849641919,0.000920277327895791,0.00390625,0.42920367320510344,280.7503460999578
956,15296,64,2.298395867644259,-2.298395867644259,4,4.605952380952381,-0.006748749176040292,3.9169339537620544,0.13987476006150246,0.001501166494563222,0.0078125,0.42920367320510344,281.03233289998025
957,15312,49,1.3791481633974492,-1.3791481633974492,3.0625,6.692708333333333,-0.0058559715980663896,4.257795214653015,0.15649348497390747,0.0006684858544758754,0.010204081423580647,0.42920367320510344,281.28394430002663
958,15328,57,1.3387720155208536,-1.3387720155208536,3.5625,5.517708333333333,-0.005420655480855574,2.201710879802704,0.082968570291996,0.0002598467085590528,0.004385964944958687,0.42920367320510344,281.56793370004743
959,15344,62,1.5799224746714917,-1.5799224746714917,3.875,5.101041666666667,-0.0034367651134097343,2.551622986793518,0.12191764265298843,0.0009038317020895192,0.008064515888690948,0.42920367320510344,281.84718579996843
960,15360,66,3.017422474671492,-3.017422474671492,4.125,5.363839285714286,-0.1549421608215198,6.410945311188698,0.21423658123330824,9.684934047982097e-05,0.0,0.42920367320510344,282.1481914999895
961,15376,60,2.37831834231575,-2.37831834231575,3.75,4.925446428571428,-0.007878571624557074,5.358652472496033,0.13565071672201157,0.0017074247261916753,0.008333333767950535,0.42920367320510344,282.414235400036
962,15392,63,2.5486724746714913,-2.5486724746714913,3.9375,4.714583333333334,-0.002945579760726069,2.522873342037201,0.0971470344811678,0.00039097854369174456,0.003968254197388887,0.42920367320510344,282.6927457000129
963,15408,71,2.727046326794897,-2.727046326794897,4.4375,5.275074404761905,0.1816534660756588,9.765211343765259,0.17162985913455486,0.007626350987266051,0.04324776865541935,0.42920367320510344,283.01973659999203
964,15424,55,1.5754977042468103,-1.5754977042468103,3.4375,5.275,-0.002872615434568071,2.4413443207740784,0.11152288876473904,0.0021280459259287454,0.00909090880304575,0.42920367320510344,283.27639360004105
965,15440,64,2.900718801466388,-2.900718801466388,4,6.56875,-0.008336069295182824,6.04073691368103,0.14898180961608887,0.0008962458814494312,0.0078125,0.42920367320510344,283.5674285000423
966,15456,73,1.9861724746714913,-1.9861724746714913,4.5625,4.927083333333333,-0.015375720104202628,3.480045795440674,0.10246363474288955,0.0006205030561829972,0.0078125,0.42920367320510344,283.89424499997403
967,15472,68,2.316371556370216,-2.316371556370216,4.25,4.141220238095238,0.18051615916192532,5.945255279541016,0.16430123895406723,0.0002922777784988284,0.00390625,0.42920367320510344,284.19567559997085
968,15488,64,1.7273229338221292,-1.7273229338221292,4,6.371875,-0.0017797183245420456,3.4815375208854675,0.15719379112124443,0.00011940114200115204,0.00390625,0.42920367320510344,284.48346050002147
969,15504,73,2.320796326794897,-2.320796326794897,4.5625,4.103422619047619,-0.0711100852349773,3.2840335369110107,0.20201288256794214,0.0007038088564854661,0.00390625,0.42920367320510344,284.8029278999893
970,15520,62,3.1504421944391554,-3.1504421944391554,3.875,5.129166666666666,-0.005299856927576396,7.6513508558273315,0.11452079378068447,0.00017918585672305198,0.004032257944345474,0.42920367320510344,285.0729609000264
971,15536,61,1.4596238521234053,-1.4596238521234053,3.8125,5.14375,-0.011040189448499937,2.7914997339248657,0.15102698281407356,0.0006931736970727798,0.012295081280171871,0.42920367320510344,285.3581269000424
972,15552,61,1.9239490816987241,-1.9239490816987241,3.8125,5.089732142857143,-0.0006210554785837097,1.9872939586639404,0.08828075230121613,8.688292950864707e-06,0.0,0.42920367320510344,285.63560889998917
973,15568,65,2.8252210972195773,-2.8252210972195773,4.0625,4.574107142857143,0.3485946817090735,10.157295443117619,0.15561351180538494,0.00044072908349335194,0.005859375,0.42920367320510344,285.92936890001874
974,15584,68,2.3426435718910694,-2.3426435718910694,4.25,4.6453125,0.06281312135979533,6.858384236693382,0.11194066470488906,0.0010904708178713918,0.01171875,0.42920367320510344,286.2485472999979
975,15600,55,1.289546326794897,-1.289546326794897,3.4375,5.667708333333334,-0.0036675481154815337,2.090439796447754,0.144830584526062,0.0001762834413057135,0.004545454401522875,0.42920367320510344,286.50169529998675
976,15616,77,1.5978981633974483,-1.5978981633974483,4.8125,4.597991071428572,-0.09179083816707134,1.8474604338407516,0.13830976653844118,0.003421009248995688,0.02313701994717121,0.42920367320510344,286.8377889000112
977,15632,59,2.0884954084936216,-2.0884954084936216,3.6875,5.652529761904762,-0.00783046447450958,9.219220638275146,0.08203337527811527,0.0018498562858439982,0.008474576286971569,0.42920367320510344,287.10710150003433
978,15648,72,3.016592653589793,-3.016592653589793,4.5,4.800446428571429,0.06433415715582669,3.764377325773239,0.08649494918063283,0.0015355961804743856,0.015625,0.42920367320510344,287.4420980999712
979,15664,68,2.714048622548087,-2.714048622548087,4.25,4.627827380952381,0.06132271164096892,3.781198799610138,0.11977629992179573,0.014106198359513655,0.033203125,0.42920367320510344,287.7536750000436
980,15680,61,2.0168692606170264,-2.0168692606170264,3.8125,4.844791666666667,-0.007341939581893886,4.396016359329224,0.10342691652476788,0.0001722662132124242,0.0,0.42920367320510344,288.0377040000167
981,15696,72,2.6288715563702154,-2.6288715563702154,4.5,4.851736111111111,0.04808341199532151,3.409576565027237,0.08948521804995835,0.0010894026709138416,0.009765625,0.42920367320510344,288.3731864000438
982,15712,64,2.7541481633974483,-2.7541481633974483,4,4.903125,-0.0091767858248204,3.41592276096344,0.13772761449217796,0.0010168934240937233,0.0078125,0.42920367320510344,288.6616527000442
983,15728,63,1.5622233929727676,-1.5622233929727676,3.9375,5.166666666666667,-0.00407766318041114,1.6372061371803284,0.09609415754675865,0.000901769170013722,0.011904762592166662,0.42920367320510344,288.94538970000576
984,15744,76,2.4280972450961738,-2.4280972450961738,4.75,4.323511904761904,-0.002349542686715722,2.6472472473978996,0.15260004252195358,0.00030440858367342116,0.001953125,0.42920367320510344,289.3015750000486
985,15760,61,0.968196785945535,-0.968196785945535,3.8125,5.354166666666667,-0.009950602221012517,1.5837802290916443,0.08871015533804893,0.0013416583533398807,0.016393442638218403,0.42920367320510344,289.5979295000434
986,15776,57,1.012997704246811,-1.012997704246811,3.5625,5.183333333333334,-0.0017003801079367165,1.5737924575805664,0.13291988149285316,4.449638663572841e-05,0.0,0.42920367320510344,289.86656360002235
987,15792,64,1.6875000000000004,-1.6875000000000004,4,4.280208333333333,-0.0013537690974771976,2.0929131507873535,0.09630321711301804,1.7172234947793186e-05,0.0,0.42920367320510344,290.1632393000182
988,15808,72,2.9239490816987246,-2.9239490816987246,4.5,5.308333333333334,-0.08689193555619568,4.239664375782013,0.10660808812826872,0.0015241416986100376,0.009765625,0.42920367320510344,290.48942910006735
989,15824,75,3.0356747704246816,-3.0356747704246816,4.6875,4.888541666666667,0.08452002238482237,4.169271737337112,0.1219049428764265,0.0017661755622668807,0.009765625,0.42920367320510344,290.83017870003823
990,15840,61,2.111172474671492,-2.111172474671492,3.8125,4.740625,-0.0019259162709501787,2.192864775657654,0.14392456784844398,0.00017603694959689165,0.004098360426723957,0.42920367320510344,291.11238960002083
991,15856,63,1.486172474671491,-1.486172474671491,3.9375,5.121875,-0.004256503919827015,1.8519082963466644,0.09722086787223816,0.000469966378659592,0.007936508394777775,0.42920367320510344,291.4064460999798
992,15872,55,2.0129977042468106,-2.0129977042468106,3.4375,6.876041666666667,-0.005100547658829946,5.456329822540283,0.17036541551351547,0.0003736195340025006,0.004545454401522875,0.42920367320510344,291.67434849997517
993,15888,59,1.615873852123405,-1.615873852123405,3.6875,6.097916666666666,-0.002142156670619677,1.236221432685852,0.1828017383813858,9.459509965381585e-05,0.0,0.42920367320510344,291.95816869998816
994,15904,64,2.556968801466389,-2.556968801466389,4,5.630208333333333,-0.004921867046505213,9.145434379577637,0.1622631922364235,0.0006069493247196078,0.0078125,0.42920367320510344,292.2857276999857
995,15920,58,1.5666481633974483,-1.5666481633974483,3.625,5.158333333333333,-0.002204371404990635,2.8294231295585632,0.17816655337810516,2.9464476938301232e-05,0.0,0.42920367320510344,292.54848360002507
996,15936,59,1.7358958676442588,-1.7358958676442588,3.6875,5.833928571428571,-0.005315559667582459,0.9826266914606094,0.17545707151293755,0.000439740580986836,0.012711864430457354,0.42920367320510344,292.8140598000027
997,15952,56,1.3832963267948966,-1.3832963267948966,3.5,6.348958333333333,-0.005518490947516885,1.3016819059848785,0.1379850171506405,0.0005466342054205597,0.008928571827709675,0.42920367320510344,293.0715722000459
998,15968,67,3.521847245096173,-3.521847245096173,4.1875,5.335565476190476,-0.124649936449714,10.950635872781277,0.24199630692601204,0.0013432855557766743,0.01171875,0.42920367320510344,293.40559139999095
999,15984,62,1.4814710972195777,-1.4814710972195777,3.875,5.6433035714285715,-0.0008590754742110462,1.5102050304412842,0.09956399910151958,1.2596769010997377e-05,0.0,0.42920367320510344,293.6925617000088
1000,16000,61,1.6565266070272333,-1.6565266070272333,3.8125,6.502083333333333,-0.0030256450991146266,1.2990880608558655,0.1439412273466587,0.00015189413215921377,0.004098360426723957,0.42920367320510344,293.9749673999613
