update,episodes,rollout_steps,mean_cost,mean_reward,mean_decisions,mean_branches,actor_loss,critic_loss,entropy,approx_kl,clip_fraction,fixed_greedy_cost,elapsed_seconds
1,16,105,34.9286495171396,-34.9286495171396,6.5625,3.726686507936508,0.005008854146581143,590.3531595865885,1.0795787225166957,4.416856022260163e-06,0.0,16.84955592153876,0.5878038000082597
2,32,111,45.545075641306425,-45.545075641306425,6.9375,4.347244769119769,0.00327251727382342,579.2146250406901,1.1727396945158641,1.1488788639250439e-05,0.0,16.84955592153876,1.2160043999319896
3,48,93,27.848727042468106,-27.848727042468106,5.8125,4.046006944444445,0.015987393756707508,312.09044647216797,1.1344274828831356,2.7945176744500106e-05,0.0,16.84955592153876,1.7617317999247462
4,64,100,31.589047680537043,-31.589047680537043,6.25,4.866170634920635,0.0100500852180024,352.7970225016276,1.119278758764267,6.084555391320615e-05,0.0,8.283185307179586,2.378282399964519
5,80,98,35.959069696057895,-35.959069696057895,6.125,4.875595238095238,0.0026633087545633316,314.8157208760579,1.1466107666492462,4.814123293310028e-05,0.0,8.283185307179586,2.9441800999920815
6,96,119,43.916204084936204,-43.916204084936204,7.4375,3.9557359307359308,-0.0029394454322755337,508.0221913655599,1.0494060566027958,9.439476161787752e-05,0.0,8.283185307179586,3.580948599963449
7,112,96,36.769356839840036,-36.769356839840036,6,4.175049603174603,0.007486908541371425,368.7907028198242,1.1187612613042195,0.0004902582926054796,0.0,8.283185307179586,4.131524399970658
8,128,95,34.14214492563322,-34.14214492563322,5.9375,4.6223214285714285,-0.011934755680461725,229.82558949788412,1.105219100912412,0.0005701229932431792,0.0,8.283185307179586,4.660326599958353
9,144,101,36.88965546238812,-36.88965546238812,6.3125,4.110987103174603,-0.017194849749406178,285.11170450846356,1.1399702330430348,0.0011251780542806955,0.006756756920367479,8.283185307179586,5.206589299952611
10,160,101,32.646293089030664,-32.646293089030664,6.3125,4.286359126984127,-0.02469865946720044,202.83820088704428,1.0665075729290645,0.002593036381464723,0.028188344401617844,8.283185307179586,5.74920540000312
11,176,82,18.465983929727674,-18.465983929727674,5.125,3.954365079365079,-0.02708955543736617,99.91234334309895,1.0658214936653774,0.002528939328234022,0.017071759328246117,8.283185307179586,6.201506000012159
12,192,69,14.655143571891069,-14.655143571891069,4.3125,6.482886904761905,-0.11201987539728482,86.05565198262532,0.994888092080752,0.003589217601074779,0.040104166915019356,8.283185307179586,6.600452999933623
13,208,68,15.332964209960009,-15.332964209960009,4.25,5.500595238095238,0.07876473758369684,142.3900629679362,0.8773094515005747,0.005774273246061057,0.08072916666666667,8.283185307179586,7.011474899947643
14,224,76,13.94828484802895,-13.94828484802895,4.75,4.43110119047619,-0.03642944929500421,43.17514832814535,0.8976509968439738,0.004282095336899753,0.0525173619389534,8.283185307179586,7.462977199931629
15,240,72,13.225663291658734,-13.225663291658734,4.5,4.173511904761905,-0.012750846489022175,66.57300853729248,0.828795000910759,0.00658486079191789,0.09895833333333333,0.42920367320510344,7.878494899952784
16,256,72,7.727322933822129,-7.727322933822129,4.5,4.75625,-0.059516058613856636,30.149016857147217,0.7394018471240997,0.0046796353756993385,0.045572916666666664,0.42920367320510344,8.318852199940011
17,272,83,10.832687602932776,-10.832687602932776,5.1875,4.1265625,-0.07869315799325705,28.593696037928265,0.6345696498950323,0.004381399486192095,0.04488760915895303,0.42920367320510344,8.80323329998646
18,288,70,5.1971793619310604,-5.1971793619310604,4.375,4.372767857142857,-0.04984988023837408,14.686574300130209,0.6706123650074005,0.003865201440627667,0.039496528605620064,0.42920367320510344,9.2095929000061
19,304,68,5.981747704246811,-5.981747704246811,4.25,4.873511904761905,0.009160183990995089,15.69230604171753,0.6876903822024664,0.004095458406178902,0.036458333333333336,0.42920367320510344,9.61266749992501
20,320,57,3.9106747704246816,-3.9106747704246816,3.5625,6.664583333333333,-0.018341305554022025,9.07195520401001,0.5974762439727783,0.0010272371807028928,0.01461988314986229,0.42920367320510344,9.939635499962606
21,336,63,3.3976770661778715,-3.3976770661778715,3.9375,4.780059523809523,-0.015321568658614818,15.59385093053182,0.5921172996362051,0.0017191827452431123,0.01851851927737395,0.42920367320510344,10.294417399913073
22,352,65,6.276825229575319,-6.276825229575319,4.0625,5.136755952380953,-0.21448746556416154,34.04283517474929,0.572888121008873,0.002046665952851375,0.015625,0.42920367320510344,10.669987899949774
23,368,64,3.7632743112740434,-3.7632743112740434,4,6.810119047619048,-0.019964761411150295,12.753594080607096,0.5803615748882294,0.0014248516624017309,0.015625,0.42920367320510344,11.041981299989857
24,384,71,4.401548622548087,-4.401548622548087,4.4375,4.651488095238095,-0.04119519051164389,12.855088114738464,0.5343981037537257,0.004022816861455188,0.038132441540559135,0.42920367320510344,11.448840799974278
25,400,55,3.5849004591506386,-3.5849004591506386,3.4375,6.195535714285715,-0.021410051058752044,26.43312422434489,0.3703465362389882,0.0011859458766897053,0.0181818176060915,0.42920367320510344,11.778372499975376
26,416,71,4.482024311274043,-4.482024311274043,4.4375,4.541071428571429,0.01765881044169267,9.680486659208933,0.3957323171198368,0.004061777825313584,0.049851191540559135,0.42920367320510344,12.198757799924351
27,432,80,4.09375,-4.09375,5,4.031547619047619,0.0016821599565446377,7.337654908498128,0.45436624189217883,0.002202304817425708,0.022135416666666668,0.42920367320510344,12.658491399954073
28,448,68,4.072732575985526,-4.072732575985526,4.25,5.0125,-0.020763880883653957,15.359390417734781,0.49653881539901096,0.013476264954078943,0.0390625,0.42920367320510344,13.126610999926925
29,464,70,4.379977984479146,-4.379977984479146,4.375,5.113839285714286,-0.029275935686503846,17.66588481267293,0.4360085651278496,0.008239213399273618,0.054687501241763435,0.42920367320510344,13.538035899982788
30,480,59,2.731471097219578,-2.731471097219578,3.6875,4.202083333333333,-0.0046342552959686145,8.569404125213623,0.37553559243679047,0.0001686365511280504,0.0,0.42920367320510344,13.873096599942073
31,496,72,4.576880739382974,-4.576880739382974,4.5,5.013244047619048,-0.003759310425569614,15.275272031625112,0.39585041999816895,0.002680578938452527,0.026041666666666668,0.42920367320510344,14.287288999999873
32,512,60,3.1385509183012763,-3.1385509183012763,3.75,5.450520833333333,-0.0039383930710351995,7.652311007181804,0.34199559191862744,0.00017118839195973123,0.0,0.42920367320510344,14.622971499920823
33,528,73,4.080752295753189,-4.080752295753189,4.5625,4.925446428571429,-0.05559895827900618,6.316607892513275,0.3780510276556015,0.0012693826760331224,0.015625,0.42920367320510344,15.04420989996288
34,544,64,2.0710729338221294,-2.0710729338221294,4,5.054166666666666,-0.012180005044986805,7.294335285822551,0.31149575610955554,0.0015424183026577036,0.018229166666666668,0.42920367320510344,15.410947100026533
35,560,64,2.3440266070272338,-2.3440266070272338,4,5.176934523809524,-0.004361469609042008,2.9063795804977417,0.3318035453557968,0.00013341825736764198,0.0,0.42920367320510344,15.771798099973239
36,576,74,3.210177066177871,-3.210177066177871,4.625,4.4574404761904765,-0.046144042552138366,5.352289815743764,0.3290410103897254,0.002270489267554391,0.022656250124176342,0.42920367320510344,16.205451000016183
37,592,56,3.0174224746714913,-3.0174224746714913,3.5,6.033333333333333,-0.022675684176474142,15.591962019602457,0.3761865695317586,0.00317690100443239,0.02380952425301075,0.42920367320510344,16.536876900005154
38,608,72,3.7472348717387156,-3.7472348717387156,4.5,5.261979166666666,0.05971458616356055,6.338976363341014,0.5238483274976412,0.0012259689295509209,0.01171875,0.42920367320510344,16.95997610001359
39,624,64,4.022953673205103,-4.022953673205103,4,4.498958333333333,-0.018151989672333002,8.90531094868978,0.3759453495343526,0.0023569948947018324,0.0234375,0.42920367320510344,17.322700100019574
40,640,65,2.9466261478765965,-2.9466261478765965,4.0625,4.75625,0.1367735918611288,5.131898653615887,0.3377804285022042,0.005865636805538088,0.015625,0.42920367320510344,17.704395800014026
41,656,67,2.2596793619310604,-2.2596793619310604,4.1875,5.251041666666667,-0.039353793331732355,1.1386920344084501,0.3905214915672938,0.0020427243903592776,0.0368923619389534,0.42920367320510344,18.104876299970783
42,672,62,2.2013275253285096,-2.2013275253285096,3.875,4.748958333333333,-0.012230098890941695,4.517872254053752,0.4021087934573491,0.0011765609054540012,0.016129031777381897,0.42920367320510344,18.461356099927798
43,688,55,1.6703541323557416,-1.6703541323557416,3.4375,5.821875,-0.007391623346925187,7.017895936965942,0.353197584549586,0.00047394118488834164,0.0060606058686971664,0.42920367320510344,18.79544149991125
44,704,79,4.223727984479147,-4.223727984479147,4.9375,4.34828869047619,0.0110190500660489,9.757192452748617,0.4359184006849925,0.0022195632712585698,0.033940973381201424,0.42920367320510344,19.24548609997146
45,720,76,5.8125,-5.8125,4.75,4.594345238095238,-0.01598407553198437,23.80644913514455,0.4567332590619723,0.006965118847801932,0.029513889302810032,0.42920367320510344,19.68181709991768
46,736,62,3.4073564281089315,-3.4073564281089315,3.875,6.01875,-0.01415300687464575,7.582363287607829,0.37526791791121167,0.0027492543449625373,0.01881720374027888,0.42920367320510344,20.048571999999695
47,752,60,2.170077525328509,-2.170077525328509,3.75,5.620833333333334,-0.009872269801174616,4.891805330912272,0.39310505986213684,0.00033838729693040176,0.0027777779226501784,0.42920367320510344,20.40983449993655
48,768,56,2.5002766070272333,-2.5002766070272333,3.5,5.232291666666667,-0.021597022057644022,5.90810505549113,0.3455486049254735,0.007829500934652364,0.02083333395421505,0.42920367320510344,20.7398467999883
49,784,69,2.9012720155208545,-2.9012720155208545,4.3125,4.438839285714286,0.057062725691745676,7.423429836829503,0.35406385858853656,0.0046773681827592855,0.045052083830038704,0.42920367320510344,21.145537499920465
50,800,77,3.544524311274043,-3.544524311274043,4.8125,5.108928571428572,0.05419086882223686,5.926544328530629,0.43871957312027615,0.0017543377363911834,0.014322916666666666,0.42920367320510344,21.58029529999476
51,816,65,2.0445243112740434,-2.0445243112740434,4.0625,4.726339285714285,0.16062243884274116,7.918113486220439,0.4152525325771421,0.001426564071152825,0.0078125,0.42920367320510344,21.95496819994878
52,832,68,3.1880532140544657,-3.1880532140544657,4.25,4.970833333333333,-0.02759731514379382,4.829556127389272,0.4046872792144616,0.002278400488042583,0.014322916666666666,0.42920367320510344,22.356297999969684
53,848,66,3.7591261478765956,-3.7591261478765956,4.125,6.008630952380952,0.036407900198052325,12.631045887867609,0.3504262513791521,0.0053590105574888485,0.09895833333333333,0.42920367320510344,22.748108899919316
54,864,68,3.2862279844791464,-3.2862279844791464,4.25,4.642261904761905,-0.09570147415312628,11.015623847643534,0.34969236391286057,0.014093259878184957,0.036458333333333336,0.42920367320510344,23.14294119994156
55,880,64,2.9410949493429834,-2.9410949493429834,4,4.745833333333334,-0.022089520779748757,21.245163599650066,0.38422906398773193,0.004076608534281452,0.033854166666666664,0.42920367320510344,23.515863899956457
56,896,63,1.9914270661778706,-1.9914270661778706,3.9375,5.827827380952381,-0.004159019454770411,7.238827149073283,0.413673996925354,0.0006430675991092963,0.0052910055965185165,0.42920367320510344,23.898654800024815
57,912,64,3.188329821081699,-3.188329821081699,4,5.048809523809524,-0.007042915249864261,5.666207393010457,0.4213227878014247,0.0005668887073018899,0.0078125,0.42920367320510344,24.27898709999863
58,928,68,2.317477984479147,-2.317477984479147,4.25,5.300297619047619,0.034497019834816456,2.0107386807600656,0.4542655249436696,0.003107329185392397,0.06770833333333333,0.42920367320510344,24.678775599924847
59,944,69,1.996128443629785,-1.996128443629785,4.3125,5.14375,-0.06796117996176083,5.302120546499888,0.34781275565425557,0.0013879504790565989,0.015625,0.42920367320510344,25.099643799941987
60,960,63,2.7007743112740434,-2.7007743112740434,3.9375,5.822916666666667,-0.005292241567672977,5.587612152099609,0.3677658240000407,0.00020884452048145855,0.0,0.42920367320510344,25.46732980001252
61,976,62,2.831582116834888,-2.831582116834888,3.875,6.645833333333333,-0.00984144036192447,4.41315770149231,0.39420825739701587,0.000646793042809198,0.005376343925793965,0.42920367320510344,25.83002889994532
62,992,62,3.990597245096173,-3.990597245096173,3.875,5.405208333333333,-0.022352291891972225,10.951911131540934,0.28105687101682025,0.004178928555726695,0.02956989159186681,0.42920367320510344,26.186371500021778
63,1008,62,3.4065266070272338,-3.4065266070272338,3.875,5.31875,-0.017807816137729898,11.593878904978434,0.4211498498916626,0.0019869704738084693,0.016129031777381897,0.42920367320510344,26.54561749997083
64,1024,55,2.198009183012759,-2.198009183012759,3.4375,5.764583333333333,-0.010757678457550194,3.744813919067383,0.32614025970300037,0.0005569936583924573,0.0030303029343485832,0.42920367320510344,26.86913869995624
65,1040,72,2.8409848717387165,-2.8409848717387165,4.5,4.8324404761904765,-0.05134806176647544,3.6910338203112283,0.38974692299962044,0.003862187933312574,0.029947916666666668,0.42920367320510344,27.284235999919474
66,1056,67,2.5356747704246807,-2.5356747704246807,4.1875,4.443229166666667,0.1515173938435813,8.966144683460394,0.39232841320335865,0.002393552860363949,0.0329861119389534,0.42920367320510344,27.675965299946256
67,1072,65,3.974004591506379,-3.974004591506379,4.0625,5.435069444444444,0.09061044718449314,12.420319436738888,0.2755841667143007,0.0008745689410716295,0.01171875,0.42920367320510344,28.06476570002269
68,1088,70,6.0625,-6.0625,4.375,5.073065476190476,-0.01599525784452756,17.98547073205312,0.4273039897282918,0.06528032325271245,0.10763889054457347,0.42920367320510344,28.502824099967256
69,1104,69,3.0857302802323368,-3.0857302802323368,4.3125,4.583705357142857,0.020340538350865245,5.983473241329193,0.46236320585012436,0.003006235739090831,0.059114584078391395,0.42920367320510344,28.905461499933153
70,1120,72,4.566648163397449,-4.566648163397449,4.5,4.4037202380952385,0.02681564384450515,7.320411483446757,0.45193765312433243,0.0032518672863564766,0.037760416666666664,0.42920367320510344,29.322208900004625
71,1136,73,4.83517706617787,-4.83517706617787,4.5625,4.298511904761905,-0.09079138344774644,15.149793724219004,0.43242964148521423,0.006435387281878017,0.02618634266157945,0.42920367320510344,29.734834300004877
72,1152,61,2.678097245096173,-2.678097245096173,3.8125,5.189583333333333,-0.007084421339556742,5.235773960749309,0.33188330630461377,0.000533751232069335,0.005464480568965276,0.42920367320510344,30.085128400009125
73,1168,71,2.380531198533612,-2.380531198533612,4.4375,4.785416666666666,-0.06358417961746454,2.832642654577891,0.3418937598665555,0.0030707616166409935,0.050037203977505364,0.42920367320510344,30.48882660001982
74,1184,67,2.228152754903828,-2.228152754903828,4.1875,4.367857142857143,0.02766815673870345,4.006012583772342,0.3475528197983901,0.0013640788852171681,0.031684028605620064,0.42920367320510344,30.871608400018886
75,1200,66,2.9748344125880775,-2.9748344125880775,4.125,4.557589285714286,0.048675711111476026,4.878497322400411,0.548148346443971,0.004892612152616493,0.061197916666666664,0.42920367320510344,31.2542056000093
76,1216,71,2.3749999999999996,-2.3749999999999996,4.4375,4.422395833333334,-0.12081585917621851,1.7976956516504288,0.3316301529606183,0.0020580616592743204,0.018229166666666668,0.42920367320510344,31.66746649995912
77,1232,67,2.5309733929727676,-2.5309733929727676,4.1875,4.474479166666667,0.08466865572457512,14.985388964414597,0.35099441796774045,0.002305000386197927,0.009114583333333334,0.42920367320510344,32.06038969999645
78,1248,62,2.142699081698724,-2.142699081698724,3.875,5.35625,-0.009447845435070453,3.4927357832590737,0.3567388753096263,0.00030805974635465344,0.0026881719628969827,0.42920367320510344,32.42823520000093
79,1264,61,2.5406527549038276,-2.5406527549038276,3.8125,5.042708333333334,-0.015768061114648308,4.924984852472941,0.30385998884836835,0.0019954456571819414,0.02185792289674282,0.42920367320510344,32.77691769995727
80,1280,66,2.8664270661778706,-2.8664270661778706,4.125,5.140625,0.23261383501812816,4.603772550821304,0.3922832216291378,0.01357750985577392,0.055989583333333336,0.42920367320510344,33.16809970000759
81,1296,65,3.192201377451914,-3.192201377451914,4.0625,4.554166666666666,0.28390946378931403,16.231352950446308,0.24276294033431137,0.002799966799405714,0.01171875,0.42920367320510344,33.55041549995076
82,1312,70,2.652378443629785,-2.652378443629785,4.375,4.359895833333333,0.012808060273528099,4.241737614075343,0.38503514354427654,0.003632169334499243,0.042100695272286735,0.42920367320510344,33.95731420000084
83,1328,75,5.726493112740432,-5.726493112740432,4.6875,4.56875,0.038630357633034386,19.228661686182022,0.33221544573704404,0.015928104548265765,0.0370501900712649,0.42920367320510344,34.39029559993651
84,1344,61,3.433351836602552,-3.433351836602552,3.8125,5.310416666666667,-0.010897533671645476,14.03411308924357,0.34231429795424145,0.001563652242718187,0.01366120142241319,0.42920367320510344,34.743455399991944
85,1360,71,6.941371556370215,-6.941371556370215,4.4375,4.718229166666667,-0.03887820430099964,140.01050253709158,0.41427034387985867,0.003814100046497515,0.028831845770279568,0.42920367320510344,35.16132790001575
86,1376,67,2.6875000000000004,-2.6875000000000004,4.1875,4.2015625,-0.08151389091896515,5.838396847248077,0.33108781774838764,0.0012914846233288795,0.013020833333333334,0.42920367320510344,35.54312519996893
87,1392,71,3.612555509807656,-3.612555509807656,4.4375,4.801934523809524,-0.019609632901847363,7.272152990102768,0.35277826090653736,0.005590439592651819,0.0262276791036129,0.42920367320510344,35.968242099974304
88,1408,70,4.094303214054465,-4.094303214054465,4.375,4.994791666666667,-0.1615072889253497,10.187753915786743,0.40604301790396374,0.00494057837689373,0.029513889302810032,0.42920367320510344,36.385504100006074
89,1424,74,4.482024311274044,-4.482024311274044,4.625,4.970014880952381,0.0770296123616087,8.896923104921976,0.47061991939942044,0.0030681440459071987,0.04635416716337204,0.42920367320510344,36.80755619995762
90,1440,62,1.5627766070272329,-1.5627766070272329,3.875,5.5375,-0.007849139561976415,5.582688331604004,0.2984079321225484,0.0005484553494170541,0.01075268785158793,0.42920367320510344,37.18226159992628
91,1456,59,2.3658738521234053,-2.3658738521234053,3.6875,5.158333333333333,-0.007646558251847531,9.912633736928305,0.29509299000104267,0.0010291163434885675,0.011299435049295425,0.42920367320510344,37.51484710001387
92,1472,70,2.8440266070272333,-2.8440266070272333,4.375,5.188541666666667,0.07424170322095354,3.6914450228214264,0.3645903716484706,0.0027546330461044968,0.015625,0.42920367320510344,37.916402800008655
93,1488,69,3.673949081698724,-3.673949081698724,4.3125,5.574553571428571,-0.07558721133197348,9.009911596775055,0.3484316524118185,0.006824325500701889,0.018229166666666668,0.42920367320510344,38.32096249994356
94,1504,72,2.661504591506379,-2.661504591506379,4.5,4.766964285714286,0.01481260359287262,5.659156322479248,0.336556151509285,0.001370832382235676,0.0078125,0.42920367320510344,38.73619979992509
95,1520,58,2.5583518366025517,-2.5583518366025517,3.625,6.897222222222222,-0.010771542075678875,5.743487199147542,0.30809272329012555,0.0005721450531079123,0.008620689623057842,0.42920367320510344,39.08755039994139
96,1536,69,3.1205752295753193,-3.1205752295753193,4.3125,4.5875,-0.03792451694607735,4.242808640003204,0.22845871622363725,0.0016397467845952936,0.021875000248352688,0.42920367320510344,39.49008799996227
97,1552,68,2.523230280232336,-2.523230280232336,4.25,5.298958333333333,-0.04596801676476995,3.8148247599601746,0.3929395092030366,0.0016967498280185584,0.014322916666666666,0.42920367320510344,39.89356140000746
98,1568,66,1.3349004591506382,-1.3349004591506382,4.125,4.60610119047619,0.2838685669315358,2.2494391730676093,0.31110132834874094,0.0022372268334341547,0.018229166666666668,0.42920367320510344,40.28992869996
99,1584,73,3.254701377451915,-3.254701377451915,4.5625,4.29375,0.03577319780985514,12.602209359407425,0.30593014881014824,0.0062690230543675325,0.03414351865649223,0.42920367320510344,40.702631399966776
100,1600,68,2.41482293382213,-2.41482293382213,4.25,5.48764880952381,0.04815675659726063,6.461764415105184,0.3692624866962433,0.008117747084421959,0.12239583333333333,0.42920367320510344,41.100602800026536
101,1616,58,2.080199081698724,-2.080199081698724,3.625,6.401041666666667,-0.005908621127192593,3.3037373622258506,0.32189056773980457,0.0002042957579154366,0.0,0.42920367320510344,41.43475150002632
102,1632,58,2.357024311274043,-2.357024311274043,3.625,5.538541666666667,-0.004673062874895291,6.913827578226726,0.28375645478566486,0.00034121520244904485,0.0,0.42920367320510344,41.76700959994923
103,1648,72,4.476493112740432,-4.476493112740432,4.5,4.705059523809524,0.04532614334796866,23.684712668259937,0.41805434972047806,0.003330025104029725,0.0234375,0.42920367320510344,42.1893296999624
104,1664,60,3.3750000000000004,-3.3750000000000004,3.75,7.030208333333333,-0.008994395490218299,7.778779983520508,0.34456604222456616,0.001033593699503399,0.011111111690600714,0.42920367320510344,42.53845029999502
105,1680,73,4.651272015520853,-4.651272015520853,4.5625,4.512648809523809,0.03714947200690707,13.445914347966513,0.39451832324266434,0.003243241553415525,0.027488425994912784,0.42920367320510344,42.94920849998016
106,1696,62,1.9911504591506386,-1.9911504591506386,3.875,5.080208333333333,-0.012270442210137844,7.019173542658488,0.18277373164892197,0.003967661371765037,0.02150537570317586,0.42920367320510344,43.29604309995193
107,1712,73,4.9231192606170255,-4.9231192606170255,4.5625,4.259970238095238,-0.09580160584300756,9.283925076325735,0.31616851066549617,0.010663955122709012,0.06698495397965114,0.42920367320510344,43.71278980001807
108,1728,68,3.130531198533613,-3.130531198533613,4.25,5.638020833333333,0.1525301580162098,11.882637590169907,0.3330950600405534,0.002056500833229317,0.016927083333333332,0.42920367320510344,44.12452339997981
109,1744,68,3.196626147876595,-3.196626147876595,4.25,5.220982142857143,0.03262212468932072,6.481538434823354,0.32599808648228645,0.001147202371309201,0.009114583333333334,0.42920367320510344,44.536757699912414
110,1760,54,1.6155972450961724,-1.6155972450961724,3.375,6.252083333333333,-0.0017483657917901259,5.249461809794108,0.23467141638199487,5.5927839791062674e-05,0.0,0.42920367320510344,44.85694670001976
111,1776,61,2.0583518366025517,-2.0583518366025517,3.8125,5.090625,-0.008912413658083077,4.745279868443807,0.261791855096817,0.0004780073838143532,0.005464480568965276,0.42920367320510344,45.213269599946216
112,1792,61,1.4380532140544655,-1.4380532140544655,3.8125,4.951041666666667,-0.005978453423461483,1.752295474211375,0.27292656898498535,0.0006023924470355269,0.008196720853447914,0.42920367320510344,45.56728059996385
113,1808,55,2.0185289027804223,-2.0185289027804223,3.4375,5.108333333333333,-0.019169976868469146,6.8988908131917315,0.3158769557873408,0.0019015276520804036,0.012121211737394333,0.42920367320510344,45.88529559993185
114,1824,52,1.595133035136164,-1.595133035136164,3.25,6.458333333333333,-0.007193475310953416,1.9024832248687744,0.25951767961184186,0.0011045611039056287,0.012820513298114141,0.42920367320510344,46.192753099952824
115,1840,68,2.8440266070272333,-2.8440266070272333,4.25,4.778125,-0.12542203643048802,4.943534433841705,0.2822357068459193,0.0007600830552595047,0.006510416666666667,0.42920367320510344,46.59266700001899
116,1856,62,3.3346238521234053,-3.3346238521234053,3.875,6.829613095238095,-0.020467338307450216,4.85133163134257,0.4288427581389745,0.001748561403170849,0.02150537570317586,0.42920367320510344,46.96139149996452
117,1872,64,3.4958518366025517,-3.4958518366025517,4,5.389583333333333,-0.013265325998266539,8.367976824442545,0.3506089945634206,0.0017256343271583319,0.018229166666666668,0.42920367320510344,47.32776209991425
118,1888,61,3.107024311274044,-3.107024311274044,3.8125,4.676041666666666,-0.016929820734661465,20.093817710876465,0.3635636319716771,0.0033738340741062225,0.040983606750766434,0.42920367320510344,47.68513389991131
119,1904,58,2.1023229338221294,-2.1023229338221294,3.625,5.830208333333333,-0.012298211342944398,6.373109181722005,0.3902316341797511,0.003753802952511857,0.01149425283074379,0.42920367320510344,48.024603199912235
120,1920,69,3.50857293382213,-3.50857293382213,4.3125,5.214583333333334,-0.11814609356224537,5.682441055774689,0.45585398748517036,0.020805649009237943,0.045312500248352684,0.42920367320510344,48.445244399947114
121,1936,62,2.28456834231575,-2.28456834231575,3.875,5.0163690476190474,-0.01311477418658491,4.56436562538147,0.40135615567366284,0.0067866926959444145,0.02956989159186681,0.42920367320510344,48.80536519992165
122,1952,61,2.522677066177871,-2.522677066177871,3.8125,4.546875,-0.005493818934627785,3.7921165227890015,0.29650088648001355,0.00031989809728353674,0.005464480568965276,0.42920367320510344,49.15816589992028
123,1968,64,3.2903761478765956,-3.2903761478765956,4,6.205208333333333,-0.01440725444505612,23.062296549479168,0.27996324996153515,0.0021151175218013427,0.015625,0.42920367320510344,49.53316969994921
124,1984,59,1.5221238521234053,-1.5221238521234053,3.6875,4.896875,-0.01233504658649102,3.9615670839945474,0.33557335038979846,0.0032622425327038704,0.01694915226350228,0.42920367320510344,49.87089050002396
125,2000,55,2.0896018366025517,-2.0896018366025517,3.4375,7.004613095238096,-0.01442428895018318,3.185887932777405,0.27634743352731067,0.0010648118780712441,0.015151514982183775,0.42920367320510344,50.199121200013906
126,2016,71,3.767975688725957,-3.767975688725957,4.4375,5.419047619047619,-0.1108364350317667,5.524585068225861,0.3675243655840556,0.004432323869574854,0.038132441540559135,0.42920367320510344,50.60763490002137
127,2032,61,1.9018252295753193,-1.9018252295753193,3.8125,4.988839285714286,-0.007409875749042764,4.053800185521443,0.2399593492348989,0.0003089040630281185,0.0,0.42920367320510344,50.953865799936466
128,2048,65,3.6285949493429825,-3.6285949493429825,4.0625,5.603125,0.13001442095264792,11.219431156913439,0.3833710466666768,0.004117558932193788,0.014322916666666666,0.42920367320510344,51.33752469997853
129,2064,68,2.410951377451915,-2.410951377451915,4.25,5.1890625,-0.05327373060087363,5.767231146494548,0.36770883575081825,0.000985761173069477,0.00390625,0.42920367320510344,51.72828149993438
130,2080,64,1.831028902780423,-1.831028902780423,4,4.573214285714286,-0.011326388145486513,2.877480665842692,0.26537459592024487,0.0015218678260377299,0.015625,0.42920367320510344,52.09597169992048
131,2096,66,2.7367256887259575,-2.7367256887259575,4.125,5.314583333333333,-0.010052792572726807,3.7095294843117395,0.3116086758673191,0.007524047376743208,0.013020833333333334,0.42920367320510344,52.50100519997068
132,2112,67,4.183075229575319,-4.183075229575319,4.1875,5.053125,-0.11698700906708837,12.45621345937252,0.2832467981303732,0.0039823346580127135,0.009114583333333334,0.42920367320510344,52.898205999983475
133,2128,70,2.6374444901923444,-2.6374444901923444,4.375,5.668824404761905,0.0748056781788667,3.593785127003988,0.34637333328525227,0.0014484638416737046,0.025607639302810032,0.42920367320510344,53.3174043999752
134,2144,63,3.3033738521234053,-3.3033738521234053,3.9375,4.632886904761905,-0.008519270709252513,7.705108801523845,0.34945981701215106,0.0007505984513045405,0.010582011193037033,0.42920367320510344,53.66812049993314
135,2160,61,3.3741701789183023,-3.3741701789183023,3.8125,5.091666666666667,-0.01422624864305059,20.306049664815266,0.330577810605367,0.007171225501224399,0.01366120142241319,0.42920367320510344,54.02602639992256
136,2176,55,1.96875,-1.96875,3.4375,7.1375,-0.003939199339153987,4.217367808024089,0.3057660112778346,0.0001397834859441597,0.0,0.42920367320510344,54.35889729997143
137,2192,62,3.2228981633974483,-3.2228981633974483,3.875,5.876041666666667,-0.025140333049479935,7.20097001393636,0.3467133790254593,0.006108534852198015,0.032258063554763794,0.42920367320510344,54.719561300007626
138,2208,62,2.575221097219578,-2.575221097219578,3.875,5.48125,-0.008780497629495917,4.754489024480184,0.31610526144504547,0.0017484993162118674,0.01075268785158793,0.42920367320510344,55.07861799991224
139,2224,67,1.9513275253285087,-1.9513275253285087,4.1875,5.772172619047619,-0.1757363717382153,2.6632566874225936,0.28939102543517947,0.0011306628681875264,0.013020833333333334,0.42920367320510344,55.47891319997143
140,2240,77,3.6650995408493623,-3.6650995408493623,4.8125,4.6553571428571425,0.008946488300959269,7.626224597295125,0.34826643392443657,0.008429150818604588,0.03094951994717121,0.42920367320510344,55.92203159991186
141,2256,72,4.612002295753189,-4.612002295753189,4.5,5.074032738095238,-0.03007785106698672,14.226499954859415,0.3809703662991524,0.012571738470190516,0.03515625,0.42920367320510344,56.3624942000024
142,2272,58,2.831028902780422,-2.831028902780422,3.625,4.757291666666667,-0.01226193472427243,4.290999571482341,0.33480208615461987,0.0007594916417777616,0.01149425283074379,0.42920367320510344,56.69756220001727
143,2288,66,2.5721793619310604,-2.5721793619310604,4.125,5.04375,0.06923603359609842,8.541310032208761,0.3821987087527911,0.0069866133077691,0.053385416666666664,0.42920367320510344,57.09282209991943
144,2304,61,2.847621556370216,-2.847621556370216,3.8125,5.778422619047619,-0.018029353876542215,5.261680205663045,0.3236525009075801,0.006680944585241377,0.02732240284482638,0.42920367320510344,57.44741919997614
145,2320,65,3.4991701789183023,-3.4991701789183023,4.0625,5.314434523809524,0.17447828548029065,11.927611658970514,0.33840549812157406,0.02531590764798845,0.09244791666666667,0.42920367320510344,57.83790139993653
146,2336,57,1.6070243112740439,-1.6070243112740439,3.5625,5.443154761904762,-0.0075459053970693786,4.268131732940674,0.26334357261657715,0.0003866364218083618,0.005847953259944916,0.42920367320510344,58.170286700013094
147,2352,68,2.687776607027233,-2.687776607027233,4.25,5.537103174603175,-0.1514618031991025,5.80538668235143,0.3050698028722157,0.0008657159293458486,0.00390625,0.42920367320510344,58.56920349993743
148,2368,60,1.6695243112740434,-1.6695243112740434,3.75,5.491666666666667,-0.005636050157611224,3.015546361605326,0.21084542075792947,0.00028866380444014794,0.0027777779226501784,0.42920367320510344,58.919928599963896
149,2384,72,2.066924770424682,-2.066924770424682,4.5,5.561011904761905,-0.03863082375998298,3.2485985532402992,0.3398997684319814,0.0030154448080187044,0.022135416666666668,0.42920367320510344,59.339599299943075
150,2400,58,2.1565266070272333,-2.1565266070272333,3.625,5.822916666666667,-0.01818962345948849,6.957931677500407,0.3424033969640732,0.005373610159343419,0.03735632232079903,0.42920367320510344,59.681921000010334
151,2416,61,2.0622233929727685,-2.0622233929727685,3.8125,4.842708333333333,-0.010977350743461992,2.0675255060195923,0.32454637189706165,0.0009577638969252197,0.010928961137930552,0.42920367320510344,60.03476910002064
152,2432,68,2.44607293382213,-2.44607293382213,4.25,5.364583333333333,-0.0709656352798144,4.089979986349742,0.19381851625318328,0.003698231070302427,0.033854166666666664,0.42920367320510344,60.45057440001983
153,2448,67,2.1559733929727676,-2.1559733929727676,4.1875,5.252083333333333,-0.14805081595356265,1.5109548680484295,0.2358605396002531,0.0019562679712592512,0.01171875,0.42920367320510344,60.85144559992477
154,2464,59,1.946349540849362,-1.946349540849362,3.6875,4.946875,-0.012060579864866009,2.9129421710968018,0.26226039230823517,0.0014755792544747237,0.014124293811619282,0.42920367320510344,61.19820530002471
155,2480,68,2.2325775253285096,-2.2325775253285096,4.25,4.653125,-0.03494943041975299,1.6323960752536852,0.2752889779706796,0.0008881437436987957,0.009114583333333334,0.42920367320510344,61.59916089999024
156,2496,63,3.0495022957531894,-3.0495022957531894,3.9375,5.851190476190476,-0.008786340747964694,3.2903319597244263,0.3992011348406474,0.0004682675995960987,0.0026455027982592583,0.42920367320510344,61.96671830001287
157,2512,70,2.7193032140544653,-2.7193032140544653,4.375,4.948363095238095,0.024771687264243763,4.7322385509808855,0.28142435227831203,0.003505604379218615,0.0321180559694767,0.42920367320510344,62.378439599997364
158,2528,67,2.29950229575319,-2.29950229575319,4.1875,3.9872023809523807,-0.18019067325318852,1.8641830285390217,0.24896517613281807,0.0007688629234129015,0.009114583333333334,0.42920367320510344,62.77281979995314
159,2544,60,2.6061944901923453,-2.6061944901923453,3.75,5.463541666666667,-0.01043956312092235,8.595397790273031,0.23267619063456854,0.0019585009576985613,0.01944444514811039,0.42920367320510344,63.12051309994422
160,2560,69,3.6645463267948974,-3.6645463267948974,4.3125,5.068675595238095,-0.0057185012847185135,9.309192856152853,0.3023243074615796,0.005644328354643828,0.033593750248352684,0.42920367320510344,63.517703199991956
161,2576,67,2.236725688725957,-2.236725688725957,4.1875,5.157291666666667,-0.22355690769230327,4.136077741781871,0.3024419440577428,0.002119165055861553,0.020833333333333332,0.42920367320510344,63.910646299947985
162,2592,59,1.5530972450961724,-1.5530972450961724,3.6875,5.295833333333333,-0.019556693532793545,3.397812803586324,0.2510731890797615,0.005644700392925491,0.028248587623238564,0.42920367320510344,64.2573111000238
163,2608,68,1.9737279844791464,-1.9737279844791464,4.25,5.448065476190476,0.003961827450742324,3.8641252716382346,0.27437909071644145,0.006801213535557811,0.048177083333333336,0.42920367320510344,64.65295709995553
164,2624,64,3.892422474671492,-3.892422474671492,4,4.614583333333333,-0.019132039199272793,21.879418690999348,0.3530609558025996,0.003072584862820804,0.013020833333333334,0.42920367320510344,65.01183470000979
165,2640,73,2.9101215563702154,-2.9101215563702154,4.5625,4.258333333333334,-0.03221415542066097,8.505295197168985,0.30153434226910275,0.0034267228220414836,0.011863425994912783,0.42920367320510344,65.42196860001422
166,2656,65,2.3127766070272333,-2.3127766070272333,4.0625,5.278125,0.1373322857155775,1.9992722993095715,0.26284459027657664,0.003334848650411004,0.018229166666666668,0.42920367320510344,65.80277349997777
167,2672,73,3.2682522957531903,-3.2682522957531903,4.5625,5.546875,0.07516932650469244,4.613798201084137,0.32828959822654724,0.0095104162004039,0.042100694651405014,0.42920367320510344,66.23384629993234
168,2688,66,2.446626147876595,-2.446626147876595,4.125,5.623958333333333,-0.23309420685594281,2.796414812328294,0.32193676964379847,0.0027029495904571377,0.020833333333333332,0.42920367320510344,66.62797459994908
169,2704,68,4.42892706617787,-4.42892706617787,4.25,5.477901785714286,-0.09062506227443616,13.54130177696546,0.26843471080064774,0.002854665624909103,0.010416666666666666,0.42920367320510344,67.03349199995864
170,2720,68,2.477046326794897,-2.477046326794897,4.25,4.878869047619047,0.036917403883611165,5.568740159273148,0.34360499928394955,0.0021867126342840493,0.029947916666666668,0.42920367320510344,67.4363576999167
171,2736,71,3.567477984479147,-3.567477984479147,4.4375,4.48125,-0.012931177237381538,8.198209275801977,0.3690919230381648,0.00876790313031961,0.043340774873892464,0.42920367320510344,67.85146549995989
172,2752,68,2.3702986225480864,-2.3702986225480864,4.25,4.583333333333333,-0.0929674703317384,2.191465506951014,0.24831210932461545,0.0014029709078992407,0.014322916666666666,0.42920367320510344,68.26849499996752
173,2768,72,2.2231747704246807,-2.2231747704246807,4.5,4.784672619047619,-0.06106136708209912,3.2097976406415305,0.22153770613173643,0.001186422605921204,0.013020833333333334,0.42920367320510344,68.68488459999207
174,2784,63,1.2771018366025517,-1.2771018366025517,3.9375,4.630208333333333,-0.012663592039311666,2.419451355934143,0.24418044338623682,0.0006821944668142047,0.010582010882596174,0.42920367320510344,69.04583840002306
175,2800,65,3.0486724746714917,-3.0486724746714917,4.0625,4.908333333333333,0.10525906505063176,7.797327367778053,0.3719687819927155,0.0018388403210944186,0.016927083333333332,0.42920367320510344,69.42315869999584
176,2816,64,2.28125,-2.28125,4,4.748214285714286,-0.019922631171842415,3.195414741834005,0.2377836232384046,0.002490015816874802,0.015625,0.42920367320510344,69.78421389998402
177,2832,71,3.2452986225480864,-3.2452986225480864,4.4375,5.140104166666667,-0.05117901414632797,6.607379694779714,0.45227471987406415,0.011464154879528602,0.09858631094296773,0.42920367320510344,70.19918380002491
178,2848,68,4.462942194439155,-4.462942194439155,4.25,4.211458333333334,0.11250805528834462,25.75293669104576,0.5545028621951739,0.002276127522539658,0.028645833333333332,8.283185307179586,70.59700740000699
179,2864,75,5.806968801466389,-5.806968801466389,4.6875,4.417857142857143,-0.0001675992583235105,43.263429840405784,0.43497077251474064,0.0059275040862303285,0.04983428120613098,0.42920367320510344,71.0328646999551
180,2880,61,2.4637720155208536,-2.4637720155208536,3.8125,5.040625,-0.015989123846154918,14.161926110585531,0.3812302201986313,0.002769800000047932,0.027322404086589813,0.42920367320510344,71.39730770001188
181,2896,61,4.057522015520854,-4.057522015520854,3.8125,5.075297619047619,-0.017719673145501307,9.941951751708984,0.33936197062333423,0.00597751016903203,0.030054644991954167,0.42920367320510344,71.74811239994597
182,2912,75,6.841813750809371,-6.841813750809371,4.6875,5.591666666666667,-0.0733703892910853,26.30887198448181,0.3847425654530525,0.03061463798439945,0.12571022907892862,0.42920367320510344,72.1979946999345
183,2928,71,3.829645867644259,-3.829645867644259,4.4375,5.086607142857143,-0.038896108977496624,11.933316230773926,0.4066342314084371,0.007202970060764831,0.049851191540559135,0.42920367320510344,72.62238259997685
184,2944,68,1.6521018366025522,-1.6521018366025522,4.25,4.5494047619047615,0.18060352373868227,4.313066529730956,0.31429316724340123,0.001730173016161037,0.03125,0.42920367320510344,73.0254477999406
185,2960,67,1.4599004591506382,-1.4599004591506382,4.1875,4.419791666666667,-0.19810325912355134,4.3947470883528394,0.41066162412365276,0.004408120176132495,0.0447048619389534,0.42920367320510344,73.42101769999135
186,2976,57,2.1692477042468115,-2.1692477042468115,3.5625,5.9375,-0.004540336307251221,9.713237603505453,0.3635178605715434,0.0005281752419250552,0.005847953259944916,0.42920367320510344,73.7526160000125
187,2992,70,3.4419247704246816,-3.4419247704246816,4.375,4.548958333333333,-0.14709532897298536,5.851086994012197,0.2794384590039651,0.0071789619389619475,0.042534722636143364,0.42920367320510344,74.1585797999287
188,3008,68,2.9372233929727676,-2.9372233929727676,4.25,5.782886904761905,-0.11817577900364995,5.842624495426814,0.2876131348311901,0.006098174373619258,0.0234375,0.42920367320510344,74.56277039996348
189,3024,57,1.4551990816987241,-1.4551990816987241,3.5625,6.311979166666666,-0.012105961454819791,4.119417945543925,0.28476734459400177,0.00045147773865513347,0.0,0.42920367320510344,74.89857750001829
190,3040,63,3.071626147876595,-3.071626147876595,3.9375,5.530208333333333,-0.012331677658025045,5.281530936559041,0.321612149477005,0.0009599154703513099,0.013227513680855433,0.42920367320510344,75.26556939992588
191,3056,60,2.1388275253285087,-2.1388275253285087,3.75,5.932291666666667,-0.015102721078114426,2.5357300837834678,0.22959768772125244,0.0017107410688671127,0.02222222276031971,0.42920367320510344,75.6173680999782
192,3072,72,5.294524311274043,-5.294524311274043,4.5,5.890104166666666,-0.058484585179636873,18.15237605571747,0.3114694853623708,0.007391862687654793,0.013020833333333334,0.42920367320510344,76.04653859999962
193,3088,62,2.1114490816987246,-2.1114490816987246,3.875,4.676041666666666,-0.014425507786693714,4.418793837229411,0.28845644493897754,0.0030064559929693737,0.02150537570317586,0.42920367320510344,76.41379849996883
194,3104,64,2.7143252295753193,-2.7143252295753193,4,5.8,-0.014721828823288282,7.160149892171224,0.2920610358317693,0.0012257174821570516,0.020833333333333332,0.42920367320510344,76.78827199991792
195,3120,64,3.0129977042468106,-3.0129977042468106,4,5.952083333333333,-0.011512487195432186,2.10162091255188,0.3099614083766937,0.0007124813661600152,0.010416666666666666,0.42920367320510344,77.16900009999517
196,3136,66,2.1598449493429825,-2.1598449493429825,4.125,5.059375,-0.05236551600197951,4.970489302184433,0.21198276736564972,0.002117396021882693,0.014322916666666666,0.42920367320510344,77.54960049991496
197,3152,57,2.50331834231575,-2.50331834231575,3.5625,7.5875,-0.020121842769807923,3.5495955546696982,0.27065442005793255,0.005453518853755668,0.017543859779834747,0.42920367320510344,77.8863088999642
198,3168,64,1.9643252295753189,-1.9643252295753189,4,5.021875,-0.012931770334641138,1.8053297599156697,0.23131259779135385,0.0012645573369809426,0.015625,0.42920367320510344,78.24462140002288
199,3184,64,1.8791481633974483,-1.8791481633974483,4,4.678125,-0.007796603099753459,3.2313576539357505,0.28672880431016284,0.0007041936429838339,0.0078125,0.42920367320510344,78.60362109995913
200,3200,64,2.2541481633974483,-2.2541481633974483,4,6.184375,-0.0046301656402647495,3.020089268684387,0.2699425270160039,0.0002640235076493506,0.0,0.42920367320510344,78.97845459997188
201,3216,75,3.437223392972767,-3.437223392972767,4.6875,5.140327380952381,-0.04731419527282318,4.980767607688904,0.3681602192421754,0.0027540344174212805,0.040719697872797646,0.42920367320510344,79.41479379998054
202,3232,65,2.985619260617027,-2.985619260617027,4.0625,5.529166666666667,-0.23670721131687364,4.346545589466889,0.2806026136980411,0.005601060712554802,0.013020833333333334,0.42920367320510344,79.80943169991951
203,3248,75,2.58075229575319,-2.58075229575319,4.6875,5.147172619047619,-0.09435096026087801,3.0755213797092438,0.30599238102634746,0.0009478316714345661,0.006510416666666667,0.42920367320510344,80.25776589999441
204,3264,60,2.1379977042468115,-2.1379977042468115,3.75,6.279166666666667,-0.013495969655923553,2.2729543844858804,0.3492444505294164,0.002054621122321502,0.025000000993410747,0.42920367320510344,80.61012999992818
205,3280,57,2.553373852123405,-2.553373852123405,3.5625,6.555208333333334,-0.01194541508737649,10.556437651316324,0.3045317480961482,0.0006001448768984119,0.005847953259944916,0.42920367320510344,80.95553509995807
206,3296,54,1.0403761478765947,-1.0403761478765947,3.375,6.258333333333333,-0.005598805555901383,1.5421107014020283,0.22165358811616898,0.002703224245730477,0.021604938432574272,0.42920367320510344,81.2805265999632
207,3312,63,2.499723392972767,-2.499723392972767,3.9375,5.225,-0.016543152276426554,4.202568531036377,0.2587745984395345,0.004197116150559547,0.031746032958229385,0.42920367320510344,81.65315939998254
208,3328,63,2.629424770424681,-2.629424770424681,3.9375,5.446875,-0.00924235521680202,4.212321798006694,0.24358376115560532,0.0030591350393175767,0.01587301678955555,0.42920367320510344,82.01203089999035
209,3344,57,1.8794247704246816,-1.8794247704246816,3.5625,5.129166666666666,-0.01318682191011152,5.612120548884074,0.23648113509019217,0.001122637303827408,0.008771929889917374,0.42920367320510344,82.34402159997262
210,3360,64,1.78125,-1.78125,4,5.4375,-0.013953514707585176,4.532374223073323,0.2708297222852707,0.0016561529676740367,0.013020833333333334,0.42920367320510344,82.7181763999397
211,3376,65,2.2815266070272333,-2.2815266070272333,4.0625,5.264583333333333,-0.38089786081885296,3.7580559824903808,0.22531069873487772,0.0016054393296750884,0.009114583333333334,0.42920367320510344,83.11009309999645
212,3392,72,2.4457963267948974,-2.4457963267948974,4.5,4.129166666666666,-0.05034727416932583,3.732206920782725,0.26525238653024036,0.0028000439051538706,0.03515625,0.42920367320510344,83.54111300001387
213,3408,60,1.8207963267948968,-1.8207963267948968,3.75,5.176636904761905,-0.006610210494707521,2.4519447485605874,0.23293142765760422,0.00039688089054834563,0.0027777779226501784,0.42920367320510344,83.89130779996049
214,3424,62,1.5804756887259577,-1.5804756887259577,3.875,5.068303571428571,-0.015443940002280923,4.741421381632487,0.34164897600809735,0.0018821443130339806,0.016129031777381897,0.42920367320510344,84.26381099992432
215,3440,58,1.879701377451914,-1.879701377451914,3.625,5.334375,-0.014126546915095961,2.976428190867106,0.2667391002178192,0.0008309983519817857,0.011494253141184648,0.42920367320510344,84.6086450999137
216,3456,69,3.4634954084936207,-3.4634954084936207,4.3125,5.743675595238095,-0.015063949705411991,3.7620010375976562,0.3321537884573142,0.002367660240300514,0.02708333358168602,0.42920367320510344,85.03728699998464
217,3472,74,2.740873852123406,-2.740873852123406,4.625,4.777380952380953,-0.08899422005439798,2.808714965979258,0.245560256143411,0.0025014159558243896,0.03489583358168602,0.42920367320510344,85.46445119997952
218,3488,59,1.9593472450961729,-1.9593472450961729,3.6875,4.790625,-0.010917990565126287,3.5606377124786377,0.2061338871717453,0.0013516541845698764,0.016949152573943138,0.42920367320510344,85.80451729998458
219,3504,55,1.4286504591506382,-1.4286504591506382,3.4375,6.389583333333333,-0.011126559532501487,2.6889962355295816,0.15753303716580072,0.0022184753252076916,0.02121212085088094,0.42920367320510344,86.12738859991077
220,3520,63,1.3213495408493623,-1.3213495408493623,3.9375,5.64375,-0.0075927256796233245,1.5468255082766216,0.21583070854345957,0.0009070911977081172,0.007936508394777775,0.42920367320510344,86.49601210001856
221,3536,67,2.424502295753189,-2.424502295753189,4.1875,5.202083333333333,0.19776807337378463,3.9697365363438926,0.2390166788136412,0.0016239866502398097,0.013020833333333334,0.42920367320510344,86.8980114000151
222,3552,75,3.1877766070272333,-3.1877766070272333,4.6875,4.413690476190476,-0.019753539527300745,4.763101667165756,0.2245963253080845,0.005487470478404551,0.04723011453946432,0.42920367320510344,87.33645539998543
223,3568,65,2.2989490816987246,-2.2989490816987246,4.0625,4.573958333333334,0.13817052667339644,2.4236949913126105,0.29293863981365575,0.0020939233751657107,0.0234375,0.42920367320510344,87.72663029993419
224,3584,59,2.1432522957531903,-2.1432522957531903,3.6875,5.490625,-0.014215771078610828,8.486281394958496,0.278456375002861,0.0014107396588466752,0.01694915226350228,0.42920367320510344,88.08143969997764
225,3600,64,2.2676990816987246,-2.2676990816987246,4,5.373958333333333,-0.009782602079212666,3.535058776537577,0.19841716438531876,0.00140594857900093,0.020833333333333332,0.42920367320510344,88.46105329995044
226,3616,57,1.4817477042468106,-1.4817477042468106,3.5625,5.635416666666667,-0.006139194124449077,2.52449361483256,0.17198918263117471,0.00027341676150172134,0.002923976629972458,0.42920367320510344,88.7965097000124
227,3632,63,1.9950220155208536,-1.9950220155208536,3.9375,5.669791666666667,-0.007719769027384989,2.339521606763204,0.25108639399210614,0.0012264946356784396,0.010582011193037033,0.42920367320510344,89.16938620002475
228,3648,69,1.8346238521234053,-1.8346238521234053,4.3125,4.6984375,-0.0017930925823748112,2.517934372027715,0.24609141300121942,0.00267577666378808,0.045052083830038704,0.42920367320510344,89.5767451999709
229,3664,63,1.160951377451914,-1.160951377451914,3.9375,4.691666666666666,-0.008863931454942353,2.2232033809026084,0.2558869272470474,0.0012053858269306754,0.01587301678955555,0.42920367320510344,89.93975989997853
230,3680,69,2.775995408493621,-2.775995408493621,4.3125,5.471354166666667,0.012321804339687029,6.97592672208945,0.23676792221764723,0.010323157670313776,0.056770833830038704,0.42920367320510344,90.34445959993172
231,3696,50,1.3122233929727671,-1.3122233929727671,3.125,6.239583333333333,-0.0041420674032996985,2.2291000286738076,0.1415423552195231,0.0003393164805250611,0.006666666517655055,0.42920367320510344,90.64240659994539
232,3712,61,2.1559733929727676,-2.1559733929727676,3.8125,4.926041666666666,-0.011363604416449865,5.4403758843739825,0.17877118537823358,0.0018423455112497322,0.016393442327777546,0.42920367320510344,90.99735229997896
233,3728,71,2.2632743112740443,-2.2632743112740443,4.4375,5.470833333333333,-0.04320699333523711,3.8650060097376504,0.27090164242933196,0.013899823764707738,0.07124256094296773,0.42920367320510344,91.42061929998454
234,3744,65,1.6780972450961724,-1.6780972450961724,4.0625,5.393229166666667,-0.06549940436768036,3.049165272464355,0.27681454209640083,0.00180725803753982,0.013020833333333334,0.42920367320510344,91.81341149995569
235,3760,59,2.09375,-2.09375,3.6875,6.43125,-0.008574599386350709,2.1629162629445395,0.2178104023138682,0.0007209590078976665,0.011299434738854567,0.42920367320510344,92.17175849992782
236,3776,61,1.1648229338221296,-1.1648229338221296,3.8125,5.344791666666667,-0.009719680063426495,2.269478758176168,0.21504219124714533,0.0011864964981214143,0.010928961137930552,0.42920367320510344,92.5277074999176
237,3792,59,2.508849540849362,-2.508849540849362,3.6875,4.986755952380952,-0.007283273022450724,11.546802043914795,0.22084876398245493,0.00046892317156258895,0.005649717524647713,0.42920367320510344,92.879880100023
238,3808,55,1.116427066177871,-1.116427066177871,3.4375,6.598958333333333,-0.00691427581372069,2.144438107808431,0.1726302926739057,0.0008026521124217348,0.00909090880304575,0.42920367320510344,93.21033639996313
239,3824,49,0.9637720155208532,-0.9637720155208532,3.0625,6.023958333333333,-0.004633905610376872,1.027870347102483,0.1206438106795152,0.0002948388358466521,0.003401360474526882,0.42920367320510344,93.50458399998024
240,3840,63,1.6073009183012759,-1.6073009183012759,3.9375,5.148660714285715,-0.010227296438570788,2.2688198486963906,0.2363097444176674,0.0007680582090567137,0.015873016168673832,0.42920367320510344,93.87278739991598
241,3856,70,2.6426990816987246,-2.6426990816987246,4.375,4.778125,-0.002684132196009159,5.602823416392009,0.13255506784965596,0.003787401533334863,0.0243055559694767,0.42920367320510344,94.28674060001504
242,3872,58,1.4681967859455345,-1.4681967859455345,3.625,7.032589285714286,-0.011036659999022591,1.861376941204071,0.215239517390728,0.0009314778071711771,0.01149425283074379,0.42920367320510344,94.62612299993634
243,3888,64,1.5577986225480864,-1.5577986225480864,4,5.172916666666667,-0.006786761029313008,3.7879753907521567,0.1764283130566279,0.0012788993772119284,0.0078125,0.42920367320510344,95.0046443999745
244,3904,73,2.6827986225480864,-2.6827986225480864,4.5625,5.0125,-0.11324143859868248,2.7369976242383323,0.1918321717530489,0.005823263901447717,0.03414351865649223,0.42920367320510344,95.43833039992023
245,3920,62,2.986725688725957,-2.986725688725957,3.875,5.033333333333333,-0.011108665431659523,7.391607840855916,0.25678786635398865,0.003323826149426168,0.02688171962896983,0.42920367320510344,95.79709609993733
246,3936,62,1.6736724746714915,-1.6736724746714915,3.875,5.572222222222222,-0.009700755203162714,2.3158953189849854,0.19991421202818552,0.0010610792833176674,0.016129031777381897,0.42920367320510344,96.16432260000147
247,3952,72,2.6150440310417067,-2.6150440310417067,4.5,4.636904761904762,-0.07318204540448885,3.1177098055680594,0.1981026822080215,0.004017469773922737,0.049479166666666664,0.42920367320510344,96.58916809991933
248,3968,64,2.4236724746714913,-2.4236724746714913,4,5.090625,-0.011535185854882002,4.862693150838216,0.17284851521253586,0.003516128558355073,0.018229166666666668,0.42920367320510344,96.95827089995146
249,3984,58,2.049225688725957,-2.049225688725957,3.625,6.186458333333333,-0.012615060109923451,3.2193612257639566,0.2689438611268997,0.001135239057475701,0.02011494307468335,0.42920367320510344,97.31779889995232
250,4000,71,2.0077431127404313,-2.0077431127404313,4.4375,5.213541666666667,0.011827131267637014,2.8221053977807364,0.22696788484851518,0.004401712748252369,0.0485491082072258,0.42920367320510344,97.73443539999425
251,4016,59,2.316648163397449,-2.316648163397449,3.6875,4.796875,-0.008849800526036825,4.19797158241272,0.25204890469710034,0.0009787884143103536,0.01694915226350228,0.42920367320510344,98.07657879998442
252,4032,68,2.6338495408493623,-2.6338495408493623,4.25,4.6188988095238095,-0.07045873021706939,6.193810418248177,0.2714448376112462,0.002023749092283348,0.03515625,0.42920367320510344,98.4805191999767
253,4048,57,3.2939710972195777,-3.2939710972195777,3.5625,5.936458333333333,-0.006650098179445211,7.108948707580566,0.23728282501300177,0.0010879378260142403,0.017543859779834747,0.42920367320510344,98.82957559998613
254,4064,66,2.517145867644259,-2.517145867644259,4.125,4.878571428571428,0.26062692515552044,4.55984491109848,0.15029842106044575,0.001772200611109535,0.016927083333333332,0.42920367320510344,99.22072440001648
255,4080,60,1.6919247704246811,-1.6919247704246811,3.75,5.964136904761904,-0.01405343404039742,4.298159599304199,0.21618414421876272,0.004467013059183955,0.025000000682969887,0.42920367320510344,99.57517159997951
256,4096,57,1.6344027549038276,-1.6344027549038276,3.5625,6.019791666666666,-0.017590148258703753,3.652933359146118,0.25371399025122326,0.002405987926370775,0.02631578966975212,0.42920367320510344,99.91271369997412
257,4112,69,2.303927066177871,-2.303927066177871,4.3125,5.229464285714286,0.01042191901554664,4.440697073936462,0.3822855254014333,0.0071679575564000215,0.059114584078391395,0.42920367320510344,100.34681139991153
258,4128,62,1.5616701789183018,-1.5616701789183018,3.875,4.71875,-0.003983031876976166,2.3178642193476358,0.14511994272470474,0.0001693931953923311,0.0,0.42920367320510344,100.70529319997877
259,4144,70,1.6025995408493623,-1.6025995408493623,4.375,4.921875,0.07919654638196032,1.3084378788868587,0.22244645468890667,0.004299619433974537,0.046006945272286735,0.42920367320510344,101.11405650002416
260,4160,63,3.151825229575319,-3.151825229575319,3.9375,6.209672619047619,-0.010911268741384816,8.472357749938965,0.24060198913017908,0.0028413938901697597,0.029100530159970123,0.42920367320510344,101.47308449994307
261,4176,75,4.558075229575318,-4.558075229575318,4.6875,5.427380952380952,0.009559901741643747,12.546467026074728,0.3065301738679409,0.004177182168026168,0.04356060673793157,0.42920367320510344,101.90343549998943
262,4192,69,2.4330752295753193,-2.4330752295753193,4.3125,4.273958333333333,-0.07126579092194636,6.039276957511902,0.28087173216044903,0.00212917371148554,0.033593750248352684,0.42920367320510344,102.30367809999734
263,4208,58,2.2140486225480864,-2.2140486225480864,3.625,5.49375,-0.010542677443784973,3.982686916987101,0.21520576377709708,0.0012694964901432588,0.017241379866997402,0.42920367320510344,102.6570003000088
264,4224,73,1.762721097219578,-1.762721097219578,4.5625,4.55610119047619,0.10117758996784687,4.1831241101026535,0.29454027613004047,0.004407494301024902,0.03269675932824612,0.42920367320510344,103.084258900024
265,4240,76,3.8346238521234057,-3.8346238521234057,4.75,4.4578125,0.0231463136151433,9.993837147951126,0.2589098649720351,0.007641477313124294,0.05512152798473835,0.42920367320510344,103.52396229992155
266,4256,61,1.95907063806894,-1.95907063806894,3.8125,4.574255952380953,-0.0026101990698492727,2.8085857629776,0.18395950396855673,8.565203904709051e-05,0.0,0.42920367320510344,103.87813149997965
267,4272,62,1.4690266070272329,-1.4690266070272329,3.875,4.764583333333333,-0.013352747956511202,3.62185001373291,0.29893305401007336,0.0011964241851577146,0.016129031777381897,0.42920367320510344,104.25016229995526
268,4288,67,3.1111724746714913,-3.1111724746714913,4.1875,5.143601190476191,-0.18475224931413928,7.472185750802358,0.2895209342241287,0.007857077256858247,0.055121528605620064,0.42920367320510344,104.65040889999364
269,4304,70,1.981471097219578,-1.981471097219578,4.375,5.366666666666667,-0.08353532400603096,3.4136849840482077,0.22587201123436293,0.0029771004847134463,0.0321180559694767,0.42920367320510344,105.07243349996861
270,4320,56,1.2903761478765947,-1.2903761478765947,3.5,6.800744047619047,-0.008908711351631737,1.4283948143323262,0.1628936156630516,0.0007146365605876781,0.008928571827709675,0.42920367320510344,105.4023325999733
271,4336,69,2.2635509183012754,-2.2635509183012754,4.3125,5.516220238095238,-0.05339736972625057,4.5106922288735705,0.20138549152761698,0.003612333987682348,0.04244791716337204,0.42920367320510344,105.81878169998527
272,4352,63,1.8254977042468108,-1.8254977042468108,3.9375,4.525520833333333,-0.007693949863240679,5.086600621541341,0.23907202730576196,0.0006807997557795412,0.007936508394777775,0.42920367320510344,106.18039529991802
273,4368,64,2.958794031041707,-2.958794031041707,4,4.888541666666667,-0.006925879201541345,2.859378933906555,0.1687606324752172,0.0009020794047197948,0.013020833333333334,0.42920367320510344,106.54938819992822
274,4384,62,2.941094949342983,-2.941094949342983,3.875,6.599404761904762,-0.00941890369229507,8.606103579203287,0.19106749693552652,0.003446402401702168,0.01881720374027888,0.42920367320510344,106.90892620000523
275,4400,57,1.3794247704246811,-1.3794247704246811,3.5625,6.186458333333333,-0.013977677672311728,4.6437913576761884,0.18396645039319992,0.0012253230109611952,0.01461988314986229,0.42920367320510344,107.23722959996667
276,4416,59,2.07549770424681,-2.07549770424681,3.6875,5.751041666666667,-0.008594657360881275,4.408945083618164,0.13304920742909113,0.0006802080649019141,0.008474576286971569,0.42920367320510344,107.57957850000821
277,4432,79,3.5793692606170255,-3.5793692606170255,4.9375,4.194270833333333,-0.04102669049461838,3.471603492895762,0.20622992205123106,0.004103251854394567,0.047309028605620064,0.42920367320510344,108.0441792999627
278,4448,66,2.7491701789183023,-2.7491701789183023,4.125,4.504166666666666,-0.05630992244308194,3.332092593113581,0.14888387406244874,0.0005619394360110164,0.00390625,0.42920367320510344,108.44940949999727
279,4464,63,2.482024311274044,-2.482024311274044,3.9375,5.215922619047619,-0.007202848025213242,12.345244407653809,0.15916628390550613,0.0009337369920103811,0.010582011193037033,0.42920367320510344,108.81246179994196
280,4480,64,1.865873852123405,-1.865873852123405,4,5.010416666666667,-0.011686444282531738,3.29957644144694,0.28608324627081555,0.0008346877681712309,0.013020833333333334,0.42920367320510344,109.19507769995835
281,4496,62,2.8260509183012763,-2.8260509183012763,3.875,5.726041666666666,-0.011495680905007374,5.339651107788086,0.1960112750530243,0.0020868112272485937,0.01881720374027888,0.42920367320510344,109.5595618999796
282,4512,61,2.678927066177871,-2.678927066177871,3.8125,5.152604166666666,-0.016802703496068716,4.006260951360066,0.19179651141166687,0.0034591534010057026,0.030054644371072452,0.42920367320510344,109.91166520002298
283,4528,64,1.870022015520854,-1.870022015520854,4,6.63125,-0.004064740302662055,2.958611170450846,0.153892753024896,0.00023888128149944046,0.0026041666666666665,0.42920367320510344,110.28590139991138
284,4544,48,0.7452986225480862,-0.7452986225480862,3,6.553125,-0.003058298161098113,4.321068684260051,0.09229384114344914,0.00029068068071561964,0.006944444651405017,0.42920367320510344,110.5865217000246
285,4560,66,2.7535949493429825,-2.7535949493429825,4.125,5.707589285714286,0.04866158093015353,3.609399457772573,0.1380115722734748,0.002621549414470792,0.018229166666666668,0.42920367320510344,110.9795393999666
286,4576,62,1.1601215563702159,-1.1601215563702159,3.875,4.926041666666666,0.0001090777843020992,2.6934500535329184,0.13466891398032507,2.4266981426990242e-05,0.0,0.42920367320510344,111.35360829997808
287,4592,66,3.3293692606170264,-3.3293692606170264,4.125,5.01875,-0.0032405046125253043,6.527218659718831,0.2083066226526474,0.0013933965722875048,0.014322916666666666,0.42920367320510344,111.75015819992404
288,4608,71,2.990597245096172,-2.990597245096172,4.4375,4.880208333333333,-0.006294923989723126,5.3536213636398315,0.28817462734878063,0.0014707005309446686,0.0184151791036129,0.42920367320510344,112.17609149997588
289,4624,65,1.8747233929727676,-1.8747233929727676,4.0625,5.25,0.14174890130137405,1.679228165044454,0.20152324565575933,0.003690817664998273,0.10286458333333333,0.42920367320510344,112.57493240002077
290,4640,60,1.7715706380689398,-1.7715706380689398,3.75,5.034151785714286,-0.010007059967352275,4.101408084233602,0.1922584374745687,0.0006936273496952102,0.008333333767950535,0.42920367320510344,112.92440129991155
291,4656,72,3.900442194439155,-3.900442194439155,4.5,4.675892857142857,-0.014628393265108267,20.064568599065144,0.2057127896696329,0.0015977484096462529,0.018229166666666668,0.42920367320510344,113.34373800002504
292,4672,67,3.025718801466388,-3.025718801466388,4.1875,5.633630952380953,0.16972324873010317,5.2283998255928354,0.24109219200909138,0.010502409598094195,0.0486111119389534,0.42920367320510344,113.73962160001975
293,4688,73,4.021570638068939,-4.021570638068939,4.5625,5.09516369047619,-0.12416465704639752,7.865124533573787,0.15437366782377163,0.001355601841112275,0.013020833333333334,0.42920367320510344,114.16729799995665
294,4704,58,1.3791481633974485,-1.3791481633974485,3.625,4.86875,-0.019976104449095367,8.017757097880045,0.265705868601799,0.00567813605205932,0.020114942453801632,0.42920367320510344,114.50103829998989
295,4720,60,2.071902754903828,-2.071902754903828,3.75,4.7125,-0.010911359754390984,6.71598203976949,0.3468409876028697,0.0032208425327553414,0.02222222276031971,0.42920367320510344,114.8480261999648
296,4736,65,3.0857302802323363,-3.0857302802323363,4.0625,5.265625,0.31521426994974416,19.950764920872945,0.25185253222783405,0.07123559286507468,0.12109375,0.42920367320510344,115.23553079995327
297,4752,61,2.4283738521234053,-2.4283738521234053,3.8125,5.017708333333333,-0.013202391431890762,6.154777367909749,0.22253692150115967,0.0022237708065707316,0.02185792351762454,0.42920367320510344,115.58857459994033
298,4768,66,1.7629977042468106,-1.7629977042468106,4.125,4.98125,0.39719274919480085,5.591746464371681,0.15466386928430134,0.0020387584809213877,0.053385416666666664,0.42920367320510344,115.97675629996229
299,4784,62,2.5707963267948966,-2.5707963267948966,3.875,5.127604166666667,-0.009283335990853292,17.961059888203938,0.20760326087474823,0.001093721855795593,0.016129031777381897,0.42920367320510344,116.34216959995683
300,4800,69,2.7323009183012763,-2.7323009183012763,4.3125,4.684375,-0.03638111722345153,3.866384873787562,0.17259594549735388,0.00635648634389933,0.07994791741172473,0.42920367320510344,116.74636919994373
301,4816,65,2.4905972450961724,-2.4905972450961724,4.0625,7.041145833333333,0.18716493559380373,5.5089486837387085,0.3131988778196065,0.0015504622521499793,0.018229166666666668,0.42920367320510344,117.14895790000446
302,4832,78,2.9153761478765956,-2.9153761478765956,4.875,4.411458333333333,0.053211451042443514,5.251889328161876,0.24671103432774544,0.005447304912953162,0.050781251241763435,0.42920367320510344,117.58845029992517
303,4848,66,2.4504977042468106,-2.4504977042468106,4.125,5.406547619047619,-0.03248283709399402,5.619542787472407,0.1539535322614635,0.002158126560971141,0.013020833333333334,0.42920367320510344,117.97323250002228
304,4864,70,2.9375,-2.9375,4.375,5.347991071428572,-0.10093672527000308,3.0504060983657837,0.17579746734797178,0.0014721128912545585,0.029513889302810032,0.42920367320510344,118.38260020001326
305,4880,69,2.3661504591506386,-2.3661504591506386,4.3125,5.178571428571429,0.04268105165101588,3.908339023590088,0.2673720878859361,0.012701454244468854,0.07083333407839139,0.42920367320510344,118.79690489999484
306,4896,64,2.4236724746714913,-2.4236724746714913,4,4.836458333333333,-0.006116380449384451,3.0291199684143066,0.19975766042868295,0.0006045334545585016,0.005208333333333333,0.42920367320510344,119.16655600001104
307,4912,63,2.0486724746714913,-2.0486724746714913,3.9375,5.661458333333333,-0.00891769391659484,2.663721958796183,0.1408788114786148,0.0006473268488965308,0.010582011193037033,0.42920367320510344,119.5380708000157
308,4928,75,2.780973392972768,-2.780973392972768,4.6875,4.774479166666667,-0.07579881434018414,4.973065574963887,0.22452385102709135,0.003370362423027018,0.03468276560306549,0.42920367320510344,119.96806659991853
309,4944,62,2.191094949342983,-2.191094949342983,3.875,4.547470238095238,-0.009735676849270902,6.740754127502441,0.19635041058063507,0.0005963655861099445,0.008064515888690948,0.42920367320510344,120.33694389997981
310,4960,66,1.9018252295753189,-1.9018252295753189,4.125,5.515625,0.0014122109084079664,2.2898634240652123,0.17056770646439232,0.0007055908063193783,0.0078125,0.42920367320510344,120.72936869994737
311,4976,68,4.267145867644259,-4.267145867644259,4.25,5.5171875,-0.021142740733921528,29.043202181657154,0.2705130139365792,0.06817951786797494,0.037760416666666664,0.42920367320510344,121.13636889995541
312,4992,65,2.446626147876595,-2.446626147876595,4.0625,5.45,0.07126585890849431,3.1533973491750658,0.24774248480639774,0.007253186622013648,0.10026041666666667,0.42920367320510344,121.53817890002392
313,5008,63,2.481471097219578,-2.481471097219578,3.9375,5.085416666666666,-0.023848108405237767,6.395119349161784,0.2697197546561559,0.003662981944216881,0.029100530159970123,0.42920367320510344,121.90443160000723
314,5024,59,2.985342653589793,-2.985342653589793,3.6875,5.288541666666666,-0.0057436526627385005,21.27939510345459,0.24986599137385687,0.0023638389648112934,0.02542372855047385,0.42920367320510344,122.2518878999399
315,5040,68,2.784844949342983,-2.784844949342983,4.25,5.208333333333333,-0.009041207687308392,7.019383291403453,0.24046545227368674,0.004602903315875058,0.05078125,0.42920367320510344,122.65998300001957
316,5056,63,2.2582963267948974,-2.2582963267948974,3.9375,5.446875,-0.0010777011667467324,6.781674702962239,0.157955102622509,3.867013932297899e-05,0.0,0.42920367320510344,123.02819310000632
317,5072,63,1.1739490816987246,-1.1739490816987246,3.9375,5.85625,-0.010680948984045221,3.500065485636393,0.29718796412150067,0.0015254477487663582,0.01587301678955555,0.42920367320510344,123.40721919992939
318,5088,56,1.4596238521234057,-1.4596238521234057,3.5,6.130208333333333,-0.010664400456118273,1.943010687828064,0.1529273415605227,0.0007343915546395389,0.01488095304618279,0.42920367320510344,123.73961639998015
319,5104,62,2.245298622548087,-2.245298622548087,3.875,5.789583333333334,-0.010348574411104039,6.808518568674724,0.18189791341622671,0.0017381523127066127,0.02150537570317586,0.42920367320510344,124.11569909995887
320,5120,60,2.588495408493621,-2.588495408493621,3.75,5.780208333333333,-0.007918794517819183,7.725477377573649,0.21216903378566107,0.0017321872170820523,0.011111111690600714,0.42920367320510344,124.47878299991135
321,5136,65,2.990044031041707,-2.990044031041707,4.0625,4.677083333333333,0.4116080617532134,7.207028275666137,0.08606989901699803,0.0004087625566171482,0.0026041666666666665,0.42920367320510344,124.86665189999621
322,5152,71,2.740597245096173,-2.740597245096173,4.4375,4.715625,-0.0310070247699817,11.342575192451477,0.1558925329397122,0.003298057325186695,0.031436012436946235,0.42920367320510344,125.28158309997525
323,5168,66,1.402101836602552,-1.402101836602552,4.125,4.757291666666666,-0.17681151628494263,3.1326444248358407,0.21616187194983164,0.00021627916430588812,0.0013020833333333333,0.42920367320510344,125.6719226000132
324,5184,57,2.0445243112740434,-2.0445243112740434,3.5625,5.845833333333333,-0.005370193875560887,2.6577788988749185,0.14578773329655328,0.0008824985352475778,0.011695906519889832,0.42920367320510344,125.99873240001034
325,5200,58,2.396294031041707,-2.396294031041707,3.625,5.614880952380952,-0.005894252515248037,4.877219279607137,0.16199475526809692,0.0011189733013452496,0.008620689623057842,0.42920367320510344,126.32954710000195
326,5216,60,1.9596238521234053,-1.9596238521234053,3.75,5.425,-0.0026268239210670194,3.1859830220540366,0.15552462140719095,0.00010067832196606712,0.0,0.42920367320510344,126.67258120002225
327,5232,64,1.9148229338221294,-1.9148229338221294,4,4.79375,-0.00952778197824955,5.287137985229492,0.19704155375560126,0.002605685847811401,0.010416666666666666,0.42920367320510344,127.0491576999193
328,5248,68,2.619745408493621,-2.619745408493621,4.25,5.52797619047619,0.08040068143357833,4.448499759038289,0.17050061776535586,0.011989193366995702,0.05859375,0.42920367320510344,127.4516103999922
329,5264,66,2.3655972450961724,-2.3655972450961724,4.125,4.875297619047619,-0.11202363421519597,2.847486224335929,0.23092737048864365,0.0013706181101345767,0.009114583333333334,0.42920367320510344,127.83330900000874
330,5280,61,1.1202986225480862,-1.1202986225480862,3.8125,4.985416666666667,-0.008797962631383882,2.8706101179122925,0.17892682552337646,0.0006879673655930674,0.013661202043294907,0.42920367320510344,128.18765969993547
331,5296,71,2.7712940310417076,-2.7712940310417076,4.4375,5.438690476190477,-0.028954674179355305,5.568706413110097,0.1572792331377665,0.0029545099691858923,0.045944941540559135,0.42920367320510344,128.60682480002288
332,5312,62,2.272677066177871,-2.272677066177871,3.875,4.838541666666667,-0.002379473778844954,1.7995797793070476,0.1412361984451612,0.0002190336072089849,0.0026881719628969827,0.42920367320510344,128.96043540001847
333,5328,74,1.6692477042468112,-1.6692477042468112,4.625,4.493303571428571,-0.012738680001348257,1.7047695716222127,0.1755931656807661,0.005047774528785946,0.054687500620881714,0.42920367320510344,129.39181870000903
334,5344,57,0.9106747704246816,-0.9106747704246816,3.5625,5.36875,-0.007634460475712442,1.9095542629559834,0.1407407447695732,0.0003182556847605156,0.002923976629972458,0.42920367320510344,129.72638799995184
335,5360,65,2.535121556370216,-2.535121556370216,4.0625,4.425297619047619,0.0996933343509833,6.477280396046505,0.06380648913826281,0.003111786073228965,0.014322916666666666,0.42920367320510344,130.10463429999072
336,5376,80,3.3036504591506386,-3.3036504591506386,5,4.227083333333333,-0.041790291822204985,3.5097215374310813,0.23960994680722555,0.004827315802685916,0.044270833333333336,0.42920367320510344,130.57136459997855
337,5392,62,1.9327986225480862,-1.9327986225480862,3.875,5.246130952380953,-0.011639318213627922,7.194703102111816,0.1836270565787951,0.015155992975148061,0.013440859814484915,0.42920367320510344,130.93956740002614
338,5408,59,2.82107293382213,-2.82107293382213,3.6875,4.920535714285714,-0.015651972080438743,6.714680751164754,0.21246644109487534,0.005272910930216312,0.014124293811619282,0.42920367320510344,131.27290159999393
339,5424,63,1.1158738521234053,-1.1158738521234053,3.9375,3.995833333333333,-0.006573014435600062,4.131785710652669,0.17682581146558127,0.0011007843204424717,0.010582011193037033,0.42920367320510344,131.62423199997284
340,5440,60,1.3929756887259568,-1.3929756887259568,3.75,6.088095238095238,-0.005993494817003953,4.0232629378636675,0.2064970855911573,0.000596460780191895,0.008333333767950535,0.42920367320510344,131.9700819000136
341,5456,63,1.7900995408493623,-1.7900995408493623,3.9375,4.75625,-0.009862280459384642,2.356969674428304,0.15202573438485464,0.0033767303029890172,0.026455027361710865,0.42920367320510344,132.33946409996133
342,5472,71,2.964048622548086,-2.964048622548086,4.4375,5.088541666666667,0.05334637686610222,5.455482671658198,0.1652991253261765,0.008915672318402438,0.0619419664144516,0.42920367320510344,132.7588587999344
343,5488,68,2.428097245096173,-2.428097245096173,4.25,5.065922619047619,-0.05364863590026895,2.844308885435263,0.1903407434389616,0.0016141779778990895,0.016927083333333332,0.42920367320510344,133.16697179991752
344,5504,59,1.4245022957531899,-1.4245022957531899,3.6875,5.0125,-0.013225812276188501,1.627350429693858,0.17282291253407797,0.0014850030147499638,0.022598869477709133,0.42920367320510344,133.5155307999812
345,5520,60,1.9054201789183018,-1.9054201789183018,3.75,5.507886904761905,-0.005232293021658248,2.8794482946395874,0.1331839064757029,0.00023857500188266081,0.0027777779226501784,0.42920367320510344,133.8708776999265
346,5536,65,2.7226215563702154,-2.7226215563702154,4.0625,4.809375,-0.09750422183424234,5.175026734670003,0.2335344352856994,0.0020875604483687007,0.01953125,0.42920367320510344,134.2550960999215
347,5552,61,2.204645867644259,-2.204645867644259,3.8125,5.164732142857143,-0.0055562013847998415,7.060737530390422,0.18229571481545767,0.0004760694497842148,0.005464480568965276,0.42920367320510344,134.6099534999812
348,5568,46,1.1645463267948968,-1.1645463267948968,2.875,6.723958333333333,-0.0021536773698323706,1.1971828937530518,0.11997806901733081,0.0003787329972813798,0.0036231884732842445,0.42920367320510344,134.8957707999507
349,5584,60,1.026548622548086,-1.026548622548086,3.75,5.266666666666667,-0.009371431547010145,3.881349047025045,0.2184030165274938,0.0012804373236576794,0.016666667225460213,0.42920367320510344,135.24685729993507
350,5600,60,1.9280972450961724,-1.9280972450961724,3.75,5.200744047619048,-0.009785444297206883,1.8118245402971904,0.14066077520449957,0.001471048475044275,0.01666666753590107,0.42920367320510344,135.60085479996633
351,5616,65,2.219026607027233,-2.219026607027233,4.0625,5.872916666666667,-0.06521896955867608,2.3333973959476375,0.31762527330361817,0.0024947337806224823,0.0234375,0.42920367320510344,135.99566729995422
352,5632,68,1.853152754903828,-1.853152754903828,4.25,4.990327380952381,-0.01943513882967333,2.0558877338965735,0.2821754651765029,0.004581160125477861,0.05859375,0.42920367320510344,136.41035559994634
353,5648,55,1.9911504591506377,-1.9911504591506377,3.4375,6.05,-0.013792685381927091,4.753488302230835,0.25551512092351913,0.001239790889788613,0.015151514671742916,0.42920367320510344,136.73911239998415
354,5664,61,1.5622233929727671,-1.5622233929727671,3.8125,4.735714285714286,-0.01690392388295514,2.190319776535034,0.21832966059446335,0.0023893993517655567,0.03278688403467337,0.42920367320510344,137.09603140002582
355,5680,61,3.093473392972767,-3.093473392972767,3.8125,7.342113095238095,-0.009017103800773954,10.272761503855387,0.13059460620085397,0.002954194455620988,0.027322403465708096,0.42920367320510344,137.46289439999964
356,5696,75,2.2895463267948966,-2.2895463267948966,4.6875,5.367485119047619,-0.04917657872041067,6.201351185639699,0.19350639544427395,0.0009047784694663127,0.014086174468199411,0.42920367320510344,137.9107912000036
357,5712,71,2.857300918301276,-2.857300918301276,4.4375,5.127380952380952,-0.09152350310857098,2.7613003253936768,0.21639936789870262,0.00435767871593858,0.039434524873892464,0.42920367320510344,138.3303652999457
358,5728,69,1.8835729338221294,-1.8835729338221294,4.3125,4.2074404761904765,-0.16906850365921855,1.8329140891631444,0.15169199049220575,0.00044500619460544993,0.0026041666666666665,0.42920367320510344,138.72769560001325
359,5744,53,1.1164270661778715,-1.1164270661778715,3.3125,5.305208333333334,-0.014142552829997731,1.9390423496564229,0.11874087527394295,0.0054775966370167834,0.03144654134909312,0.42920367320510344,139.04533699993044
360,5760,76,2.05807522957532,-2.05807522957532,4.75,5.000446428571428,0.028470934989551704,1.6740166892608006,0.17050175865491232,0.002690996779165289,0.023003472636143368,0.42920367320510344,139.48968549992424
361,5776,62,2.15956834231575,-2.15956834231575,3.875,5.488541666666666,-0.005901391205493193,5.406785885492961,0.11750440423687299,0.0003206718735479323,0.0026881719628969827,0.42920367320510344,139.8511656000046
362,5792,59,1.7851215563702163,-1.7851215563702163,3.6875,5.982291666666667,-0.015161324527882769,2.7426652113596597,0.17859348158041635,0.0023289688191046785,0.028248587623238564,0.42920367320510344,140.20733769994695
363,5808,66,1.6603981633974483,-1.6603981633974483,4.125,5.029166666666667,-0.09248301937865715,1.6926353524128597,0.17984125410051396,0.00035628449404612184,0.00390625,0.42920367320510344,140.6017091999529
364,5824,61,1.70907063806894,-1.70907063806894,3.8125,4.945833333333334,-0.009998533541407895,2.38615874449412,0.19293280939261118,0.0014806215240241727,0.016393441706895828,0.42920367320510344,140.9641922999872
365,5840,64,1.5044247704246816,-1.5044247704246816,4,4.596577380952381,-0.011930285952985287,1.7364688515663147,0.17062360048294067,0.001607368855426709,0.020833333333333332,0.42920367320510344,141.3273241999559
366,5856,68,3.1465706380689413,-3.1465706380689413,4.25,4.790550595238095,0.029239409913619358,6.024760206540425,0.24806445837020874,0.007544256969898318,0.040364583333333336,0.42920367320510344,141.720622099936
367,5872,58,2.77157063806894,-2.77157063806894,3.625,5.182589285714286,-0.011478059922462869,6.461382230122884,0.1841398924589157,0.005054184948676266,0.01724137955655654,0.42920367320510344,142.06592929991893
368,5888,71,3.248340357836603,-3.248340357836603,4.4375,4.955282738095238,-0.09872452604273955,8.255199357867241,0.21735032461583614,0.0038246241885649588,0.035528274873892464,0.42920367320510344,142.48883889999706
369,5904,56,1.588772015520854,-1.588772015520854,3.5,6.264583333333333,-0.007534713403964943,3.4969968795776367,0.162836787601312,0.0003095931546492163,0.0,0.42920367320510344,142.82326450000983
370,5920,62,1.254148163397449,-1.254148163397449,3.875,5.389583333333333,-0.002047270843733647,3.3470771312713623,0.17352779706319174,0.00022681598693452543,0.0026881719628969827,0.42920367320510344,143.1894723000005
371,5936,60,1.9775995408493623,-1.9775995408493623,3.75,5.3875,-0.006240953634389553,3.088330308596293,0.13401032984256744,0.00316213845750705,0.01666666753590107,0.42920367320510344,143.53418870002497
372,5952,67,2.905420178918302,-2.905420178918302,4.1875,4.384895833333333,-0.08082721033133566,6.16782808303833,0.167004278783376,0.0031103147125072597,0.038194445272286735,0.42920367320510344,143.92331859993283
373,5968,67,3.1598449493429834,-3.1598449493429834,4.1875,5.205208333333333,0.11558474553748965,6.152503559986751,0.282539672528704,0.005194996218653121,0.038194445272286735,0.42920367320510344,144.35312310000882
374,5984,59,1.6294247704246818,-1.6294247704246818,3.6875,5.114434523809524,-0.007007132114981829,2.382389863332113,0.1570426051815351,0.0004794735147394628,0.008474576286971569,0.42920367320510344,144.69879749999382
375,6000,66,2.2140486225480864,-2.2140486225480864,4.125,5.628125,-0.1397870514386644,2.9546096697449684,0.1424820648940924,0.0022131099443261824,0.013020833333333334,0.42920367320510344,145.10467019991484
376,6016,58,2.25,-2.25,3.625,5.098214285714286,-0.005453881949464649,4.639684120814006,0.14363204687833786,0.001153461804278777,0.01149425283074379,0.42920367320510344,145.44541379995644
377,6032,60,1.5669247704246811,-1.5669247704246811,3.75,4.886458333333334,-0.005090296312442326,3.7899533907572427,0.1660784607132276,0.0008707200122444192,0.01388888961325089,0.42920367320510344,145.78554039995652
378,6048,53,1.0533738521234053,-1.0533738521234053,3.3125,7.126041666666667,-0.007176456632130623,4.152517398198445,0.1890579784909884,0.0007442578271366074,0.006289308269818624,0.42920367320510344,146.1008509999374
379,6064,64,2.1689710972195777,-2.1689710972195777,4,5.566666666666666,-0.004416088884075482,7.264342308044434,0.14613224565982819,0.0004631166423981388,0.0078125,0.42920367320510344,146.46587419998832
380,6080,60,1.7317477042468103,-1.7317477042468103,3.75,6.034375,-0.010132799442443682,3.6189794540405273,0.14758515357971191,0.0027414954626389467,0.022222223070760567,0.42920367320510344,146.8213408999145
381,6096,60,2.820519719767664,-2.820519719767664,3.75,5.541666666666667,-0.015545882294989136,5.745581388473511,0.14127871145804724,0.008454923498599479,0.0416666679084301,0.42920367320510344,147.17338379996363
382,6112,66,2.2679756887259575,-2.2679756887259575,4.125,5.604166666666667,-0.08830575769146283,4.364741533994675,0.10103558166883886,0.001631016120275793,0.009114583333333334,0.42920367320510344,147.5709549000021
383,6128,67,3.9184178831651124,-3.9184178831651124,4.1875,5.957514880952381,-0.1563219262752682,5.83454785309732,0.17697268103559813,0.010388823401475141,0.024739583333333332,0.42920367320510344,147.9720419999212
384,6144,63,2.6377210972195773,-2.6377210972195773,3.9375,5.534375,-0.0034643682208043516,3.310980478922526,0.1127540556093057,4.6249420620370074e-05,0.0,0.42920367320510344,148.34914479998406
385,6160,65,2.5171458676442593,-2.5171458676442593,4.0625,5.167708333333334,0.10496249309896181,5.451718384555231,0.13192561444603648,0.0012605278752744198,0.010416666666666666,0.42920367320510344,148.75023339991458
386,6176,53,1.2629977042468106,-1.2629977042468106,3.3125,5.322916666666667,-0.007008052089488774,2.720658540725708,0.10157580052812894,0.0014225547238311265,0.01572327067454656,0.42920367320510344,149.0726735999342
387,6192,60,1.1252766070272329,-1.1252766070272329,3.75,5.751041666666667,-0.008769943994573351,2.3355019887288413,0.14279372990131378,0.001289341140363831,0.01666666753590107,0.42920367320510344,149.42876789998263
388,6208,61,1.9997233929727676,-1.9997233929727676,3.8125,5.352678571428571,-0.013057980226490074,4.010388294855754,0.20023160676161447,0.001225341291501536,0.02185792289674282,0.42920367320510344,149.7850503999507
389,6224,69,2.892699081698724,-2.892699081698724,4.3125,4.505902777777778,-0.027939102457215387,4.471441989143689,0.1976798822482427,0.003633678495566469,0.018229166666666668,0.42920367320510344,150.19091220002156
390,6240,67,2.357300918301277,-2.357300918301277,4.1875,5.06875,0.012215630306551853,2.439220224817594,0.15382940454098085,0.008106369887362538,0.08029514054457347,0.42920367320510344,150.59354719996918
391,6256,63,1.932522015520854,-1.932522015520854,3.9375,5.8255952380952385,-0.00965229908272954,2.263764421145121,0.15295657018820444,0.0006682271011110666,0.010582011193037033,0.42920367320510344,150.96592769993003
392,6272,70,1.8075220155208536,-1.8075220155208536,4.375,5.063988095238095,-0.13070287415757775,2.5664930691321692,0.16676213153793165,0.0037180743760387713,0.014322916666666666,0.42920367320510344,151.37949830002617
393,6288,63,2.2140486225480864,-2.2140486225480864,3.9375,5.699553571428572,-0.011001232643143677,3.604164997736613,0.14624867339928946,0.0013981338239924905,0.02116402176519235,0.42920367320510344,151.74757260002661
394,6304,62,2.7762720155208536,-2.7762720155208536,3.875,5.504166666666666,-0.012972771233918934,4.83985161781311,0.2279037485520045,0.002524723790581144,0.01881720374027888,0.42920367320510344,152.11843759997282
395,6320,65,2.10674770424681,-2.10674770424681,4.0625,5.870833333333334,-0.09855503588914871,6.892860035101573,0.20104935900060883,0.008819789858534932,0.03125,0.42920367320510344,152.51635369996075
396,6336,68,2.709347245096173,-2.709347245096173,4.25,4.752604166666667,-0.16830836275282005,2.9834838459889093,0.14594113770484304,0.003856023851161202,0.03125,0.42920367320510344,152.9067187999608
397,6352,68,2.6330197197676637,-2.6330197197676637,4.25,5.348214285714286,-0.12267341992507379,4.322357013821602,0.1488721389323473,0.003630786823729674,0.033854166666666664,0.42920367320510344,153.30419609998353
398,6368,49,1.2676990816987241,-1.2676990816987241,3.0625,5.619791666666667,-0.008491238682106328,4.33521842956543,0.09561415016651154,0.001908045366690203,0.010204081423580647,0.42920367320510344,153.59677990002092
399,6384,60,2.0033183423157497,-2.0033183423157497,3.75,5.411160714285714,-0.013298893466384909,1.7871453563372295,0.13861439128716788,0.0017140374742060278,0.02222222276031971,0.42920367320510344,153.94918579992373
400,6400,67,2.263274311274043,-2.263274311274043,4.1875,5.26875,-0.09426393313333392,3.0297377010186515,0.17937592546028705,0.002916199232256759,0.0407986119389534,0.42920367320510344,154.35155299992766
401,6416,61,1.4549224746714917,-1.4549224746714917,3.8125,4.634375,-0.006915951091058285,1.9735945463180542,0.10450294986367226,0.0018630969255658176,0.010928961137930552,0.42920367320510344,154.71397939999588
402,6432,68,1.9466261478765954,-1.9466261478765954,4.25,4.616071428571429,-0.1199801079928875,4.926817089319229,0.08606660635753845,0.0003600873557540278,0.00390625,0.42920367320510344,155.11268159991596
403,6448,57,1.361725688725957,-1.361725688725957,3.5625,6.223958333333333,-0.0060423294144236195,1.8624747792879741,0.08991478383541107,0.0011327975335007068,0.01461988314986229,0.42920367320510344,155.45172339992132
404,6464,64,2.3163715563702154,-2.3163715563702154,4,5.4,-0.008524826727807522,4.56990122795105,0.11586153879761696,0.002114828753595551,0.010416666666666666,0.42920367320510344,155.81543919991236
405,6480,63,2.2851215563702154,-2.2851215563702154,3.9375,5.520833333333333,-0.007553744557308839,2.2123180627822876,0.1220192238688469,0.0017763025195260222,0.01587301678955555,0.42920367320510344,156.18480219994672
406,6496,64,1.8346238521234053,-1.8346238521234053,4,5.10610119047619,-0.005140219659854968,2.9113406340281167,0.15667504320542017,0.0002189046936109662,0.0,0.42920367320510344,156.55144710000604
407,6512,70,2.2983958676442584,-2.2983958676442584,4.375,4.8568452380952385,0.0014292939255634944,1.8926189442475636,0.10628727450966835,0.015004074498192447,0.0407986119389534,0.42920367320510344,156.96809729991946
408,6528,62,2.4012720155208536,-2.4012720155208536,3.875,5.436458333333333,-0.007620320145932021,5.796674966812134,0.13493971278270087,0.0007035638976352251,0.01075268785158793,0.42920367320510344,157.3287634999724
409,6544,62,1.950497704246811,-1.950497704246811,3.875,5.167261904761904,-0.008528029118033706,2.850633184115092,0.13816252847512564,0.0029089909221511334,0.01881720374027888,0.42920367320510344,157.68071169999894
410,6560,74,3.589048622548086,-3.589048622548086,4.625,4.62172619047619,-0.00060836939762036,13.73071930805842,0.1995277547587951,0.01056962743253583,0.03489583358168602,0.42920367320510344,158.10211879992858
411,6576,55,1.2582963267948972,-1.2582963267948972,3.4375,5.4834821428571425,-0.001773107970163501,2.8870041370391846,0.08750939493378003,0.00034479950742631144,0.0060606058686971664,0.42920367320510344,158.43128090002574
412,6592,64,2.022400459150638,-2.022400459150638,4,4.214583333333334,-0.010295802416900793,3.5512980222702026,0.14795205742120743,0.004954787747313579,0.013020833333333334,0.42920367320510344,158.80023139994591
413,6608,73,2.795354132355741,-2.795354132355741,4.5625,5.3099702380952385,-0.0955355844149987,5.314718047777812,0.2086917326475183,0.008355793055064472,0.06684027798473835,0.42920367320510344,159.2341537999455
414,6624,68,3.0129977042468106,-3.0129977042468106,4.25,6.386755952380953,0.06753168844928344,9.298174609740576,0.09231748734600842,0.009197959288333854,0.032552083333333336,0.42920367320510344,159.64387519995216
415,6640,72,2.875,-2.875,4.5,4.9896577380952385,-0.05461943312548101,2.761239359776179,0.13926252530654892,0.002129171664516131,0.026041666666666668,0.42920367320510344,160.07444679993205
416,6656,66,3.0085729338221294,-3.0085729338221294,4.125,5.3430059523809526,-0.061940609089409314,4.1291984270016355,0.14522198885735552,0.00013494875747710466,0.0013020833333333333,0.42920367320510344,160.4881435999414
417,6672,69,1.4599004591506382,-1.4599004591506382,4.3125,4.301041666666666,-0.13013379042968154,3.0030725995699563,0.11746923436779373,0.0024612917938990897,0.029687500248352688,0.42920367320510344,160.89732889994048
418,6688,65,1.499170178918302,-1.499170178918302,4.0625,6.145238095238096,-0.09425162811142702,2.032350976175318,0.16323541168345662,0.0019683064116785922,0.010416666666666666,0.42920367320510344,161.2921296999557
419,6704,69,1.8525995408493627,-1.8525995408493627,4.3125,4.4436011904761905,-0.1642783829011023,1.5353696296612422,0.22564123881359896,0.0021433974955786064,0.022135416666666668,0.42920367320510344,161.69937619997654
420,6720,57,1.7806967859455352,-1.7806967859455352,3.5625,6.025,-0.008203476894107572,2.1866349379221597,0.23110859592755637,0.0009715290293570433,0.011695906519889832,0.42920367320510344,162.04623139998876
421,6736,68,3.2051990816987246,-3.2051990816987246,4.25,4.801488095238096,0.14672174972171584,3.983153998851776,0.3329606207116325,0.0030782885539035,0.03515625,0.42920367320510344,162.4380652999971
422,6752,69,3.1167036732051034,-3.1167036732051034,4.3125,5.522395833333333,-0.014554063944766918,3.8844414949417114,0.308765029689918,0.0023573706159368177,0.03098958358168602,0.42920367320510344,162.84337080002297
423,6768,68,3.2718472450961724,-3.2718472450961724,4.25,5.229166666666667,0.03693697756777207,5.541550348202388,0.2794199374814828,0.0017627005678756784,0.041666666666666664,0.42920367320510344,163.25328770000488
424,6784,67,3.2450220155208536,-3.2450220155208536,4.1875,6.2681547619047615,-0.028188024802754324,4.944426837687691,0.33233963946501416,0.002505213287046596,0.024739583333333332,0.42920367320510344,163.65636519994587
425,6800,72,2.384126147876595,-2.384126147876595,4.5,4.681845238095238,-0.09642733431731661,4.2333186864852905,0.17969583968321481,0.017128470227665577,0.06901041666666667,0.42920367320510344,164.08491590002086
426,6816,70,3.0171458676442597,-3.0171458676442597,4.375,4.526736111111111,0.10473804750169317,9.231923540433248,0.23690216926236948,0.004357407783345479,0.053385416666666664,0.42920367320510344,164.5090240999125
427,6832,61,1.6559733929727676,-1.6559733929727676,3.8125,5.6000000000000005,-0.006387601731869215,3.4903670152028403,0.2853307823340098,0.0007833626835539084,0.008196720853447914,0.42920367320510344,164.85915629996452
428,6848,56,1.638550918301276,-1.638550918301276,3.5,4.696875,-0.010078023908482411,3.9774688482284546,0.27848394215106964,0.0024819641900345837,0.01488095304618279,0.42920367320510344,165.18923229991924
429,6864,56,1.629701377451914,-1.629701377451914,3.5,5.291666666666667,-0.008201988491540154,1.669442097345988,0.15567604204018912,0.002363718131770535,0.029761905471483868,0.42920367320510344,165.51109239994548
430,6880,70,3.3655972450961724,-3.3655972450961724,4.375,5.039136904761905,-0.05904244429742297,14.73100874821345,0.24894931182886162,0.004893578546708947,0.015625,0.42920367320510344,165.9145320999669
431,6896,66,2.375276607027233,-2.375276607027233,4.125,4.813988095238095,0.03457992275555929,8.196555266777674,0.18307449846179225,0.017323468792407464,0.0703125,0.42920367320510344,166.29872780002188
432,6912,61,2.905143571891069,-2.905143571891069,3.8125,5.626041666666667,-0.010828581172972918,14.290414492289225,0.19024112075567245,0.0017011144700518344,0.01366120142241319,0.42920367320510344,166.65648150001653
433,6928,64,1.1512720155208536,-1.1512720155208536,4,5.463541666666667,-0.009821159144242605,4.046265602111816,0.14092369377613068,0.0024190737943475447,0.0234375,0.42920367320510344,167.03130959998816
434,6944,57,1.8791481633974483,-1.8791481633974483,3.5625,5.275,-0.00759124450115974,4.799829721450806,0.14547442644834518,0.0006470630475329623,0.008771929889917374,0.42920367320510344,167.37408610002603
435,6960,61,2.794247704246811,-2.794247704246811,3.8125,6.598958333333333,-0.017337399290600075,6.948445876439412,0.16844142973423004,0.005658715575312574,0.021857922275861103,0.42920367320510344,167.73847599991132
436,6976,66,2.2721238521234057,-2.2721238521234057,4.125,5.646577380952381,-0.12495082244277,3.5170513436508677,0.19190302502101986,0.02200153365265578,0.1015625,0.42920367320510344,168.14958299999125
437,6992,58,1.6153206380689398,-1.6153206380689398,3.625,5.263541666666667,-0.014731903175084623,3.452482541402181,0.12813265373309454,0.0022577996272351206,0.025862069179614384,0.42920367320510344,168.49229079997167
438,7008,71,2.3611724746714913,-2.3611724746714913,4.4375,4.740625,0.047640179904798664,6.259901195764542,0.1796618172278007,0.008406783552345587,0.050037203977505364,0.42920367320510344,168.90402399993036
439,7024,62,1.981747704246811,-1.981747704246811,3.875,5.732291666666667,-0.008825590656269236,2.9519558350245156,0.0971187340716521,0.0035079049945731335,0.024193547666072845,0.42920367320510344,169.26666620001197
440,7040,57,2.5215706380689396,-2.5215706380689396,3.5625,5.541666666666667,-0.019021458760426786,9.364758491516113,0.12284929305315018,0.0034396129188583777,0.023391813039779663,0.42920367320510344,169.60585129994433
441,7056,70,2.5395463267948966,-2.5395463267948966,4.375,4.408333333333333,-0.10534624196588993,3.522509594758352,0.14425567894553146,0.0002232995658329647,0.0013020833333333333,0.42920367320510344,170.0165651999414
442,7072,71,2.530420178918302,-2.530420178918302,4.4375,5.211458333333334,0.051810654966781534,2.1964768767356873,0.14156308335562548,0.015001359397312322,0.08165922885139783,0.42920367320510344,170.4340273999842
443,7088,63,2.128871556370216,-2.128871556370216,3.9375,5.315625,-0.00807890856685356,2.210187633832296,0.14060567567745844,0.0022585732682879702,0.01587301678955555,0.42920367320510344,170.8115196999861
444,7104,62,1.4145463267948966,-1.4145463267948966,3.875,5.586458333333333,-0.01147678790749218,1.8961405952771504,0.18283065408468246,0.0020709800519398414,0.01881720374027888,0.42920367320510344,171.18565080000553
445,7120,67,2.1692477042468106,-2.1692477042468106,4.1875,6.2370535714285715,0.1751566013942162,3.5591519425312677,0.12978622861078293,0.0007146263273322498,0.01171875,0.42920367320510344,171.58178629993927
446,7136,65,1.8620022957531899,-1.8620022957531899,4.0625,5.334375,0.03265567775815725,1.7719226185387622,0.1921631691649921,0.0027129262840996184,0.026041666666666668,0.42920367320510344,171.9867109999759
447,7152,65,4.392975688725958,-4.392975688725958,4.0625,5.104464285714286,-0.019630900118499994,11.781283728778362,0.18661444739685,0.005482949529929708,0.01171875,0.42920367320510344,172.39181529998314
448,7168,68,2.5528206380689404,-2.5528206380689404,4.25,4.762648809523809,-0.09440512924144666,2.811756451924642,0.17732567029694715,0.004536067872929077,0.040364583333333336,0.42920367320510344,172.79722049995326
449,7184,65,1.9690266070272333,-1.9690266070272333,4.0625,5.535416666666666,0.31899063867361593,5.934082075332602,0.12497858234682276,0.006397521123290062,0.01953125,0.42920367320510344,173.19043660000898
450,7200,63,2.5306967859455347,-2.5306967859455347,3.9375,6.1901785714285715,-0.01080611499553689,5.057635466257731,0.10804092263182004,0.003206581085881529,0.023809524563451607,0.42920367320510344,173.55292199994437
451,7216,68,2.1241701789183023,-2.1241701789183023,4.25,5.030208333333333,0.053485804315035544,2.6360329488913217,0.10768306443060283,0.003398712375201285,0.0078125,0.42920367320510344,173.96838430000935
452,7232,64,4.0215706380689396,-4.0215706380689396,4,4.960416666666667,-0.011123582410315672,12.024617354075113,0.22567073007424673,0.005699901327413197,0.015625,0.42920367320510344,174.3449232999701
453,7248,72,1.8520463267948968,-1.8520463267948968,4.5,4.815476190476191,-0.05196266838659843,3.4663743575414023,0.19569620490074158,0.001971908068905274,0.026041666666666668,0.42920367320510344,174.76997059991118
454,7264,61,2.0262720155208536,-2.0262720155208536,3.8125,5.148958333333334,-0.0013626062325068726,6.016508340835571,0.14733878523111343,0.0001869971967304688,0.002732240284482638,0.42920367320510344,175.12561569991522
455,7280,64,3.2983958676442593,-3.2983958676442593,4,6.18422619047619,-0.00877895982315143,24.670721371968586,0.15893846253554025,0.007525426384139185,0.010416666666666666,0.42920367320510344,175.49970249994658
456,7296,67,2.901825229575319,-2.901825229575319,4.1875,5.067708333333333,0.10879505301515262,7.509570976098378,0.17103237519040704,0.020556709444489247,0.07118055721124013,0.42920367320510344,175.89446069998667
457,7312,61,1.4911504591506386,-1.4911504591506386,3.8125,5.98125,-0.008544496773001953,1.926356852054596,0.17876780529816946,0.0007094014417816652,0.008196720853447914,0.42920367320510344,176.2665333999321
458,7328,64,1.8257743112740432,-1.8257743112740432,4,6.241220238095238,-0.0021939861277739206,2.6492196321487427,0.15727978944778442,0.00025826665417601663,0.005208333333333333,0.42920367320510344,176.64276249997783
459,7344,70,1.2900995408493623,-1.2900995408493623,4.375,5.094270833333333,0.05842869961634278,1.0557602296272914,0.1682305115585526,0.007198313632822344,0.0486111119389534,0.42920367320510344,177.06146649993025
460,7360,59,2.2989490816987246,-2.2989490816987246,3.6875,4.6546875,-0.013105482741727329,3.476581891377767,0.14009454598029455,0.0035345051316350387,0.03107344638556242,0.42920367320510344,177.4211023999378
461,7376,65,1.4684733929727671,-1.4684733929727671,4.0625,5.9367559523809526,0.06534802292784055,2.6649791498978934,0.19966577541233804,0.0015850558023278911,0.022135416666666668,0.42920367320510344,177.81603589991573
462,7392,62,0.9551990816987245,-0.9551990816987245,3.875,5.048958333333333,-0.011017995017770973,1.267821451028188,0.15584293256203333,0.001059811353115947,0.02150537570317586,0.42920367320510344,178.18094400002155
463,7408,67,2.0752210972195777,-2.0752210972195777,4.1875,4.365401785714286,-0.19282862194813788,2.2521758303046227,0.11649163246329408,0.0010131337447904325,0.005208333333333333,0.42920367320510344,178.5767635999946
464,7424,63,2.681968801466388,-2.681968801466388,3.9375,6.970089285714286,-0.007100859593486645,5.162394841512044,0.17115158339341482,0.0004809717693206039,0.0052910055965185165,0.42920367320510344,178.96157039992977
465,7440,61,2.704092653589793,-2.704092653589793,3.8125,5.286309523809524,-0.0014937525090115145,4.629757006963094,0.10426287725567818,1.9415225703293498e-05,0.0,0.42920367320510344,179.3162398999557
466,7456,69,3.968750000000001,-3.968750000000001,4.3125,5.424479166666667,0.0881802667863667,13.751052230596542,0.15760472564337155,0.026638936593068745,0.08619791766007741,0.42920367320510344,179.72762969997711
467,7472,69,1.8478981633974487,-1.8478981633974487,4.3125,4.847172619047619,0.12176315843438108,4.620325783888499,0.10580788653654356,0.005324176256044681,0.033593750248352684,0.42920367320510344,180.1418714999454
468,7488,68,3.549225688725957,-3.549225688725957,4.25,4.160416666666666,-0.058238046088566385,3.6411348481973014,0.18314472616960606,0.004464037638778488,0.057291666666666664,0.42920367320510344,180.55134210002143
469,7504,65,2.851493112740431,-2.851493112740431,4.0625,5.691666666666666,-0.16590405286600193,3.6704324384530387,0.34421918177273864,0.006778613023925573,0.044270833333333336,0.42920367320510344,180.94583480001893
470,7520,72,4.369745408493621,-4.369745408493621,4.5,5.3125,-0.02378456247970462,17.429874181747437,0.19289200815061727,0.013603267221090695,0.032552083333333336,0.42920367320510344,181.38051909999922
471,7536,64,2.39657063806894,-2.39657063806894,4,5.742708333333334,-0.02407706280549367,4.025089939435323,0.3538390596707662,0.0020790098157400885,0.020833333333333332,0.42920367320510344,181.7449519999791
472,7552,80,12.077709618453632,-12.077709618453632,5,5.327827380952381,-0.07619704275081556,148.05198415120444,0.4315356488029162,0.03958034443591411,0.12239583333333333,0.42920367320510344,182.20593419997022
473,7568,76,4.133849540849362,-4.133849540849362,4.75,5.184027777777778,0.009212954978769025,43.451499462127686,0.35048342247804004,0.0025845762680016073,0.021267361318071682,0.42920367320510344,182.6530976999784
474,7584,55,2.80282063806894,-2.80282063806894,3.4375,6.0875,-0.0229392828194029,7.620423714319865,0.20823322981595993,0.005748497841220039,0.04545454556743304,0.42920367320510344,182.98228160000872
475,7600,63,2.365044031041707,-2.365044031041707,3.9375,4.662723214285714,-0.020221965601815366,6.955694993336995,0.17012105137109756,0.004102825638256036,0.03174603326867024,0.42920367320510344,183.34707239991985
476,7616,62,2.5226770661778706,-2.5226770661778706,3.875,4.73125,-0.008605855908269788,4.464069604873657,0.1955700765053431,0.0006217951674140446,0.01075268785158793,0.42920367320510344,183.70665960002225
477,7632,69,2.588772015520854,-2.588772015520854,4.3125,6.248958333333333,-0.048460614712287985,4.175336216886838,0.21880995544294515,0.006351600470831424,0.032291666915019356,0.42920367320510344,184.12410149991047
478,7648,57,1.8210729338221294,-1.8210729338221294,3.5625,5.5217261904761905,-0.012664370623428104,6.535960117975871,0.22148594011863074,0.0021759714363724925,0.011695906519889832,0.42920367320510344,184.46597709995694
479,7664,58,2.085453673205104,-2.085453673205104,3.625,6.376041666666667,-0.018187819003266676,4.754980484644572,0.301179771622022,0.002623799014448499,0.03735632232079903,0.42920367320510344,184.8069964000024
480,7680,65,2.3254977042468115,-2.3254977042468115,4.0625,5.155208333333333,0.3316751513630152,4.522498595217864,0.19291474302493347,0.002357140105838577,0.01953125,0.42920367320510344,185.18695879995357
481,7696,72,5.052544031041707,-5.052544031041707,4.5,4.9220734126984125,0.11135202879086137,50.393961230913796,0.256464301298062,0.045136970545475684,0.07682291666666667,0.42920367320510344,185.62533960002474
482,7712,82,3.6241701789183027,-3.6241701789183027,5.125,4.296205357142857,-0.025140301790088415,5.920864284038544,0.179290180404981,0.003393927886615226,0.02806712966412306,0.42920367320510344,186.0945682999445
483,7728,75,4.142975688725958,-4.142975688725958,4.6875,4.7994047619047615,0.0010139396569381158,5.7598362267017365,0.21322605448464552,0.04957394504223581,0.06498579680919647,0.42920367320510344,186.5353453999851
484,7744,66,1.3653206380689396,-1.3653206380689396,4.125,4.996875,-0.10932000229756038,2.207511819899082,0.15161476651693218,0.001167698831219847,0.005208333333333333,0.42920367320510344,186.92771069996525
485,7760,64,2.361725688725957,-2.361725688725957,4,5.023586309523809,-0.013057049984733263,7.086007118225098,0.13862102230389914,0.0032500981663664183,0.020833333333333332,0.42920367320510344,187.28791069996078
486,7776,63,1.6067477042468106,-1.6067477042468106,3.9375,4.819494047619048,-0.010924809620957099,1.778992772102356,0.20714973658323288,0.001077974381284245,0.01587301678955555,0.42920367320510344,187.64920169999823
487,7792,57,1.7588495408493618,-1.7588495408493618,3.5625,4.820833333333334,-0.007159949765385439,2.740361054738363,0.0955777478714784,0.0006736104902908361,0.011695906519889832,0.42920367320510344,187.98618230002467
488,7808,62,2.2264931127404317,-2.2264931127404317,3.875,4.96875,-0.011038463279825272,3.4908082087834678,0.14946173628171286,0.001348700730886776,0.013440859814484915,0.42920367320510344,188.36399360001087
489,7824,60,1.928927066177871,-1.928927066177871,3.75,6.379464285714286,-0.010969206790388078,4.963735818862915,0.15755829960107803,0.001417913530531223,0.02222222276031971,0.42920367320510344,188.71998950000852
490,7840,58,1.7547013774519138,-1.7547013774519138,3.625,5.172916666666667,-0.00810517187513963,4.687001387278239,0.22737650821606317,0.003960941843009398,0.028735632697741192,0.42920367320510344,189.0657279000152
491,7856,55,1.8166481633974485,-1.8166481633974485,3.4375,5.034375,-0.0060669022107807296,1.6068367163340251,0.10559350003798802,0.0007578734063523976,0.012121211737394333,0.42920367320510344,189.38790480000898
492,7872,64,2.6839050506570175,-2.6839050506570175,4,4.35625,-0.012572653125971556,2.3563108841578164,0.19703352699677149,0.0017323194382091363,0.020833333333333332,0.42920367320510344,189.760859199916
493,7888,51,0.9867256887259572,-0.9867256887259572,3.1875,5.415625,-0.0034849291475314015,2.047194520632426,0.19146336863438287,0.00014672705977621567,0.0,0.42920367320510344,190.07181639992632
494,7904,65,3.5212940310417067,-3.5212940310417067,4.0625,4.478125,-0.2403856508123378,3.4083128397663436,0.20512926902705506,0.0011936358835858603,0.01171875,0.42920367320510344,190.45611669996288
495,7920,61,3.7986724746714913,-3.7986724746714913,3.8125,5.33125,-0.0083019686818299,9.809197743733725,0.19997992366552353,0.0013855268043698743,0.010928961137930552,0.42920367320510344,190.8134667999111
496,7936,66,3.2671458676442593,-3.2671458676442593,4.125,5.237797619047619,0.024610246842106182,5.414411664009094,0.13784757643292522,0.0027645598941793046,0.01953125,0.42920367320510344,191.2017367000226
497,7952,63,2.8252210972195777,-2.8252210972195777,3.9375,5.017708333333333,-0.010606728750404137,4.109228173891704,0.17605515817801157,0.004551071312259107,0.013227513991296291,0.42920367320510344,191.5637790999608
498,7968,66,2.46875,-2.46875,4.125,4.297916666666667,0.15024006622843444,9.390270113945007,0.15150452748659413,0.0012027378155228992,0.010416666666666666,0.42920367320510344,191.9570689999964
499,7984,73,2.9283738521234057,-2.9283738521234057,4.5625,4.353943452380952,-0.04363401420414448,7.798713803291321,0.19669620506465435,0.0038292230001726324,0.0289351853231589,0.42920367320510344,192.39815769996494
500,8000,67,2.575774311274043,-2.575774311274043,4.1875,4.9930803571428575,-0.11441205472995837,3.793215051293373,0.1791693071524302,0.0017474094765799937,0.014322916666666666,0.42920367320510344,192.79774489998817
