update,episodes,rollout_steps,mean_cost,mean_reward,mean_decisions,mean_branches,actor_loss,critic_loss,entropy,approx_kl,clip_fraction,fixed_greedy_cost,elapsed_seconds
1,16,105,34.9286495171396,-34.9286495171396,6.5625,3.726686507936508,0.011486986768431962,569.9630889892578,1.0842386484146118,6.934903279187665e-06,0.0,39.132741228718345,0.4607351999729872
2,32,98,40.042587120072376,-40.042587120072376,6.125,4.391121031746032,-0.006958350422792137,483.2584571838379,1.1083122044801712,9.2114582770364e-06,0.0,10.283185307179586,0.897333399974741
3,48,95,32.71377107350981,-32.71377107350981,5.9375,3.6180307539682537,0.0033778520300984383,281.3867588043213,1.0372345224022865,1.9624201897272542e-05,0.0,9.287611019615312,1.3422555000288412
4,64,109,38.44634859883832,-38.44634859883832,6.8125,4.367361111111111,-0.018184401211328804,361.1135673522949,1.1055232733488083,3.2119183373424676e-05,0.0,8.283185307179586,1.882926700054668
5,80,98,36.502210972195776,-36.502210972195776,6.125,4.92038014069264,0.00348460441455245,360.7631492614746,1.1912464946508408,5.7341846599001656e-05,0.0,8.283185307179586,2.3808286000275984
6,96,110,35.08351648200343,-35.08351648200343,6.875,4.146669823232323,-0.016035856446251273,220.54870986938477,1.1015983521938324,9.022248127621424e-05,0.0,8.283185307179586,2.864018899970688
7,112,95,42.43224352447154,-42.43224352447154,5.9375,4.040649801587302,0.006203027383890003,457.8341522216797,1.1196816712617874,0.0002831311855970853,0.0,8.283185307179586,3.2830797999631613
8,128,94,29.838217859455344,-29.838217859455344,5.875,4.499627976190476,0.020957954227924347,185.96158027648926,1.1368596702814102,0.0005317775276125758,0.0,8.283185307179586,3.6937339999713004
9,144,103,30.375828879070657,-30.375828879070657,6.4375,4.059350198412698,-0.002744533121585846,135.77747774124146,1.0863260477781296,0.000945537551160669,0.0032051282469183207,8.283185307179586,4.146026500035077
10,160,91,32.99308482431918,-32.99308482431918,5.6875,4.848363095238096,-0.006338908802717924,206.2955780029297,1.1167308688163757,0.0019284157333459007,0.019748263992369175,8.283185307179586,4.553761100047268
11,176,87,23.94717841992002,-23.94717841992002,5.4375,3.7359375,-0.03711503564045415,140.23327541351318,0.9689959362149239,0.0022700594690832077,0.014775815419852734,8.283185307179586,4.944455199991353
12,192,79,21.79424676223577,-21.79424676223577,4.9375,5.090773809523809,-0.012860121671110392,103.22418689727783,0.9816629216074944,0.00338375463434204,0.050911459140479565,8.283185307179586,5.299517999985255
13,208,75,16.292864669110646,-16.292864669110646,4.6875,5.218452380952381,-0.04466733615845442,104.424729347229,0.9046296179294586,0.0033723952728905715,0.057528410106897354,0.42920367320510344,5.6459847000660375
14,224,73,10.17782063806894,-10.17782063806894,4.5625,4.215848214285715,0.009966746903955936,57.80956721305847,0.7835293710231781,0.0025102564504777547,0.04144965298473835,0.42920367320510344,6.010013899998739
15,240,70,13.038163291658734,-13.038163291658734,4.375,4.438988095238095,0.0758868120610714,96.89520788192749,0.749874897301197,0.005340618961781729,0.0670572929084301,0.42920367320510344,6.354693199973553
16,256,78,10.842920178918302,-10.842920178918302,4.875,4.782266865079365,-0.11796832969412208,59.81220841407776,0.6832660660147667,0.001899644905279274,0.024553571827709675,0.42920367320510344,6.76414530002512
17,272,76,8.472068342315751,-8.472068342315751,4.75,4.286458333333333,-0.0409700064919889,25.693612694740295,0.6164587326347828,0.0033560131150807138,0.04036458395421505,0.42920367320510344,7.170871900045313
18,288,72,8.955475688725958,-8.955475688725958,4.5,4.483779761904762,0.028934848494827747,33.99071717262268,0.6716556251049042,0.004273029830073938,0.041015625,0.42920367320510344,7.551554600009695
19,304,66,5.71875,-5.71875,4.125,4.988541666666666,0.0927789737470448,24.508872836828232,0.6360566355288029,0.001619740214664489,0.017578125,0.42920367320510344,7.896947900066152
20,320,57,4.232024311274044,-4.232024311274044,3.5625,6.540625,-0.009480374589513119,17.9368314743042,0.4602803364396095,0.0004425413644639775,0.004385964944958687,0.42920367320510344,8.190774700022303
21,336,63,4.06775459150638,-4.06775459150638,3.9375,5.056994047619048,-0.016572356076230754,13.073678016662598,0.48950544744729996,0.0012239132847753353,0.01984127052128315,0.42920367320510344,8.471475400030613
22,352,70,4.780696785945535,-4.780696785945535,4.375,4.779464285714286,-0.0773680997081101,11.169284164905548,0.456455335021019,0.0007881113197072409,0.0078125,0.42920367320510344,8.79132890002802
23,368,68,4.597898163397448,-4.597898163397448,4.25,6.473958333333333,-0.2683300192002207,9.595864057540894,0.4678738210350275,0.0036672874120995402,0.05078125,0.42920367320510344,9.121984799974598
24,384,72,4.469303214054466,-4.469303214054466,4.5,4.6779761904761905,0.08817475056275725,12.380699038505554,0.4750267118215561,0.001422947272658348,0.0078125,0.42920367320510344,9.476809500018135
25,400,56,3.089048622548086,-3.089048622548086,3.5,6.225,-0.014774996704155718,22.21211814880371,0.34116052836179733,0.0006341441312542884,0.008928571827709675,0.42920367320510344,9.755639199982397
26,416,73,4.21017706617787,-4.21017706617787,4.5625,4.532886904761905,0.051790493074804544,13.44911527633667,0.4231017008423805,0.002466224415002216,0.035373263992369175,0.42920367320510344,10.087170699960552
27,432,76,5.178373852123405,-5.178373852123405,4.75,4.167708333333334,0.04476553830318153,8.182482033967972,0.46040184423327446,0.002962016373203369,0.02864583395421505,0.42920367320510344,10.441474899998866
28,448,70,2.790652754903828,-2.790652754903828,4.375,4.869791666666667,-0.01390777388587594,8.321394264698029,0.46918443590402603,0.0013548388715207693,0.009765625,0.42920367320510344,10.83962139999494
29,464,77,5.290652754903828,-5.290652754903828,4.8125,5.037276785714286,-0.03321258304640651,8.404968202114105,0.3987620212137699,0.0038088651705265875,0.03290264494717121,0.42920367320510344,11.1895904999692
30,480,60,4.352046326794897,-4.352046326794897,3.75,4.229166666666667,-0.013977876771241515,12.479054689407349,0.33745062351226807,0.0010021181878983043,0.012500000186264515,0.42920367320510344,11.45448860002216
31,496,68,4.133849540849362,-4.133849540849362,4.25,4.866369047619048,0.06705277506262064,10.812788873910904,0.37403400614857674,0.0006389012050931342,0.005859375,0.42920367320510344,11.797320400015451
32,512,59,3.1247233929727676,-3.1247233929727676,3.6875,5.291145833333333,-0.006934860646251151,9.997393369674683,0.34653371572494507,0.0002901284005929483,0.0042372881434857845,0.42920367320510344,12.083274999982677
33,528,73,4.504701377451914,-4.504701377451914,4.5625,4.767708333333333,-0.027760660741478205,23.757825553417206,0.38933745585381985,0.002201035931037154,0.025607638992369175,0.42920367320510344,12.423257400048897
34,544,62,2.8617256887259575,-2.8617256887259575,3.875,5.411458333333333,-0.013831796357408166,5.051837682723999,0.3944840356707573,0.001845080238126684,0.02822580561041832,0.42920367320510344,12.71889130002819
35,560,66,2.790376147876596,-2.790376147876596,4.125,4.977529761904762,0.3169769730884582,9.519092410802841,0.30635726160835475,0.00659291964257136,0.06640625,0.42920367320510344,13.027393599972129
36,576,75,3.719303214054466,-3.719303214054466,4.6875,4.3107886904761905,-0.024752887664362788,8.707790613174438,0.3758253250271082,0.0014153654735764576,0.013671875,0.42920367320510344,13.381344399997033
37,592,54,1.5760509183012759,-1.5760509183012759,3.375,6.327083333333333,-0.003458592973873742,5.889928221702576,0.32648057490587234,7.255330615407729e-05,0.0,0.42920367320510344,13.660242500016466
38,608,75,3.417035790039992,-3.417035790039992,4.6875,5.296354166666667,-0.025762144709005952,8.697632491588593,0.4141560662537813,0.001026111906639926,0.013316761702299118,0.42920367320510344,14.00920790003147
39,624,64,2.2505532140544657,-2.2505532140544657,4,4.607291666666667,-0.006857253611087799,6.5070143938064575,0.3546648472547531,0.00022420231834985316,0.0,0.42920367320510344,14.292226599995047
40,640,66,2.188329821081699,-2.188329821081699,4.125,4.861607142857143,-0.24134853028226644,4.5293747670948505,0.2689068056643009,0.0011863904655911028,0.009765625,0.42920367320510344,14.60680389998015
41,656,67,1.7549779844791464,-1.7549779844791464,4.1875,5.521875,0.10443017457146198,1.7070699036121368,0.36410135868936777,0.0004994353136567042,0.001953125,0.42920367320510344,14.933080699993297
42,672,68,2.847898163397449,-2.847898163397449,4.25,4.560565476190476,-0.03759437007829547,4.822930932044983,0.3918226882815361,0.0015242368972394615,0.009765625,0.42920367320510344,15.24910939997062
43,688,52,1.6028761478765952,-1.6028761478765952,3.25,6.101041666666667,-0.008030720019283177,4.807674407958984,0.35176602005958557,0.0007099473004927859,0.009615384973585606,0.42920367320510344,15.5148698000703
44,704,77,3.7054756887259575,-3.7054756887259575,4.8125,4.404613095238095,0.03621059563010931,8.705864906311035,0.4085281156003475,0.0037565918450468416,0.03470552992075682,0.42920367320510344,15.88837040006183
45,720,71,3.152101836602552,-3.152101836602552,4.4375,4.953125,-0.05333633883856237,5.29103609919548,0.3384593743830919,0.0004537066040128934,0.001953125,0.42920367320510344,16.240966200013645
46,736,62,2.1037059689582938,-2.1037059689582938,3.875,6.355654761904762,-0.010678873566400071,4.383398056030273,0.4248209074139595,0.0003891948927048361,0.004032257944345474,0.42920367320510344,16.539054100052454
47,752,61,2.8224559689582938,-2.8224559689582938,3.8125,5.55625,-0.011989786427040627,5.642476916313171,0.2994617149233818,0.0011769613302021753,0.012295081280171871,0.42920367320510344,16.824448100058362
48,768,55,1.312223392972768,-1.312223392972768,3.4375,5.198958333333334,-0.008972169376317396,2.573986232280731,0.24129588156938553,0.00022110959889687365,0.0,0.42920367320510344,17.093400400015526
49,784,64,1.700497704246811,-1.700497704246811,4,4.566666666666666,-0.009500915184617043,1.8299611806869507,0.3858215883374214,0.0004135130802751519,0.00390625,0.42920367320510344,17.41052390006371
50,800,80,3.692477984479147,-3.692477984479147,5,4.9875,-0.066406853729859,11.517964273691177,0.3480601981282234,0.0009606864769011736,0.0078125,0.42920367320510344,17.78639490006026
51,816,65,2.9233958676442584,-2.9233958676442584,4.0625,4.715922619047619,0.024563591927289963,6.628974951803684,0.24868355260696262,0.0008963630898506381,0.0078125,0.42920367320510344,18.102802200010046
52,832,63,2.492256887259569,-2.492256887259569,3.9375,5.115625,-0.004001510184487467,3.3055579662323,0.37049294263124466,0.00017877939626487205,0.0,0.42920367320510344,18.391882700030692
53,848,68,2.4643252295753193,-2.4643252295753193,4.25,5.853125,0.0026632221415638924,6.514880657196045,0.30807014554739,0.0018736679485300556,0.03515625,0.42920367320510344,18.731665199971758
54,864,68,2.563329821081698,-2.563329821081698,4.25,4.464583333333334,-0.2576877522515133,3.4918097853660583,0.3296970911324024,0.001319832583249081,0.009765625,0.42920367320510344,19.05473059997894
55,880,65,2.401548622548087,-2.401548622548087,4.0625,4.679166666666666,-0.20390625135041773,3.7286039981991053,0.2918446575058624,0.0004974889598088339,0.005859375,0.42920367320510344,19.37069180002436
56,896,64,2.4554756887259575,-2.4554756887259575,4,5.625595238095238,-0.011804147623479366,6.712522387504578,0.42866699397563934,0.001060445880284533,0.0078125,0.42920367320510344,19.677088500000536
57,912,61,2.1346793619310604,-2.1346793619310604,3.8125,5.088244047619048,-0.005309460607365146,2.873153567314148,0.40304772555828094,0.000183700593879621,0.0,0.42920367320510344,19.972279399982654
58,928,66,3.464048622548087,-3.464048622548087,4.125,5.758333333333333,-0.07820827618706971,3.4918887615203857,0.29202962713316083,0.006832749582827091,0.01171875,0.42920367320510344,20.29850440006703
59,944,66,1.6120022957531899,-1.6120022957531899,4.125,5.063541666666667,-0.09757832530885935,4.867593705654144,0.23324015747493831,0.0009165234077954665,0.0078125,0.7123889803846897,20.618468799977563
60,960,70,3.771847245096173,-3.771847245096173,4.375,5.2976190476190474,-0.0044569578021764755,7.76006406545639,0.2798060365021229,0.0019282926430150837,0.02864583395421505,0.7123889803846897,20.9558199000312
61,976,62,2.3620022957531894,-2.3620022957531894,3.875,6.5806547619047615,-0.0025726832325512206,3.031502366065979,0.3572999909520149,0.00012660578067880124,0.0,0.7123889803846897,21.254784099990502
62,992,58,2.1875000000000004,-2.1875000000000004,3.625,6.50625,-0.009272221945515025,2.768617808818817,0.24083488434553146,0.0006283550264924997,0.008620689623057842,0.7123889803846897,21.536337599973194
63,1008,64,1.5627766070272333,-1.5627766070272333,4,5.241666666666666,-0.005513742566108704,2.7175403833389282,0.36055707931518555,0.00020972476340830326,0.00390625,0.7123889803846897,21.83858280000277
64,1024,54,2.014104132355741,-2.014104132355741,3.375,6.025,-0.010149579814255794,3.4185332655906677,0.30499275028705597,0.001182160594908055,0.013888888992369175,0.7123889803846897,22.10180359997321
65,1040,68,2.3755532140544657,-2.3755532140544657,4.25,5.381547619047619,0.06737085850909352,3.5492322146892548,0.4322048909962177,0.00835392147564562,0.033203125,0.7123889803846897,22.438855899963528
66,1056,67,2.0138275253285087,-2.0138275253285087,4.1875,4.383854166666667,-0.1447363079059869,4.834299951791763,0.33800903777591884,0.00024872370613593375,0.0,0.7123889803846897,22.741660200059414
67,1072,61,3.0857302802323368,-3.0857302802323368,3.8125,5.359821428571428,-0.008106067826299856,8.305078744888306,0.29468921571969986,0.0006878529802634148,0.008196720853447914,0.7123889803846897,23.01855949999299
68,1088,58,1.906526607027233,-1.906526607027233,3.625,5.844791666666667,-0.011607889037836217,3.3019111156463623,0.38215719163417816,0.000620210437773494,0.004310344811528921,0.42920367320510344,23.285639100009575
69,1104,69,3.4742811985336126,-3.4742811985336126,4.3125,4.547991071428571,-0.07667955267243087,2.954522468149662,0.3234507264569402,0.001844369749960606,0.017578125,0.42920367320510344,23.60560979996808
70,1120,70,3.6957963267948974,-3.6957963267948974,4.375,4.44985119047619,-0.08335744604846695,7.3819456696510315,0.32838737964630127,0.0008634512502112557,0.01171875,0.42920367320510344,23.96794180001598
71,1136,71,2.625276607027233,-2.625276607027233,4.4375,4.307291666666667,0.0020750120747834444,4.478704124689102,0.3243460562080145,0.0006131655409262748,0.005859375,0.42920367320510344,24.310253800009377
72,1152,65,3.5669247704246807,-3.5669247704246807,4.0625,4.946875,0.06680220901034772,4.590663313865662,0.14060840080492198,0.0020829751301789656,0.01171875,0.42920367320510344,24.625131000066176
73,1168,71,2.2198564281089315,-2.2198564281089315,4.4375,4.760788690476191,0.023935715202242136,4.008532375097275,0.24503975734114647,0.001101453055397883,0.01981026865541935,0.42920367320510344,24.967591600026935
74,1184,68,2.066924770424682,-2.066924770424682,4.25,4.364732142857143,-0.05984805338084698,4.013314813375473,0.28619122318923473,0.0013468752295011654,0.033203125,0.42920367320510344,25.292355600045994
75,1200,65,1.7508298210816986,-1.7508298210816986,4.0625,4.476041666666666,0.13120807672385126,2.766913241299335,0.5090736216370715,0.003454430974670686,0.12890625,0.42920367320510344,25.62099590001162
76,1216,67,2.6108958676442584,-2.6108958676442584,4.1875,4.894270833333334,0.1188878808170557,3.1478948295116425,0.3847042601555586,0.0010388338708509082,0.01171875,0.42920367320510344,25.946573100052774
77,1232,69,2.0489490816987246,-2.0489490816987246,4.3125,4.427083333333333,-0.06827318645082414,2.972794972360134,0.2483413794398075,0.0007564198263025901,0.0078125,0.42920367320510344,26.28926330001559
78,1248,66,2.1778206380689396,-2.1778206380689396,4.125,5.233333333333333,-0.11301252851262689,3.1487919595092535,0.3054522933671251,0.0009077524446183816,0.0078125,0.42920367320510344,26.63251709996257
79,1264,59,1.986449081698724,-1.986449081698724,3.6875,5.177083333333333,-0.006626369433587964,3.7935261726379395,0.29266728460788727,0.00021763468384961016,0.0042372881434857845,0.42920367320510344,26.915533300023526
80,1280,63,2.0934733929727676,-2.0934733929727676,3.9375,5.217708333333333,-0.008889421238563955,1.826647162437439,0.3523596301674843,0.0014646411545982119,0.007936508394777775,0.42920367320510344,27.20797450002283
81,1296,64,1.945519719767664,-1.945519719767664,4,4.288541666666666,-0.0038505056872963905,3.099201023578644,0.27012015134096146,0.00024537352146580815,0.0,0.42920367320510344,27.501522100064903
82,1312,71,1.9065266070272338,-1.9065266070272338,4.4375,4.274702380952381,-0.016259745229035616,2.2306225299835205,0.42723726481199265,0.0013787099514956935,0.009765625,0.42920367320510344,27.856726499972865
83,1328,70,2.8924224746714917,-2.8924224746714917,4.375,4.689434523809524,0.060105998534709215,4.361265957355499,0.24704716261476278,0.0002727555086750044,0.0,0.42920367320510344,28.192323500057682
84,1344,58,1.7588495408493625,-1.7588495408493625,3.625,5.308333333333334,-0.005329121175173923,4.130466818809509,0.29327520728111267,0.0003042066873604199,0.004310344811528921,0.42920367320510344,28.465113900019787
85,1360,68,2.0237834942868025,-2.0237834942868025,4.25,5.305208333333334,-0.05233968026004732,2.5215831995010376,0.40446949005126953,0.0010228996325167827,0.013671875,0.42920367320510344,28.794920400017872
86,1376,68,2.5801990816987246,-2.5801990816987246,4.25,4.278125,-0.022138788364827633,4.1119149923324585,0.34161463752388954,0.00046689403825439513,0.0,0.42920367320510344,29.112145000020973
87,1392,73,2.4919802802323363,-2.4919802802323363,4.5625,4.769047619047619,-0.021750933257862926,2.0557303428649902,0.3856469541788101,0.0007384927062048519,0.005859375,0.42920367320510344,29.448694700025953
88,1408,64,2.187223392972767,-2.187223392972767,4,5.113541666666666,-0.006700189260300249,2.156909763813019,0.31761159747838974,0.00026986766170011833,0.0,0.42920367320510344,29.750603200052865
89,1424,76,4.246128443629785,-4.246128443629785,4.75,4.695089285714285,-0.07741116150282323,6.811128884553909,0.45728523284196854,0.001743351502227597,0.013671875,0.42920367320510344,30.112854100065306
90,1440,57,2.044800918301276,-2.044800918301276,3.5625,6.13125,-0.01229028068605409,2.7471128702163696,0.34257086366415024,0.0008208183517126599,0.008771929889917374,0.42920367320510344,30.393052599974908
91,1456,65,2.7181967859455343,-2.7181967859455343,4.0625,4.944791666666666,0.17875053023453802,6.766170263290405,0.43366167668864364,0.0033519342377985595,0.01171875,0.42920367320510344,30.694675100035965
92,1472,70,1.954922474671492,-1.954922474671492,4.375,5.31875,-0.0317228949861601,2.958187758922577,0.35456184297800064,0.0003807108946602966,0.001953125,0.7123889803846897,31.019045199966058
93,1488,68,2.5580752295753193,-2.5580752295753193,4.25,5.640029761904762,-0.08948063082061708,3.6175701022148132,0.37192782759666443,0.00017967858002521098,0.0,0.7123889803846897,31.335277599981055
94,1504,75,4.601769719767663,-4.601769719767663,4.6875,4.6589285714285715,0.007476794067770243,25.553419917821884,0.3195880800485611,0.004227294882866772,0.005859375,0.7123889803846897,31.6979408999905
95,1520,56,1.8127766070272326,-1.8127766070272326,3.5,6.992261904761905,-0.007958465372212231,1.739776998758316,0.2884697690606117,0.00042895925435004756,0.004464285913854837,0.7123889803846897,32.013191299978644
96,1536,70,2.870298622548087,-2.870298622548087,4.375,4.863541666666666,0.046198911186365876,5.326686680316925,0.3299417309463024,0.0008491189468031735,0.00390625,0.7123889803846897,32.40528179996181
97,1552,68,2.750553214054466,-2.750553214054466,4.25,5.2369047619047615,-0.012499557808041573,4.338587522506714,0.35282541438937187,0.0018937116183224134,0.009765625,0.7123889803846897,32.78261039999779
98,1568,67,1.7820798210816984,-1.7820798210816984,4.1875,4.929761904761905,-0.07885259855538607,5.193215489387512,0.3524801656603813,0.007975514648478566,0.0436197929084301,0.7123889803846897,33.12857790000271
99,1584,72,2.7549779844791473,-2.7549779844791473,4.5,4.996875,0.027283820090815425,3.4265413880348206,0.22610466927289963,0.0006846588476037141,0.005859375,0.7123889803846897,33.47552400000859
100,1600,66,2.415376147876595,-2.415376147876595,4.125,6.346279761904762,0.12365151452831924,2.616787200793624,0.3059882143570576,0.0007519486571254674,0.009765625,0.7123889803846897,33.80107270006556
101,1616,59,1.8838495408493623,-1.8838495408493623,3.6875,6.061458333333333,-0.0062226400270631865,1.7123293280601501,0.21455122157931328,0.0002483239450157271,0.0042372881434857845,0.7123889803846897,34.08763840002939
102,1632,58,2.4054201789183023,-2.4054201789183023,3.625,5.472916666666666,-0.005392176853814101,7.917028784751892,0.26462969928979874,0.0006094616819609655,0.008620689623057842,0.7123889803846897,34.38603669998702
103,1648,79,3.3974004591506386,-3.3974004591506386,4.9375,4.422470238095238,0.026885980696533807,4.377298951148987,0.33525726199150085,0.0022279385420915787,0.034765626303851604,0.42920367320510344,34.75878380006179
104,1664,61,3.1880532140544657,-3.1880532140544657,3.8125,6.619791666666667,-0.0111111901685228,7.887628555297852,0.26428845524787903,0.00047674402230768465,0.004098360426723957,0.42920367320510344,35.046060999971814
105,1680,75,4.330199081698725,-4.330199081698725,4.6875,4.561979166666666,-0.009962470270693302,3.9977995455265045,0.27993882820010185,0.006093994454701601,0.039950285106897354,0.42920367320510344,35.38030279998202
106,1696,60,1.2502766070272329,-1.2502766070272329,3.75,5.298958333333333,-0.007741766935214445,6.989078760147095,0.243632260710001,0.001898817041364964,0.008333333767950535,0.42920367320510344,35.6598300000187
107,1712,77,2.954645867644259,-2.954645867644259,4.8125,4.173139880952381,-0.02094011357985437,6.142543345689774,0.28657156229019165,0.0009680251678219065,0.013521634973585606,0.42920367320510344,36.04947450000327
108,1728,69,3.754701377451913,-3.754701377451913,4.3125,5.747023809523809,0.2398931197822094,21.593958377838135,0.3689638674259186,0.0021861475337559,0.03867187537252903,0.42920367320510344,36.376969999982975
109,1744,66,3.0625,-3.0625,4.125,5.310416666666667,0.04594336892478168,6.468821346759796,0.22421629070595372,0.0004387790977489203,0.00390625,0.42920367320510344,36.690971400006674
110,1760,56,2.0754977042468106,-2.0754977042468106,3.5,6.170833333333333,-0.006181285857954633,5.223610997200012,0.31469957530498505,0.0005226805897109443,0.008928571827709675,0.42920367320510344,36.95375980006065
111,1776,58,1.9012720155208536,-1.9012720155208536,3.625,5.1125,-0.006251357291054416,6.704477429389954,0.24934427812695503,0.001356841305096168,0.008620689623057842,0.42920367320510344,37.22592750005424
112,1792,63,1.59375,-1.59375,3.9375,5.0808035714285715,-0.012174098567652836,2.949774384498596,0.3412634804844856,0.0009038043735927204,0.007936508394777775,0.42920367320510344,37.509339199983515
113,1808,56,1.6346793619310604,-1.6346793619310604,3.5,5.132291666666666,-0.01008324039035613,3.271646201610565,0.27707740664482117,0.0005964938009128673,0.004464285913854837,0.42920367320510344,37.774444499984384
114,1824,56,1.5096793619310604,-1.5096793619310604,3.5,6.313541666666667,-0.01165977147008701,2.4508331418037415,0.23436719551682472,0.0005629783609037986,0.004464285913854837,0.42920367320510344,38.066742600058205
115,1840,68,2.026548622548087,-2.026548622548087,4.25,4.784375,0.10522591695189476,4.608896344900131,0.23342140205204487,0.0004228812649671454,0.001953125,0.42920367320510344,38.39217600005213
116,1856,61,2.763274311274043,-2.763274311274043,3.8125,6.767708333333333,-0.008849883990240226,6.36190128326416,0.3520737662911415,0.0006030315671523567,0.004098360426723957,0.42920367320510344,38.6842349000508
117,1872,61,1.7361724746714917,-1.7361724746714917,3.8125,5.608333333333333,-0.004327894918683128,3.4861634969711304,0.33250876516103745,0.0002587283652246697,0.004098360426723957,0.42920367320510344,38.98019829997793
118,1888,61,1.7358958676442597,-1.7358958676442597,3.8125,4.607291666666667,-0.004540121859821333,4.7509119510650635,0.24203910306096077,0.0001708860963844927,0.0,0.42920367320510344,39.2652051000623
119,1904,56,1.415099540849362,-1.415099540849362,3.5,6.057291666666667,-0.007591719863869528,2.099851369857788,0.17974450066685677,0.0006014576592860976,0.008928571827709675,0.42920367320510344,39.545563900028355
120,1920,64,1.7898229338221299,-1.7898229338221299,4,5.619791666666667,-0.009241594932973385,2.7361939549446106,0.349551297724247,0.000637300603557378,0.01171875,0.42920367320510344,39.97477049997542
121,1936,59,2.048949081698724,-2.048949081698724,3.6875,5.418898809523809,-0.011547791745940117,3.6129170656204224,0.36099524050951004,0.0008932382297643926,0.012711864430457354,0.42920367320510344,40.262718499987386
122,1952,60,2.137721097219578,-2.137721097219578,3.75,4.539583333333333,-0.003230179568830205,3.958207130432129,0.21515585109591484,0.00013552944437833503,0.0,0.42920367320510344,40.563973400043324
123,1968,59,1.597898163397449,-1.597898163397449,3.6875,6.264136904761905,-0.003972172693219145,2.449009895324707,0.27795594930648804,0.00025968934096454177,0.0,0.42920367320510344,40.89548199996352
124,1984,60,1.65625,-1.65625,3.75,4.886458333333334,-0.007428075338248186,2.04751455783844,0.2941879704594612,0.0003078950012422865,0.0,0.42920367320510344,41.248188200057484
125,2000,56,1.9596238521234055,-1.9596238521234055,3.5,7.066964285714286,-0.0022350802484456533,2.099711000919342,0.27163034677505493,0.0003224555366614368,0.004464285913854837,0.42920367320510344,41.552857400034554
126,2016,70,2.79950229575319,-2.79950229575319,4.375,5.371875,0.14564933627843857,6.038390219211578,0.28729977644979954,0.0016662749694660306,0.005859375,0.42920367320510344,41.912003300036304
127,2032,62,2.7903761478765947,-2.7903761478765947,3.875,4.951339285714286,-0.007634581588659373,5.984930872917175,0.2951125428080559,0.00046297162953123916,0.004032257944345474,0.42920367320510344,42.28457720007282
128,2048,63,2.9153761478765947,-2.9153761478765947,3.9375,6.097916666666666,-0.006318000538851232,5.977476358413696,0.35629481077194214,0.0014936096267774701,0.011904762592166662,0.42920367320510344,42.72914970002603
129,2064,66,2.580199081698724,-2.580199081698724,4.125,5.4359375,-0.13962881884071976,4.324667237699032,0.2979589282767847,0.0031375745311379433,0.01171875,0.42920367320510344,43.18862320005428
130,2080,63,2.1344027549038285,-2.1344027549038285,3.9375,4.636458333333334,-0.007957349139605885,5.774577021598816,0.21963127329945564,0.0013884691579733044,0.011904762592166662,0.42920367320510344,43.654006500029936
131,2096,68,2.1645463267948966,-2.1645463267948966,4.25,4.801041666666666,0.19955306709744036,3.5260668992996216,0.37146360287442803,0.008150128385750577,0.037109375,0.42920367320510344,44.13334679999389
132,2112,68,1.829922474671492,-1.829922474671492,4.25,4.978125,-0.1210161664057523,1.5603604018688202,0.2655000723898411,0.0012504587939474732,0.00390625,0.42920367320510344,44.57902120007202
133,2128,69,3.0793692606170255,-3.0793692606170255,4.3125,5.5581845238095235,-0.13314601313322783,6.354139089584351,0.27577378414571285,0.0009165285154750791,0.005859375,0.42920367320510344,45.09837050002534
134,2144,61,2.369468801466388,-2.369468801466388,3.8125,4.828125,-0.0071026414955324135,2.7609753012657166,0.2640571817755699,0.0002726043385337107,0.0,0.42920367320510344,45.472530400031246
135,2160,56,1.8882743112740437,-1.8882743112740437,3.5,5.417708333333334,-0.009829475394716125,5.224085569381714,0.30261585116386414,0.0006140022378531285,0.004464285913854837,0.42920367320510344,45.82794670003932
136,2176,58,1.6601215563702159,-1.6601215563702159,3.625,7.005208333333333,-0.005738263022443402,4.376839995384216,0.2478995993733406,0.001113278754928615,0.008620689623057842,0.42920367320510344,46.1977276999969
137,2192,61,2.26299770424681,-2.26299770424681,3.8125,5.96875,-0.0036105020763734785,2.030388116836548,0.29329458624124527,0.00015472838458663318,0.0,0.42920367320510344,46.55136990000028
138,2208,64,3.495575229575319,-3.495575229575319,4,4.917708333333334,-0.006625502370297909,6.723175406455994,0.2618601992726326,0.0010897295433096588,0.0078125,0.42920367320510344,47.05753420002293
139,2224,70,2.673395867644259,-2.673395867644259,4.375,6.050595238095238,-0.10243400535546243,4.103009581565857,0.2385491959284991,0.002685774078912573,0.0234375,0.42920367320510344,47.57900580007117
140,2240,73,1.9101215563702156,-1.9101215563702156,4.5625,4.726339285714285,-0.0989624266512692,2.0176139771938324,0.3168256878852844,0.0006885357124701841,0.00390625,0.42920367320510344,48.15802930004429
141,2256,69,3.4770463267948966,-3.4770463267948966,4.3125,5.8741071428571425,0.022424640133976936,6.610176354646683,0.2769155986607075,0.002721172984450959,0.0078125,0.42920367320510344,48.53030340000987
142,2272,52,2.625276607027233,-2.625276607027233,3.25,5.255208333333333,-0.014699165154104854,6.247086048126221,0.2505774423480034,0.0009697851346572861,0.009615384973585606,0.42920367320510344,48.963027799967676
143,2288,70,2.772123852123405,-2.772123852123405,4.375,4.406398809523809,0.021794643253087997,5.838465645909309,0.22020212723873556,0.0029911681194718653,0.02864583395421505,0.42920367320510344,49.4450648999773
144,2304,61,2.1064710972195777,-2.1064710972195777,3.8125,6.243154761904762,-0.007150753259994591,4.376368284225464,0.2065393067896366,0.0002231811322417343,0.0,0.42920367320510344,49.85363829997368
145,2320,64,2.557798622548086,-2.557798622548086,4,5.040625,-0.011263616383075714,4.033239543437958,0.2771240323781967,0.0006211234140209854,0.0078125,0.42920367320510344,50.34388770000078
146,2336,58,1.682798622548086,-1.682798622548086,3.625,5.144791666666666,-0.0022273582651215484,2.8504627346992493,0.2285568080842495,0.00035467350608087145,0.004310344811528921,0.42920367320510344,50.76612699998077
147,2352,64,2.258572933822129,-2.258572933822129,4,5.215625,-0.007354484871029854,6.039137005805969,0.3354159817099571,0.0002850998134817928,0.00390625,0.42920367320510344,51.18167540000286
148,2368,60,1.7541481633974483,-1.7541481633974483,3.75,5.505208333333333,-0.0012367546946430164,3.3185455203056335,0.14617380499839783,3.138918725653639e-05,0.0,0.42920367320510344,51.52864000003319
149,2384,73,2.263274311274043,-2.263274311274043,4.5625,5.426041666666666,-0.03720926633104682,1.8648059666156769,0.2869145153090358,0.00019703912107615906,0.0,0.42920367320510344,51.923789700027555
150,2400,56,1.455475688725957,-1.455475688725957,3.5,5.780952380952381,-0.008497676862004644,2.8429142832756042,0.25799744576215744,0.0005891553391847992,0.008928571827709675,0.42920367320510344,52.23766560002696
151,2416,65,2.14657063806894,-2.14657063806894,4.0625,4.614285714285715,0.16595330473501235,1.3720124219544232,0.18972650572868588,0.0006401769642252475,0.01171875,0.42920367320510344,52.6469726000214
152,2432,68,2.611172474671492,-2.611172474671492,4.25,5.511458333333334,-0.09528993628919125,2.738190434873104,0.19361803376523312,0.001374439540086314,0.013671875,0.42920367320510344,53.06766140006948
153,2448,68,2.4012720155208545,-2.4012720155208545,4.25,5.183333333333334,0.16231464955490083,3.825143054127693,0.1716015236452222,0.013571439631050453,0.0390625,0.42920367320510344,53.460942700039595
154,2464,61,2.812223392972767,-2.812223392972767,3.8125,4.910863095238096,-0.011843824896534016,8.396416187286377,0.21889690309762955,0.0013371048808039632,0.008196720853447914,0.42920367320510344,53.86825860000681
155,2480,67,2.316648163397449,-2.316648163397449,4.1875,4.661458333333333,-0.0923711892683059,2.9574644565582275,0.23189137651206693,0.0012991807840592173,0.009765625,0.42920367320510344,54.31117520004045
156,2496,63,2.5525440310417076,-2.5525440310417076,3.9375,5.631696428571429,-0.003019762994852293,6.287911891937256,0.2353576011955738,0.00011528123877724283,0.0,0.42920367320510344,54.65191290003713
157,2512,72,2.8523229338221294,-2.8523229338221294,4.5,4.941666666666666,0.07484114379622042,4.852140545845032,0.2520405547693372,0.0012875015963800251,0.0078125,0.42920367320510344,55.10334619996138
158,2528,67,2.223451377451914,-2.223451377451914,4.1875,3.908333333333333,0.007486889371648431,2.8370961397886276,0.19447470782324672,0.008472302128325282,0.0475260429084301,0.42920367320510344,55.50130620005075
159,2544,58,1.517145867644259,-1.517145867644259,3.625,5.769791666666666,-0.0029580627210790134,2.5690152049064636,0.21732792630791664,0.00010908420836130972,0.0,0.42920367320510344,55.836176500073634
160,2560,65,2.8155417352885177,-2.8155417352885177,4.0625,4.974702380952381,-0.28248450707178563,5.47149043250829,0.27751053725387465,0.0011811672593466938,0.005859375,0.42920367320510344,56.248972599976696
161,2576,74,3.057798622548087,-3.057798622548087,4.625,4.9671875,-0.03739047097042203,4.280607879161835,0.32743917405605316,0.0028724104697630537,0.018359375186264515,0.42920367320510344,56.72460820002016
162,2592,61,1.415099540849362,-1.415099540849362,3.8125,5.180208333333334,-0.009543503121259178,2.0785388350486755,0.24233443662524223,0.0009360694712086115,0.008196720853447914,0.42920367320510344,57.16338300006464
163,2608,66,1.5898784436297846,-1.5898784436297846,4.125,5.382589285714285,-0.051910503301769495,3.506012476980686,0.23488172269594543,0.00040424912003800273,0.00390625,0.42920367320510344,57.716850799974054
164,2624,62,1.1111724746714917,-1.1111724746714917,3.875,4.74375,-0.005343388279734906,2.158247709274292,0.2899589464068413,0.0002900075969591853,0.004032257944345474,0.42920367320510344,58.09156069997698
165,2640,75,2.5533738521234053,-2.5533738521234053,4.6875,4.094791666666667,0.016750507638789713,3.1823310554027557,0.2965239118784666,0.0007763391840853728,0.001953125,0.42920367320510344,58.524590700049885
166,2656,67,2.330475688725957,-2.330475688725957,4.1875,5.071577380952381,-0.06413831235840917,2.177624836564064,0.31364014744758606,0.0010926002878477448,0.001953125,0.42920367320510344,58.93579650006723
167,2672,73,2.1869467859455347,-2.1869467859455347,4.5625,6.25625,-0.04309468623250723,3.243656948208809,0.2026209831237793,0.0006764979083584421,0.009765625,0.42920367320510344,59.414658900001086
168,2688,67,2.0893252295753193,-2.0893252295753193,4.1875,5.68125,-0.0004083705134689808,3.316957101225853,0.33237408846616745,0.001509749368779012,0.005859375,0.42920367320510344,59.88502130005509
169,2704,69,3.4153761478765943,-3.4153761478765943,4.3125,5.602380952380952,-0.09497538185678422,7.605047762393951,0.20627773879095912,0.0013677786829475735,0.01171875,0.42920367320510344,60.276221100008115
170,2720,68,2.1556967859455347,-2.1556967859455347,4.25,4.649702380952381,0.00830448407214135,4.531760394573212,0.23616771772503853,0.00105698051629588,0.01171875,0.42920367320510344,60.7209488999797
171,2736,69,1.3431967859455347,-1.3431967859455347,4.3125,4.617708333333334,-0.07080295286141336,4.695202469825745,0.28837142512202263,0.021086865104734898,0.03476562537252903,0.42920367320510344,61.240332299959846
172,2752,66,1.6379977042468106,-1.6379977042468106,4.125,4.440625,0.09945660107769072,2.356671765446663,0.1928412294946611,0.0006525395583594218,0.0,0.42920367320510344,61.698139899992384
173,2768,68,1.9731747704246811,-1.9731747704246811,4.25,4.957291666666666,-0.17434521135874093,1.4890940338373184,0.3473589327186346,0.0010287160403095186,0.0078125,0.42920367320510344,62.26868480001576
174,2784,61,1.7234513774519142,-1.7234513774519142,3.8125,4.823511904761904,-0.012484514994210993,2.606104552745819,0.2903066352009773,0.0004953533116349718,0.0,0.42920367320510344,62.77989820006769
175,2800,65,2.4596238521234053,-2.4596238521234053,4.0625,4.7178571428571425,0.0825033641885966,3.9786878675222397,0.1276456588966539,0.0018735717749223113,0.015625,0.42920367320510344,63.22083600005135
176,2816,61,1.7942477042468106,-1.7942477042468106,3.8125,5.191964285714286,-0.0009078566319926651,2.9354392290115356,0.19594980031251907,4.117068669984292e-05,0.0,0.42920367320510344,63.62289860006422
177,2832,67,3.2228981633974483,-3.2228981633974483,4.1875,4.947172619047619,-0.11898176930844784,4.224233582615852,0.318034078241908,0.003833920154040271,0.015625,0.42920367320510344,64.00646010006312
178,2848,64,1.901272015520854,-1.901272015520854,4,4.102083333333334,-0.0046364974696189165,3.6449063420295715,0.23427698016166687,9.86452359938994e-05,0.0,0.42920367320510344,64.42301170004066
179,2864,71,2.6158738521234057,-2.6158738521234057,4.4375,4.614136904761905,0.022897352930158377,5.429068386554718,0.2072855830192566,0.0014021849383425433,0.02957589365541935,0.42920367320510344,64.80890950001776
180,2880,60,2.0934733929727676,-2.0934733929727676,3.75,5.040625,-0.007501825791162542,6.027764797210693,0.22340327128767967,0.0004280620587451267,0.008333333767950535,0.42920367320510344,65.22012930002529
181,2896,66,2.4551990816987246,-2.4551990816987246,4.125,4.7734375,-0.05417788797058165,1.9560499787330627,0.18281562207266688,0.0033063257578760386,0.0703125,0.42920367320510344,65.65043340006378
182,2912,71,2.5398229338221294,-2.5398229338221294,4.4375,5.458333333333333,-0.03685560484882444,3.687432885169983,0.2294963303138502,0.0006606559781641153,0.005859375,0.42920367320510344,66.12596330000088
183,2928,68,2.879701377451914,-2.879701377451914,4.25,4.964583333333334,-0.12008120794780552,5.171639293432236,0.2801499664783478,0.0028172523016110063,0.01953125,0.42920367320510344,66.52014669997152
184,2944,64,1.9640486225480867,-1.9640486225480867,4,4.728125,-0.009194685146212578,4.518405079841614,0.24887003377079964,0.0005635059933410957,0.0078125,0.42920367320510344,66.82699319999665
185,2960,62,1.7320243112740434,-1.7320243112740434,3.875,4.660416666666666,-0.004725183456039783,3.004999816417694,0.245857834815979,0.00023430682267644443,0.0,0.42920367320510344,67.12734949996229
186,2976,54,1.5442477042468106,-1.5442477042468106,3.375,6.170833333333333,-0.0032536097860429436,3.265716016292572,0.21115165948867798,9.112798215937801e-05,0.0,0.42920367320510344,67.43522780004423
187,2992,67,2.5436944901923457,-2.5436944901923457,4.1875,4.404166666666667,0.006220382172614336,8.237963875755668,0.2178957276046276,0.001300694008591563,0.005859375,0.42920367320510344,67.86693570006173
188,3008,65,1.9820243112740434,-1.9820243112740434,4.0625,5.672916666666667,-0.11181884069810621,2.359178659506142,0.2408768263728973,0.0016218418604694307,0.009765625,0.42920367320510344,68.36010110005736
189,3024,53,1.3478981633974483,-1.3478981633974483,3.3125,6.390773809523809,-0.004577063936696213,2.9808048605918884,0.2519287168979645,0.0001547222900626366,0.0,0.42920367320510344,68.74698180006817
190,3040,65,2.7356192606170264,-2.7356192606170264,4.0625,5.602827380952381,-0.17034465202596039,2.929050055798143,0.2430761073178047,0.0010053606238216162,0.0078125,0.42920367320510344,69.21551740006544
191,3056,58,1.4278206380689396,-1.4278206380689396,3.625,6.186458333333333,-0.009371595934900556,2.1154407262802124,0.23762955889105797,0.0011256178695475683,0.008620689623057842,0.42920367320510344,69.68488049996085
192,3072,68,3.1736724746714917,-3.1736724746714917,4.25,5.623809523809523,0.09662109008058906,11.564259462058544,0.2070525698363781,0.005796088604256511,0.044921875,0.42920367320510344,70.09800330002327
193,3088,61,1.7502766070272329,-1.7502766070272329,3.8125,4.575,-0.00518374142979372,4.034381747245789,0.2109954059123993,0.0002738065795711009,0.0,0.42920367320510344,70.41240929998457
194,3104,67,2.339048622548087,-2.339048622548087,4.1875,5.727380952380953,0.06596517935395241,3.8919759392738342,0.15323126941802911,0.0006017325558786979,0.0,0.42920367320510344,70.7536795999622
195,3120,63,2.5613935718910694,-2.5613935718910694,3.9375,5.902083333333334,-0.005798368123433872,2.5029404759407043,0.23029103502631187,0.00023200339592222008,0.0,0.42920367320510344,71.086541900062
196,3136,64,1.673949081698725,-1.673949081698725,4,5.204910714285714,-0.011042868136428297,3.26405268907547,0.2379816584289074,0.0008376071928068995,0.01171875,0.42920367320510344,71.4113878000062
197,3152,56,1.7356192606170258,-1.7356192606170258,3.5,7.684375,-0.006411959275802959,1.5972783863544464,0.2368319034576416,0.00031974273133528186,0.004464285913854837,0.42920367320510344,71.80079929996282
198,3168,62,1.4018252295753189,-1.4018252295753189,3.875,5.04375,-0.004302482910251371,1.4987194240093231,0.20084965601563454,0.00021393234965216834,0.004032257944345474,0.42920367320510344,72.20150610001292
199,3184,63,1.3658738521234053,-1.3658738521234053,3.9375,4.711458333333333,-0.005776476128847241,2.333874523639679,0.22006120160222054,0.000620977963990299,0.007936508394777775,0.42920367320510344,72.52983460004907
200,3200,64,1.7270463267948966,-1.7270463267948966,4,6.08125,-0.007847208995372057,2.2430452704429626,0.2844291776418686,0.000605779467150569,0.00390625,0.42920367320510344,72.91615269996691
201,3216,73,3.9056967859455347,-3.9056967859455347,4.5625,5.250297619047619,0.01454925024881959,6.768010497093201,0.3577747233211994,0.0039886372201181075,0.029513888992369175,0.42920367320510344,73.29993530001957
202,3232,60,1.9955752295753195,-1.9955752295753195,3.75,6.265625,-0.00616609875190377,3.6799848079681396,0.3071775734424591,0.00036687657484435476,0.004166666883975267,0.42920367320510344,73.63088950002566
203,3248,74,2.375,-2.375,4.625,5.285714285714286,0.04057180928066373,3.4814850986003876,0.32336719520390034,0.005380677667744749,0.041796875186264515,0.42920367320510344,74.01571389997844
204,3264,61,4.22206834231575,-4.22206834231575,3.8125,5.803125,-0.0037697536284466704,10.330310821533203,0.5870895832777023,0.00016583520755375503,0.0,0.42920367320510344,74.41424249997362
205,3280,65,5.624170178918302,-5.624170178918302,4.0625,6.083333333333333,-0.15039653750136495,14.91122676525265,0.36266216354772496,0.1074245274066925,0.16015625,0.42920367320510344,74.84233959997073
206,3296,55,0.6783738521234052,-0.6783738521234052,3.4375,6.178125,-0.012057267336852195,3.411012828350067,0.2027069367468357,0.0044984274136368185,0.0181818176060915,0.42920367320510344,75.22048170003109
207,3312,63,1.6067477042468101,-1.6067477042468101,3.9375,5.322172619047619,-0.0028055087609646367,2.7846986651420593,0.22473874688148499,0.0003469009752734564,0.003968254197388887,0.42920367320510344,75.55339430004824
208,3328,61,1.8075220155208536,-1.8075220155208536,3.8125,5.65625,-0.0072975902337213405,2.257827937602997,0.18591241538524628,0.00033408367471565725,0.004098360426723957,0.42920367320510344,75.9278596000513
209,3344,60,1.499723392972768,-1.499723392972768,3.75,4.838541666666667,-0.006894523487426252,4.044585466384888,0.15834076330065727,0.0003929441040781967,0.004166666883975267,0.42920367320510344,76.25743820006028
210,3360,65,1.9103981633974487,-1.9103981633974487,4.0625,5.60625,-0.0001313274260610342,2.666999524459243,0.28928044428525723,0.0015034967873361893,0.0,0.42920367320510344,76.66860610002186
211,3376,67,1.803927066177871,-1.803927066177871,4.1875,5.084375,-0.1405855199554935,2.0436505004763603,0.14537222683429718,0.00274279310057568,0.017578125,0.42920367320510344,77.1198400000576
212,3392,74,2.249446785945535,-2.249446785945535,4.625,4.050297619047619,0.057795096188783646,5.09570486843586,0.26771994307637215,0.000895586053502484,0.0078125,0.42920367320510344,77.50232339999638
213,3408,61,2.8122233929727676,-2.8122233929727676,3.8125,5.194345238095238,-0.013357551535591483,4.218955993652344,0.23074102774262428,0.002574149148131255,0.028688523918390274,0.42920367320510344,77.8242969000712
214,3424,61,1.4596238521234062,-1.4596238521234062,3.8125,5.620833333333334,-0.012110242457892495,5.244526267051697,0.2944190204143524,0.0005221132323640632,0.008196720853447914,0.42920367320510344,78.13955860002898
215,3440,59,1.0533738521234057,-1.0533738521234057,3.6875,5.222916666666666,-0.0012167773048701314,2.1166645288467407,0.11924606747925282,3.4225141121169145e-05,0.0,0.42920367320510344,78.46889520005789
216,3456,71,3.4897674240144743,-3.4897674240144743,4.4375,5.577083333333333,0.03369132394436747,5.212656378746033,0.2926221280358732,0.0037627574284968546,0.009765625,0.42920367320510344,78.86002450005617
217,3472,73,2.4103981633974483,-2.4103981633974483,4.5625,4.768601190476191,-0.08955852966755629,3.064745396375656,0.17464314959943295,0.0029571473553460237,0.01171875,0.42920367320510344,79.28456269996241
218,3488,57,1.9817477042468101,-1.9817477042468101,3.5625,5.109375,-0.01358838489671288,3.294188976287842,0.20585938543081284,0.0016085236966318917,0.01315789483487606,0.42920367320510344,79.71150850004051
219,3504,55,1.0492256887259568,-1.0492256887259568,3.4375,6.266666666666667,-0.007992269767617799,2.4286022186279297,0.14462077990174294,0.0002443914404466341,0.0,0.42920367320510344,80.11490729998332
220,3520,61,0.9643252295753191,-0.9643252295753191,3.8125,5.915625,-0.001646219207390054,1.3490495681762695,0.1600997969508171,5.835282445332268e-05,0.0,0.42920367320510344,80.58504100004211
221,3536,71,2.6075775253285083,-2.6075775253285083,4.4375,4.916964285714286,-0.014770577661693096,5.69599886238575,0.1701877238228917,0.000934232175239913,0.009765625,0.42920367320510344,81.02557800000068
222,3552,75,3.3926990816987237,-3.3926990816987237,4.6875,4.418154761904762,-0.07587567725568078,10.116626471281052,0.1486233314499259,0.004241476429426072,0.032492898404598236,0.42920367320510344,81.45259130001068
223,3568,69,2.6606747704246807,-2.6606747704246807,4.3125,4.504166666666666,0.02745359018445015,4.502640187740326,0.22633066028356552,0.002023169210588094,0.017578125,0.42920367320510344,81.8607667000033
224,3584,63,1.2674224746714915,-1.2674224746714915,3.9375,4.900520833333333,-0.008768775492963954,3.5081952810287476,0.2676732614636421,0.0005419334665930364,0.011904762126505375,0.42920367320510344,82.17624519998208
225,3600,65,2.6379977042468106,-2.6379977042468106,4.0625,5.536458333333333,0.3279340600129217,5.934574361890554,0.34021564698755924,0.001509571826318279,0.01171875,0.42920367320510344,82.53805279999506
226,3616,59,1.8039270661778706,-1.8039270661778706,3.6875,5.6125,-0.007647596765309572,3.053144872188568,0.18486623466014862,0.0018646888129296713,0.012711864430457354,0.42920367320510344,82.87190619995818
227,3632,61,1.8655972450961729,-1.8655972450961729,3.8125,5.710863095238095,-0.009332713392395275,5.199792265892029,0.2849262058734894,0.0019818817454506643,0.02049180306494236,0.42920367320510344,83.23738659999799
228,3648,73,2.4690266070272333,-2.4690266070272333,4.5625,4.538839285714285,0.012712323572486639,5.086523562669754,0.18166948109865189,0.0007974476521326324,0.01171875,0.42920367320510344,83.66292819997761
229,3664,65,2.3437500000000004,-2.3437500000000004,4.0625,5.098511904761905,0.8267733259417582,27.111734248697758,0.36204706132411957,0.008553633699193597,0.01171875,0.42920367320510344,84.10618360002991
230,3680,68,2.1595683423157506,-2.1595683423157506,4.25,5.965029761904762,-0.04444309929385781,2.377478778362274,0.24388707522302866,0.00033501535654067993,0.00390625,0.42920367320510344,84.56831610004883
231,3696,52,1.535398163397448,-1.535398163397448,3.25,6.173958333333333,-0.0049365689718308126,2.5043059587478638,0.2561337538063526,0.0010030555931734852,0.009615384973585606,0.42920367320510344,84.92625530005898
232,3712,62,1.6830752295753195,-1.6830752295753195,3.875,4.866666666666667,-0.006088546041639553,3.2403029203414917,0.2164759524166584,0.0005320706677593989,0.008064515888690948,0.42920367320510344,85.3111840999918
233,3728,74,2.084900459150639,-2.084900459150639,4.625,4.710714285714285,-0.049027323024347425,4.182664573192596,0.18215301167219877,0.002086620619252244,0.03476562537252903,0.42920367320510344,85.79632409999613
234,3744,63,1.3077986225480862,-1.3077986225480862,3.9375,5.4375,-0.00954265525889797,2.294359803199768,0.2427741438150406,0.0010618647829687688,0.011904762592166662,0.42920367320510344,86.22312229999807
235,3760,60,2.4684733929727676,-2.4684733929727676,3.75,6.221875,-0.009797775962700483,7.49315619468689,0.20361823216080666,0.0004987966804037569,0.004166666883975267,0.42920367320510344,86.63132280006539
236,3776,62,1.0218472450961724,-1.0218472450961724,3.875,5.308333333333334,-0.004835925590727541,1.6797749400138855,0.18372022733092308,0.00030861703635309823,0.004032257944345474,0.42920367320510344,87.04001890006475
237,3792,59,1.723174770424681,-1.723174770424681,3.6875,5.028422619047619,-0.003213523840728705,8.290435314178467,0.1704736053943634,0.00014311631184682483,0.0,0.42920367320510344,87.37073870003223
238,3808,53,0.897677066177871,-0.897677066177871,3.3125,6.810416666666667,-0.00952367228236195,1.3880294263362885,0.1770968958735466,0.0008184906037058681,0.014150943607091904,0.42920367320510344,87.70143919996917
239,3824,50,1.7585729338221294,-1.7585729338221294,3.125,6.017708333333333,-0.010419693072326375,3.8600709438323975,0.2063988484442234,0.0021285644179442897,0.014999999664723873,0.42920367320510344,88.02872469997965
240,3840,60,1.1966261478765947,-1.1966261478765947,3.75,5.51875,-0.011798269751792212,2.939967155456543,0.1712568663060665,0.0031736482196720317,0.02083333395421505,0.42920367320510344,88.3925362000009
241,3856,67,2.0754977042468106,-2.0754977042468106,4.1875,5.095833333333333,-0.03966887202113867,3.7527897655963898,0.16502782423049212,0.000649867610718502,0.005859375,0.42920367320510344,88.79953259998001
242,3872,57,2.0893252295753193,-2.0893252295753193,3.5625,7.540922619047619,-0.005842033252855261,2.3203685879707336,0.1858917661011219,0.000445053630755865,0.004385964944958687,0.42920367320510344,89.11924580007326
243,3888,65,1.3346238521234053,-1.3346238521234053,4.0625,5.230208333333334,-0.2796675756108016,2.232364721596241,0.08588803121529054,0.00012609173427335918,0.001953125,0.42920367320510344,89.48352810007054
244,3904,69,1.6783738521234057,-1.6783738521234057,4.3125,5.336458333333334,-0.02272271050605923,1.721559777855873,0.17309529101476073,0.00020956146055373104,0.001953125,0.42920367320510344,89.88190839998424
245,3920,61,2.392145867644259,-2.392145867644259,3.8125,5.121875,-0.0004093534602747084,4.772541165351868,0.09334874153137207,3.835255114381653e-06,0.0,0.42920367320510344,90.21638710005209
246,3936,62,1.7450220155208536,-1.7450220155208536,3.875,5.4401785714285715,-0.00333520799082887,1.5459263324737549,0.17344942688941956,0.0003033603043149924,0.004032257944345474,0.42920367320510344,90.57669570005964
247,3952,67,2.431415587411922,-2.431415587411922,4.1875,5.208333333333333,-0.035489162895828485,2.3896770998835564,0.31454259902238846,0.002037544084828369,0.013671875,0.42920367320510344,90.97088789998088
248,3968,63,2.753594949342983,-2.753594949342983,3.9375,5.215625,-0.007791263557645145,8.298814058303833,0.18581772595643997,0.0009444728602829855,0.01587301678955555,0.42920367320510344,91.3126828999957
249,3984,54,1.2853981633974483,-1.2853981633974483,3.375,6.209375,-0.006119529225139253,2.8671910166740417,0.1932826191186905,0.001019641853417852,0.013888888992369175,0.42920367320510344,91.61177550000139
250,4000,72,1.9369467859455347,-1.9369467859455347,4.5,4.997916666666667,-0.07814256497658789,4.079222232103348,0.15815574955195189,0.00036041724524693564,0.00390625,0.42920367320510344,92.0374289000174
251,4016,61,2.628594949342983,-2.628594949342983,3.8125,5.245833333333334,-0.009152100209650627,4.369178295135498,0.14598963409662247,0.0007651637461094651,0.016393442638218403,0.42920367320510344,92.40500290005002
252,4032,63,1.816924770424681,-1.816924770424681,3.9375,4.899255952380952,-0.008516810124828689,2.6904295682907104,0.2338441126048565,0.0012965523201273754,0.01984127052128315,0.42920367320510344,92.76552919996902
253,4048,58,2.9322454084936207,-2.9322454084936207,3.625,5.665625,-0.0006507794556800395,8.077394723892212,0.15688663348555565,9.459102761866234e-05,0.0,0.42920367320510344,93.11330780002754
254,4064,69,2.4280972450961733,-2.4280972450961733,4.3125,4.808035714285714,0.10660935449413955,3.1595796942710876,0.15367084118770435,0.0015325015767304606,0.03281250037252903,0.42920367320510344,93.53734519996215
255,4080,59,1.0221238521234053,-1.0221238521234053,3.6875,6.1276785714285715,-0.0023450392058663727,4.083629667758942,0.14675895869731903,0.00014335447167468374,0.0,0.42920367320510344,93.85938959999476
256,4096,60,1.7364490816987241,-1.7364490816987241,3.75,5.864583333333333,-0.003882530222957481,6.768034934997559,0.19466204568743706,0.00012501974788392545,0.0,0.42920367320510344,94.19788490002975
257,4112,68,1.8655972450961724,-1.8655972450961724,4.25,5.155208333333333,-0.14086079830303788,2.1457627713680267,0.18661777884699404,0.0009268019639421254,0.0078125,0.42920367320510344,94.56624469999224
258,4128,63,1.6377210972195781,-1.6377210972195781,3.9375,4.791666666666667,-0.0067843182053093365,3.3186944127082825,0.15282712504267693,0.0007741753252048511,0.007936508394777775,0.42920367320510344,94.8807207000209
259,4144,67,1.5754977042468108,-1.5754977042468108,4.1875,5.104166666666667,-0.1014571946579963,2.2506858855485916,0.3128751292824745,0.00102643383403489,0.009765625,0.42920367320510344,95.249006500002
260,4160,65,2.6606747704246807,-2.6606747704246807,4.0625,5.693005952380952,-0.20207722415216267,5.646049866452813,0.17184318135692678,0.0003059805167140439,0.00390625,0.42920367320510344,95.60334460006561
261,4176,79,3.7099004591506377,-3.7099004591506377,4.9375,5.598164682539682,-0.003926682751625776,9.817446768283844,0.1745064565911889,0.002692317927710519,0.018098958767950535,0.42920367320510344,96.10360450006556
262,4192,71,2.5752210972195777,-2.5752210972195777,4.4375,4.266666666666667,0.16107405326329172,5.08022728562355,0.14100932273140643,0.00014317287850929006,0.001953125,0.42920367320510344,96.45587950001936
263,4208,56,1.4997233929727676,-1.4997233929727676,3.5,5.786458333333333,-0.003062829358636332,3.4136590361595154,0.11492790468037128,0.00040498681391909486,0.004464285913854837,0.42920367320510344,96.77650230005383
264,4224,70,2.1780972450961738,-2.1780972450961738,4.375,4.807738095238095,-0.041850047069601715,4.4003647565841675,0.18037139112129807,0.002249452635926019,0.03450520895421505,0.42920367320510344,97.16343209997285
265,4240,75,2.7231747704246825,-2.7231747704246825,4.6875,4.566369047619047,-0.023863844107836485,2.3782340437173843,0.23515790328383446,0.002975849827635102,0.038352273404598236,0.42920367320510344,97.53760350006633
266,4256,64,2.45907063806894,-2.45907063806894,4,4.653497023809524,-0.011247414629906416,5.196619510650635,0.21702474355697632,0.0013257812533993274,0.02734375,0.42920367320510344,97.87366749998182
267,4272,65,1.7547013774519145,-1.7547013774519145,4.0625,4.775,-0.00469029217492789,2.6833866219967604,0.201708325077612,0.0009222438093274832,0.01171875,0.42920367320510344,98.28284900006838
268,4288,64,3.382743112740431,-3.382743112740431,4,5.551934523809524,-0.005241740960627794,8.677475929260254,0.22507847100496292,0.00112940464168787,0.01171875,0.42920367320510344,98.70492869999725
269,4304,70,1.4145463267948968,-1.4145463267948968,4.375,5.385416666666667,-0.1369736820925027,3.0294022858142853,0.22770482674241066,0.0008322776435534252,0.00390625,0.42920367320510344,99.12318410002626
270,4320,56,2.2099004591506377,-2.2099004591506377,3.5,6.8081845238095235,-0.01403659405851998,9.849925518035889,0.12939717806875706,0.0031483555649174377,0.017857143189758062,0.42920367320510344,99.4023246000288
271,4336,71,1.8431967859455343,-1.8431967859455343,4.4375,5.426041666666666,-0.18819834594614804,3.606506735086441,0.1469659646973014,0.0010067282465318073,0.02762276865541935,0.42920367320510344,99.74967589997686
272,4352,63,1.620022015520854,-1.620022015520854,3.9375,4.384895833333333,-0.008970240058953971,5.200759053230286,0.20675873383879662,0.0009885553881758824,0.015873016323894262,0.42920367320510344,100.06231269997079
273,4368,65,3.275995408493621,-3.275995408493621,4.0625,5.023958333333334,0.01907581416890025,4.3182823453098536,0.18152400734097207,0.0018349922320339829,0.021484375,0.42920367320510344,100.4385961999651
274,4384,62,2.954645867644259,-2.954645867644259,3.875,6.615625,-0.0012533402963699203,4.2071404457092285,0.16382837295532227,7.534958285759785e-05,0.0,0.42920367320510344,100.76048140006606
275,4400,60,1.6830752295753189,-1.6830752295753189,3.75,6.065625,-0.008211003523320048,3.4870097041130066,0.21034512296319008,0.0017833357414929196,0.008333333767950535,0.42920367320510344,101.07616060005967
276,4416,61,1.9950220155208533,-1.9950220155208533,3.8125,5.795089285714286,-0.005757625570681046,4.519521594047546,0.13628121465444565,0.0006143913760752184,0.008196720853447914,0.42920367320510344,101.37387150002178
277,4432,76,3.360895867644259,-3.360895867644259,4.75,4.246130952380953,0.022784852422773838,2.7060820758342743,0.2051288690418005,0.002256906620459631,0.026041666977107525,0.42920367320510344,101.76171089999843
278,4448,66,2.660674770424681,-2.660674770424681,4.125,4.519791666666666,-0.05456956138368696,2.3960870131850243,0.10011883956030942,0.0014855484550935216,0.009765625,0.42920367320510344,102.13404000003356
279,4464,62,2.299225688725957,-2.299225688725957,3.875,5.138541666666667,-0.0074455301247295935,10.230261087417603,0.20520396903157234,0.0022338629787554964,0.008064515888690948,0.42920367320510344,102.48056250007357
280,4480,69,2.415376147876595,-2.415376147876595,4.3125,4.898958333333333,0.05985666182823479,6.038151949644089,0.2727154912427068,0.001972012687474489,0.01171875,0.42920367320510344,102.83613199996762
281,4496,59,2.3036504591506386,-2.3036504591506386,3.6875,5.711458333333334,-0.005566869449991074,4.1606361865997314,0.1608940102159977,0.0006754431688023033,0.008474576286971569,0.42920367320510344,103.14671820006333
282,4512,60,2.1780972450961724,-2.1780972450961724,3.75,5.220535714285714,-0.0077383448447412295,2.596349596977234,0.23327025398612022,0.001997665654926095,0.016666667070239782,0.42920367320510344,103.49397379998118
283,4528,62,1.8122233929727678,-1.8122233929727678,3.875,6.826041666666667,-0.007784131452471144,2.2967662811279297,0.21916203573346138,0.00197520072106272,0.024193547666072845,0.42920367320510344,103.81750010000542
284,4544,47,0.8525995408493621,-0.8525995408493621,2.9375,6.6625,-0.00353311283756641,3.5369917154312134,0.15027621388435364,0.0005149135977262631,0.005319148767739534,0.42920367320510344,104.0693392000394
285,4560,67,3.097344949342983,-3.097344949342983,4.1875,5.847172619047619,0.20948643435258418,4.751196458935738,0.2044945196248591,0.0016214743664022535,0.0475260429084301,0.42920367320510344,104.44354560005013
286,4576,65,1.5757743112740434,-1.5757743112740434,4.0625,4.95625,-0.1985137076699175,3.6345933857373893,0.16801769667267763,0.00033501058351248503,0.005859375,0.42920367320510344,104.78658660000656
287,4592,66,2.941094949342983,-2.941094949342983,4.125,4.847172619047619,-0.2444173777475953,5.972145296633244,0.12737287984055,0.000420461903559044,0.005859375,0.42920367320510344,105.19704760005698
288,4608,73,2.1014931127404317,-2.1014931127404317,4.5625,4.778125,0.08882697578519583,6.980766445398331,0.20151259005069733,0.003187043377693044,0.023654513992369175,0.42920367320510344,105.58857180003542
289,4624,68,3.2806967859455347,-3.2806967859455347,4.25,5.066666666666666,-0.028828185400925577,5.618962123990059,0.23467572452500463,0.0016993710305541754,0.005859375,0.42920367320510344,105.97387550002895
290,4640,60,1.8119467859455347,-1.8119467859455347,3.75,5.284151785714286,-0.0038594994771605773,3.66117125749588,0.2016596719622612,0.00019341030429131933,0.0,0.42920367320510344,106.30607230006717
291,4656,69,2.4369467859455347,-2.4369467859455347,4.3125,4.922321428571428,-0.06638035015203059,2.4814389795064926,0.12796222313772887,0.0013419182278113784,0.017578125,0.42920367320510344,106.69587279995903
292,4672,67,3.3116701789183027,-3.3116701789183027,4.1875,5.399404761904762,0.02076777326874435,9.399258017539978,0.1430748524144292,0.004333189805038495,0.0553385429084301,0.42920367320510344,107.1121967000654
293,4688,69,3.4496678831651124,-3.4496678831651124,4.3125,5.250595238095238,0.08674734737724066,7.8352906703948975,0.1598083060234785,0.0021610776988723046,0.017578125,0.42920367320510344,107.44888250005897
294,4704,59,1.3711284436297846,-1.3711284436297846,3.6875,5.009375,-0.014590546326964215,4.4998133182525635,0.2271416336297989,0.0014447215289692394,0.016949152573943138,0.42920367320510344,107.82557470002212
295,4720,62,1.2762720155208536,-1.2762720155208536,3.875,4.565625,-0.008823428761154162,9.702908039093018,0.18579421192407608,0.001452345764846541,0.008064515888690948,0.42920367320510344,108.2088844999671
296,4736,64,1.1291481633974483,-1.1291481633974483,4,5.3430059523809526,-0.007991376798599958,5.364791035652161,0.19379687681794167,0.0007375663844868541,0.01171875,0.42920367320510344,108.51007459999528
297,4752,61,1.7762720155208536,-1.7762720155208536,3.8125,5.036458333333333,-0.007916417684726618,2.8091588020324707,0.1532473936676979,0.001414273130649235,0.012295081280171871,0.42920367320510344,108.84645509999245
298,4768,70,2.160674770424681,-2.160674770424681,4.375,4.806845238095238,-0.010401886131148785,3.9673817045986652,0.1747132961754687,0.00163679605789957,0.01171875,0.42920367320510344,109.19238330004737
299,4784,67,2.361449081698724,-2.361449081698724,4.1875,5.063541666666667,0.04384749138262123,4.155956547707319,0.20827590953558683,0.0010224137604382122,0.01171875,0.42920367320510344,109.5110479000723
300,4800,65,2.432522015520855,-2.432522015520855,4.0625,4.692708333333333,0.033447782741859555,5.33488883683458,0.085140267166949,0.0006498345464933664,0.009765625,0.42920367320510344,109.82956380001269
301,4816,65,1.9056967859455352,-1.9056967859455352,4.0625,7.1125,-0.40266127069480717,2.593609981238842,0.1898980656133915,0.002345515982597135,0.0078125,0.42920367320510344,110.17750960006379
302,4832,79,3.2046458676442593,-3.2046458676442593,4.9375,4.389285714285714,-0.05019093630835414,9.576887547969818,0.22479283064603806,0.007613274407503923,0.04700521007180214,0.42920367320510344,110.67907720000949
303,4848,66,1.8163715563702154,-1.8163715563702154,4.125,5.5964285714285715,0.18310813652351499,3.7872717082500458,0.15498689673515287,0.0010554118489380926,0.013671875,0.42920367320510344,111.02614059997723
304,4864,70,1.8473449493429825,-1.8473449493429825,4.375,5.458705357142857,-0.18224929957068525,2.8009487241506577,0.2091897949576378,0.0060712665693642975,0.0436197929084301,0.42920367320510344,111.36121830006596
305,4880,70,3.4994467859455347,-3.4994467859455347,4.375,5.257638888888889,-0.054314807057380676,13.768208965659142,0.32404842076357454,0.007223281611686616,0.0234375,0.42920367320510344,111.70789449999575
306,4896,65,2.013274311274043,-2.013274311274043,4.0625,4.960416666666666,-0.23147586709819734,3.1982391653582454,0.18085492834899242,0.0003828250046353787,0.00390625,0.42920367320510344,112.0873913000105
307,4912,58,2.147400459150638,-2.147400459150638,3.625,6.009375,-0.009891583969623863,4.562140464782715,0.23320547118782997,0.0014480782010650728,0.017241379246115685,0.42920367320510344,112.39071389997844
308,4928,74,2.2228981633974487,-2.2228981633974487,4.625,4.774553571428571,-0.05993196670897305,4.3557672798633575,0.23828615108504891,0.0010571890402388817,0.020312500186264515,0.42920367320510344,112.79851980006788
309,4944,61,2.057522015520854,-2.057522015520854,3.8125,4.55,-0.00793294540652223,2.4754713773727417,0.1648893803358078,0.00042404027954034973,0.004098360426723957,0.42920367320510344,113.08579809998628
310,4960,64,1.5713495408493618,-1.5713495408493618,4,5.529761904761905,-0.005337822949513793,1.4495239555835724,0.19186023622751236,0.00037735674413852394,0.00390625,0.42920367320510344,113.46175320004113
311,4976,64,1.8033738521234053,-1.8033738521234053,4,6.204910714285714,-0.01002941862680018,3.4428545236587524,0.21931225433945656,0.0009978757152566686,0.01171875,0.42920367320510344,113.78005559998564
312,4992,66,2.4997233929727676,-2.4997233929727676,4.125,5.386458333333334,-0.026499134488403797,3.569648489356041,0.30448816157877445,0.0010962484375340864,0.01171875,0.42920367320510344,114.11764860001858
313,5008,63,2.012444490192345,-2.012444490192345,3.9375,5.267708333333333,-0.009631791283258306,4.982512950897217,0.27477221190929413,0.0010325982075301,0.011904762126505375,0.42920367320510344,114.50433480006177
314,5024,59,1.1783738521234053,-1.1783738521234053,3.6875,5.209375,-0.00439014317866393,3.151725709438324,0.17276224121451378,0.00020659500387409935,0.0,0.42920367320510344,114.80765460000839
315,5040,69,2.2582963267948966,-2.2582963267948966,4.3125,5.23125,0.08454344142228365,4.151173412799835,0.19522954616695642,0.0017573770601302385,0.01171875,0.42920367320510344,115.14909590000752
316,5056,65,3.3470683423157506,-3.3470683423157506,4.0625,5.142559523809524,-0.09779361193068326,8.202802337706089,0.1822599663698796,0.004471131862374023,0.01171875,0.42920367320510344,115.49205450003501
317,5072,64,1.5760509183012767,-1.5760509183012767,4,5.878720238095238,-0.005598602816462517,2.5222489833831787,0.1902753971517086,0.0002798430505208671,0.0,0.42920367320510344,115.82690670003649
318,5088,58,1.7099004591506386,-1.7099004591506386,3.625,5.980654761904762,-0.008718777789156196,2.0894370675086975,0.16680120304226875,0.0007841311853553634,0.017241379711776972,0.42920367320510344,116.17832649999764
319,5104,69,3.0306967859455347,-3.0306967859455347,4.3125,5.590625,0.09856322023551911,14.763872921466827,0.15954834781587124,0.009352495724670007,0.03867187537252903,0.42920367320510344,116.57087359996513
320,5120,65,2.7632743112740434,-2.7632743112740434,4.0625,5.465773809523809,-0.17441433342173696,5.062203934416175,0.08760484517431122,0.00019557453924790025,0.001953125,0.42920367320510344,116.9543171999976
321,5136,66,2.5481192606170255,-2.5481192606170255,4.125,4.789583333333333,-0.05208106531063095,3.086393365636468,0.17532367193700793,0.00036743963573826477,0.00390625,0.42920367320510344,117.34828320005909
322,5152,68,2.2140486225480864,-2.2140486225480864,4.25,4.819791666666667,-0.03612743550911546,3.531316101551056,0.14215121266897768,0.0007512025476898998,0.0078125,0.42920367320510344,117.73153049999382
323,5168,68,2.2104536732051034,-2.2104536732051034,4.25,4.947916666666667,0.08266998920589685,4.0580397844314575,0.18208741769194603,0.0037972271093167365,0.07421875,0.42920367320510344,118.10422710003331
324,5184,59,2.0268252295753193,-2.0268252295753193,3.6875,5.715625,-0.003302710538264364,2.8209158182144165,0.1335914507508278,0.0005017988896725001,0.008474576286971569,0.42920367320510344,118.45837860007305
325,5200,62,2.3423669648638366,-2.3423669648638366,3.875,5.3742559523809526,-0.004437136030079891,5.211346626281738,0.16184982284903526,0.0001534402013021463,0.0,0.42920367320510344,118.77771000005305
326,5216,62,1.816924770424681,-1.816924770424681,3.875,5.117113095238095,-0.0039159643046948744,4.463134527206421,0.1552312672138214,0.0005951240127615165,0.012096773833036423,0.42920367320510344,119.10218629997689
327,5232,62,1.3879977042468108,-1.3879977042468108,3.875,4.819791666666666,-0.007330820255447179,3.9637869596481323,0.2208411730825901,0.0010634078826115,0.012096773833036423,0.42920367320510344,119.46515649999492
328,5248,67,2.575221097219578,-2.575221097219578,4.1875,5.336011904761905,0.021875221515074372,5.96227340400219,0.19433458336459353,0.0010304463721695356,0.0078125,0.42920367320510344,119.91802690003533
329,5264,66,2.602322933822129,-2.602322933822129,4.125,4.900297619047619,0.3163836570456624,5.888001516461372,0.14497635008592624,0.0013672754284925759,0.013671875,0.42920367320510344,120.3546503999969
330,5280,59,1.5663715563702154,-1.5663715563702154,3.6875,5.213541666666667,-0.008714783042906071,2.7903193831443787,0.19152913615107536,0.0010167388136324007,0.012711864430457354,0.42920367320510344,120.68053010001313
331,5296,70,2.450221097219578,-2.450221097219578,4.375,5.045833333333333,0.06289787194691598,3.9366061240434647,0.29469709657132626,0.003589764334378742,0.0553385429084301,0.42920367320510344,121.12849250005092
332,5312,64,1.8968472450961729,-1.8968472450961729,4,4.854761904761904,-0.003269447945058346,2.4060463905334473,0.17523504793643951,0.0010527798440307379,0.0078125,0.42920367320510344,121.46343939995859
333,5328,73,1.709347245096173,-1.709347245096173,4.5625,4.527529761904762,0.027645358117297292,2.381412871181965,0.1962672434747219,0.001326393759882194,0.013671875,0.42920367320510344,121.93510630005039
334,5344,57,1.0981747704246816,-1.0981747704246816,3.5625,5.467708333333333,-0.00630375015622886,1.6470598578453064,0.1192403994500637,0.0010673203032638412,0.017543859779834747,0.42920367320510344,122.30559510004241
335,5360,65,2.030696785945535,-2.030696785945535,4.0625,4.527083333333334,0.2991716740652919,4.336499467026442,0.05291523853435992,0.0018253278685733676,0.009765625,0.42920367320510344,122.67545380000956
336,5376,82,3.03982293382213,-3.03982293382213,5.125,4.228472222222222,0.017457326408475637,3.3838503062725067,0.1582082025706768,0.0024725380757786297,0.03645833348855376,0.42920367320510344,123.16426540003158
337,5392,60,1.4554756887259575,-1.4554756887259575,3.75,5.428125,-0.013091890560462893,1.9669362306594849,0.1411483772099018,0.0010262024916301016,0.012500000651925802,0.42920367320510344,123.45449100004043
338,5408,58,2.0085729338221294,-2.0085729338221294,3.625,5.221875,-0.007296154680983102,2.500016987323761,0.14012040570378304,0.0007601877405249979,0.008620689623057842,0.42920367320510344,123.75198289996479
339,5424,64,1.1825220155208533,-1.1825220155208533,4,4.063541666666667,-0.00758028170093894,3.062827229499817,0.13843994215130806,0.00047846013330854475,0.0078125,0.42920367320510344,124.0562431999715
340,5440,60,1.4823009183012759,-1.4823009183012759,3.75,6.163095238095238,-0.009458882920443834,2.9594642519950867,0.17185078561306,0.001739460349199362,0.01666666753590107,0.42920367320510344,124.36985979997553
341,5456,63,2.817201377451914,-2.817201377451914,3.9375,4.869196428571429,-0.006987472626543312,5.094020366668701,0.19210372492671013,0.0010891173405980226,0.007936508394777775,0.42920367320510344,124.66925420006737
342,5472,69,3.1335729338221294,-3.1335729338221294,4.3125,5.253125,0.06744298338890076,5.812762022018433,0.10665121069177985,0.0009821178449485046,0.009765625,0.42920367320510344,125.00721040007193
343,5488,70,3.280420178918302,-3.280420178918302,4.375,5.013020833333333,-0.10890688933432102,3.5569887459278107,0.1121829638723284,0.005094937834357438,0.02864583395421505,0.42920367320510344,125.35666060005315
344,5504,63,1.7997789027804225,-1.7997789027804225,3.9375,4.730208333333334,-0.004918866092339158,2.9605302214622498,0.10868097469210625,0.0021644610169460066,0.007936508394777775,0.42920367320510344,125.6799743999727
345,5520,62,2.4142697197676637,-2.4142697197676637,3.875,5.407886904761905,-0.008457805413091712,8.931541681289673,0.1117605734616518,0.0012462395679904148,0.008064515888690948,0.42920367320510344,125.98790509998798
346,5536,66,4.106471097219577,-4.106471097219577,4.125,4.654166666666667,-0.27315563219599426,8.802514158189297,0.25393390748649836,0.004516302506090142,0.01171875,0.42920367320510344,126.30672630004119
347,5552,63,2.2936944901923453,-2.2936944901923453,3.9375,4.977678571428571,-0.006140286742251089,8.165812492370605,0.1797751821577549,0.0002913062826337409,0.003968254197388887,0.42920367320510344,126.6191295000026
348,5568,47,1.2273229338221292,-1.2273229338221292,2.9375,6.630208333333333,-0.01065436422210575,2.160299241542816,0.19245805963873863,0.001966994874237571,0.021276595070958138,0.42920367320510344,126.88967930001672
349,5584,65,1.1335729338221294,-1.1335729338221294,4.0625,4.871279761904762,0.4465778723824769,4.47648776974529,0.15773116168566048,0.0022312449291348457,0.01953125,0.42920367320510344,127.25960510002915
350,5600,64,2.8785949493429825,-2.8785949493429825,4,5.1359375,-0.009085979079827666,9.062034845352173,0.17447328940033913,0.0007827321824152023,0.0078125,0.42920367320510344,127.58245190000162
351,5616,67,2.200221097219578,-2.200221097219578,4.1875,5.731770833333333,0.053133033914491534,2.697497010231018,0.20762871507031377,0.012098199339277471,0.005859375,0.42920367320510344,127.98155210004188
352,5632,65,1.6205752295753193,-1.6205752295753193,4.0625,5.073660714285714,0.09279779507778585,1.4792258255183697,0.20596457315150474,0.0024510231451131403,0.021484375,0.42920367320510344,128.31202050007414
353,5648,59,1.4460729338221294,-1.4460729338221294,3.6875,5.526041666666667,-0.004418018735724338,2.3599454164505005,0.13870781287550926,0.0011639472577371635,0.012711864430457354,0.42920367320510344,128.620647200034
354,5664,64,1.5710729338221294,-1.5710729338221294,4,4.479166666666667,-0.011951710097491741,4.149130940437317,0.17075693607330322,0.0013060335768386722,0.02734375,0.42920367320510344,128.93256910005584
355,5680,58,2.3434733929727676,-2.3434733929727676,3.625,7.2941964285714285,-0.003219969589203231,7.166243195533752,0.130320243537426,0.00020428466359589947,0.0,0.42920367320510344,129.26131259999238
356,5696,74,1.6067477042468106,-1.6067477042468106,4.625,5.458110119047619,-0.10434152785455808,2.9204095602035522,0.1806015595793724,0.001081837680544595,0.01171875,0.42920367320510344,129.6926833000034
357,5712,72,2.3702986225480864,-2.3702986225480864,4.5,5.116964285714285,-0.06219035340473056,2.3761614561080933,0.2269941344857216,0.0011720504480763339,0.0078125,0.42920367320510344,130.0848665999947
358,5728,67,2.369745408493621,-2.369745408493621,4.1875,4.275,0.0763014864642173,10.764825135469437,0.14754368551075459,0.005624413181180898,0.009765625,0.42920367320510344,130.45080079999752
359,5744,54,0.8971238521234051,-0.8971238521234051,3.375,5.31875,-0.007807515328750014,1.8712334632873535,0.15775921195745468,0.0011848464928334579,0.009259259328246117,0.42920367320510344,130.74361200002022
360,5760,70,2.116427066177871,-2.116427066177871,4.375,5.120386904761904,-0.13261380710173398,2.425391472876072,0.16936127142980695,0.00156678658944287,0.009765625,0.42920367320510344,131.1361167000141
361,5776,59,2.1332963267948966,-2.1332963267948966,3.6875,5.671875,-0.006042938807711007,4.926590442657471,0.12144954688847065,0.0007042784163786564,0.012711864430457354,0.42920367320510344,131.46646979998332
362,5792,63,2.5262720155208536,-2.5262720155208536,3.9375,5.644196428571429,-0.004273811649043502,6.556077837944031,0.15430393815040588,0.001217332792293746,0.01587301678955555,0.42920367320510344,131.8894580999622
363,5808,65,2.1197454084936207,-2.1197454084936207,4.0625,4.844791666666667,-0.01993845123797655,4.878056779503822,0.07831074453722361,0.0036144485929980874,0.0078125,0.42920367320510344,132.32245179999154
364,5824,60,1.811670178918302,-1.811670178918302,3.75,4.991666666666666,-0.005934799866130103,2.129080295562744,0.17599424347281456,0.0008326388815476093,0.008333333767950535,0.42920367320510344,132.6435591999907
365,5840,65,1.4416481633974487,-1.4416481633974487,4.0625,4.513244047619048,-0.09040001151151955,2.083026386797428,0.06261479076940968,0.0009722222312120721,0.01171875,0.42920367320510344,133.0457849999657
366,5856,67,3.0660949493429834,-3.0660949493429834,4.1875,4.989583333333333,-0.09798419964499772,7.298129606992006,0.22891603596508503,0.014675656734652875,0.0970052108168602,0.42920367320510344,133.37515970005188
367,5872,58,2.982024311274043,-2.982024311274043,3.625,5.053125,-0.0072544265241394346,5.4381290674209595,0.09783101454377174,0.00228946641436778,0.025862069334834814,0.42920367320510344,133.68668340006843
368,5888,68,3.601769719767664,-3.601769719767664,4.25,5.169791666666667,0.09389898623339832,9.567046642303467,0.14321022771764547,0.00234957742941333,0.01171875,0.42920367320510344,134.0545103000477
369,5904,59,1.7046458676442584,-1.7046458676442584,3.6875,6.139583333333333,-0.007192705641500652,4.923013925552368,0.09484578669071198,0.0015161906194407493,0.012711864430457354,0.42920367320510344,134.4031449999893
370,5920,62,1.5179756887259575,-1.5179756887259575,3.875,5.372619047619048,-0.006103864106755452,2.9381099939346313,0.13563011586666107,0.00048292601331922924,0.008064515888690948,0.42920367320510344,134.76755049999338
371,5936,59,1.8525995408493618,-1.8525995408493618,3.6875,5.614583333333333,-0.009206281621719548,2.4016780257225037,0.17031722888350487,0.001290965166845126,0.01694915210828185,0.42920367320510344,135.09225089999381
372,5952,68,3.030420178918302,-3.030420178918302,4.25,4.380877976190476,-0.14023860020097345,4.531475365161896,0.16233956557698548,0.0015451810759259388,0.009765625,0.42920367320510344,135.43137040000875
373,5968,68,2.744745408493621,-2.744745408493621,4.25,5.162202380952381,-0.021542454371228814,3.8260913491249084,0.13632866414263844,0.0002064867330773268,0.001953125,0.42920367320510344,135.7663813000545
374,5984,57,1.3705752295753197,-1.3705752295753197,3.5625,5.023958333333333,-0.006632449275920216,2.190505266189575,0.14488320797681808,0.001567083574627759,0.01315789483487606,0.42920367320510344,136.05528600001708
375,6000,64,1.4460729338221299,-1.4460729338221299,4,5.723958333333333,-0.0026266705244779587,2.190784454345703,0.16227367147803307,0.0002097749093081802,0.0,0.42920367320510344,136.37309850007296
376,6016,58,2.107300918301276,-2.107300918301276,3.625,5.073214285714285,-0.0016542384180176228,4.91511344909668,0.1287534087896347,0.00025168883075821213,0.004310344811528921,0.42920367320510344,136.67896369996015
377,6032,58,1.5577986225480864,-1.5577986225480864,3.625,5.094345238095238,-0.002695666065596125,3.9434394240379333,0.132490124553442,0.0001383505873491231,0.0,0.42920367320510344,136.9748849000316
378,6048,53,1.0580752295753189,-1.0580752295753189,3.3125,7.01875,-0.004544005128511053,2.0873714685440063,0.1309998743236065,0.00018368435667071026,0.0,0.42920367320510344,137.28924770001322
379,6064,64,1.8611724746714917,-1.8611724746714917,4,5.5875,-0.0035709701478481293,2.2159706950187683,0.09460415877401829,0.00020910956664010882,0.00390625,0.42920367320510344,137.6246533000376
380,6080,60,2.13799770424681,-2.13799770424681,3.75,6.283333333333333,-0.01129129183633859,4.405954480171204,0.19879306852817535,0.001226578144269297,0.016666667070239782,0.42920367320510344,137.96197219996247
381,6096,57,1.9726215563702154,-1.9726215563702154,3.5625,5.582291666666666,-0.004636585213583011,2.1099193692207336,0.08596845716238022,0.0009678375881776446,0.01315789483487606,0.42920367320510344,138.274701599963
382,6112,63,1.8971238521234053,-1.8971238521234053,3.9375,5.653125,-0.002935180622097522,3.3402804136276245,0.13565649464726448,0.00028861033206339926,0.003968254197388887,0.42920367320510344,138.6494344000239
383,6128,63,2.150995408493622,-2.150995408493622,3.9375,6.122842261904762,-0.006137394215098513,2.7595402002334595,0.16449886187911034,0.0009685304285085294,0.01587301678955555,0.42920367320510344,139.00266820006073
384,6144,62,2.5840706380689396,-2.5840706380689396,3.875,5.565625,-0.0006162413647547993,3.661557972431183,0.12576325424015522,7.902999277575873e-05,0.0,0.42920367320510344,139.33842170005664
385,6160,64,3.1822454084936216,-3.1822454084936216,4,4.967708333333333,-0.0077877165749669075,5.466007351875305,0.15424246713519096,0.0009711294551379979,0.015625,0.42920367320510344,139.64439829997718
386,6176,53,1.8658738521234057,-1.8658738521234057,3.3125,5.286458333333333,-0.010363370997233723,4.444217324256897,0.0916274394840002,0.0035258960124338046,0.02358490601181984,0.42920367320510344,139.92489660007413
387,6192,60,1.174225688725957,-1.174225688725957,3.75,5.758333333333334,-0.002716536330990671,2.9718257784843445,0.1513046808540821,0.00030657554634672124,0.008333333767950535,0.42920367320510344,140.2477765000658
388,6208,64,1.6556967859455352,-1.6556967859455352,4,5.1078125,-0.0043902089819312096,3.4696885347366333,0.1323651298880577,0.00011572721996344626,0.00390625,0.42920367320510344,140.55810180003755
389,6224,68,1.9858958676442584,-1.9858958676442584,4.25,4.2875,0.16687875613570213,2.171841025352478,0.19850120786577463,0.001402560796122998,0.01171875,0.42920367320510344,140.8942715000594
390,6240,68,4.16482293382213,-4.16482293382213,4.25,5.2859375,-0.020819498575292528,9.473892331123352,0.1814941931515932,0.0065739944111555815,0.037109375,0.42920367320510344,141.23635600006673
391,6256,65,1.7721238521234053,-1.7721238521234053,4.0625,5.538020833333333,-0.06765639455989003,1.61792998528108,0.23374118772031743,0.0014793570153415203,0.0078125,0.42920367320510344,141.61481489997823
392,6272,73,2.1424224746714917,-2.1424224746714917,4.5625,4.797172619047619,-0.05828648968599737,1.6499309912323952,0.20788368582725525,0.001153005917444716,0.025607638992369175,0.42920367320510344,141.9769399999641
393,6288,64,2.0306967859455343,-2.0306967859455343,4,5.673958333333333,-0.008627263829112053,4.139415085315704,0.179273784160614,0.0006641946965828538,0.01171875,0.42920367320510344,142.35320810007397
394,6304,60,2.124446785945535,-2.124446785945535,3.75,5.783333333333333,-0.004531870242984293,2.7992700338363647,0.1802058145403862,0.0003403296122996835,0.004166666883975267,0.42920367320510344,142.7629771999782
395,6320,68,1.3036504591506377,-1.3036504591506377,4.25,5.66875,-0.05782908410765231,1.8552044332027435,0.12736146258370695,0.0012012612060061656,0.01171875,0.42920367320510344,143.08899810002185
396,6336,70,2.9322454084936203,-2.9322454084936203,4.375,4.577529761904762,-0.02669411338865757,3.4299700260162354,0.15871613193303347,0.0017373756663801032,0.03059895895421505,0.42920367320510344,143.51577060006093
397,6352,68,2.3653206380689396,-2.3653206380689396,4.25,5.225,-0.20277734787669033,4.075247690081596,0.15546191751491278,0.002760099625447765,0.041015625,0.42920367320510344,143.93756890005898
398,6368,50,1.388550918301276,-1.388550918301276,3.125,5.5375,-0.0027451807609759626,3.2007569670677185,0.10599830187857151,0.00024794079035928007,0.004999999888241291,0.42920367320510344,144.26082930003759
399,6384,62,2.2759954084936203,-2.2759954084936203,3.875,5.175297619047619,-0.004686895288497084,2.556321442127228,0.0975770391523838,0.0005589448555838317,0.012096773833036423,0.42920367320510344,144.5677399999695
400,6400,65,2.665376147876595,-2.665376147876595,4.0625,5.669791666666667,-0.29847468878142536,3.293928299099207,0.06949705380949453,0.0015937762800604105,0.017578125,0.42920367320510344,145.00577599997632
401,6416,64,1.7898229338221294,-1.7898229338221294,4,4.727083333333333,-0.010237791575491428,4.150246739387512,0.117323262616992,0.001798488141503185,0.01171875,0.42920367320510344,145.4176596000325
402,6432,67,1.8932522957531905,-1.8932522957531905,4.1875,4.461607142857143,0.011439392575994134,4.3995921313762665,0.10823298166954809,0.004387350592878647,0.0494791679084301,0.42920367320510344,145.85595470003318
403,6448,56,1.3481747704246811,-1.3481747704246811,3.5,6.204166666666667,-0.008531274357145291,2.083051949739456,0.13140447810292244,0.0006651952116953908,0.013392857741564512,0.42920367320510344,146.2308804000495
404,6464,65,2.4773229338221294,-2.4773229338221294,4.0625,5.419791666666667,0.2625683268997818,6.31281328946352,0.0795280889170845,0.0001625745208002627,0.0,0.42920367320510344,146.61681559996214
405,6480,65,2.695796326794897,-2.695796326794897,4.0625,5.454613095238095,-0.0811616382561624,2.013940523378551,0.11164603033132207,0.014335352811031044,0.140625,0.42920367320510344,146.97401390003506
406,6496,66,1.8697454084936211,-1.8697454084936211,4.125,5.100520833333333,-0.045046545565128326,3.716903433203697,0.17884020529709233,0.0008257644367404282,0.0078125,0.42920367320510344,147.3254947999958
407,6512,71,2.187223392972767,-2.187223392972767,4.4375,4.906845238095238,-0.16570803240756504,2.350419372320175,0.12626316836849583,0.00044976705459021105,0.005859375,0.42920367320510344,147.7710662999889
408,6528,58,2.17782063806894,-2.17782063806894,3.625,5.65625,-0.0032928348518908024,5.534865736961365,0.14057545736432076,0.00028786804068658967,0.004310344811528921,0.42920367320510344,148.06924830004573
409,6544,60,1.9867256887259575,-1.9867256887259575,3.75,5.209672619047619,-0.013760855002328931,5.003377318382263,0.13058707490563393,0.0017764220901881345,0.01666666753590107,0.42920367320510344,148.3957835000474
410,6560,70,1.7010509183012772,-1.7010509183012772,4.375,4.957886904761905,0.16471094614826143,2.5735894590616226,0.1582395238801837,0.00592338460683095,0.02864583395421505,0.42920367320510344,148.7782876000274
411,6576,55,1.7408738521234057,-1.7408738521234057,3.4375,5.477083333333333,-0.00711518463001326,4.202447772026062,0.08741273358464241,0.000589596535974124,0.004545454401522875,0.42920367320510344,149.06916810001712
412,6592,63,1.6650995408493618,-1.6650995408493618,3.9375,4.190625,-0.0009776353676680394,2.584604799747467,0.06949708610773087,2.2772108650315204e-05,0.0,0.42920367320510344,149.397815000033
413,6608,74,2.0448009183012763,-2.0448009183012763,4.625,5.202083333333333,-0.05852568708360195,2.5470819026231766,0.1936222594231367,0.0041957019248002325,0.028125000186264515,0.42920367320510344,149.80848420003895
414,6624,68,2.932798622548086,-2.932798622548086,4.25,6.08125,-0.15357537870295346,5.3215338215231895,0.13268446664642397,0.001770256450981833,0.01171875,0.42920367320510344,150.2222047999967
415,6640,68,2.659844949342983,-2.659844949342983,4.25,5.056696428571429,-0.07423203950747848,3.1124972999095917,0.09292679419741035,0.0007260775382746942,0.005859375,0.42920367320510344,150.57061709999107
416,6656,63,2.0713495408493623,-2.0713495408493623,3.9375,4.994791666666667,-0.00638078263820363,3.765342652797699,0.09805021993815899,0.001309779196162708,0.007936508394777775,0.42920367320510344,150.87562990002334
417,6672,68,1.352599540849362,-1.352599540849362,4.25,4.284375,0.0026066757272928953,2.6828559041023254,0.09291863196938266,5.062414857093245e-05,0.0,0.42920367320510344,151.21873700001743
418,6688,67,1.6014931127404313,-1.6014931127404313,4.1875,5.951488095238095,0.274715319275856,3.2871410716325045,0.09562437400109047,0.001096178564086614,0.0416666679084301,0.42920367320510344,151.59485290001612
419,6704,67,1.8750000000000002,-1.8750000000000002,4.1875,4.397767857142857,-0.23819141229614615,2.6157456934452057,0.09021909769671765,0.0010122009540891597,0.005859375,0.42920367320510344,151.96334610006306
420,6720,61,1.9546458676442588,-1.9546458676442588,3.8125,6.032291666666667,-0.0011689802109300373,2.68903648853302,0.0722567904740572,3.223591352252697e-05,0.0,0.42920367320510344,152.31871680007316
421,6736,63,1.8877210972195784,-1.8877210972195784,3.9375,4.835119047619048,-0.006028021918609738,2.6471781730651855,0.13704346865415573,0.0017249226511921734,0.023809524718672037,0.42920367320510344,152.65116969996598
422,6752,65,2.495022015520854,-2.495022015520854,4.0625,5.373958333333333,-0.14415355504024774,2.819497838616371,0.23980316503229915,0.0071500507183372974,0.13671875,0.42920367320510344,153.04004029999487
423,6768,62,3.150718801466388,-3.150718801466388,3.875,5.377083333333333,-0.002012845256456064,5.508900284767151,0.0861634872853756,6.378484044944344e-05,0.0,0.42920367320510344,153.34466699999757
424,6784,65,2.5124444901923453,-2.5124444901923453,4.0625,6.593154761904762,-0.3336348022567108,5.565521664510015,0.14995679321052408,0.00026343863282818347,0.001953125,0.42920367320510344,153.70520039997064
425,6800,71,1.388550918301276,-1.388550918301276,4.4375,4.55610119047619,-0.03200693614780903,3.6091142296791077,0.09278286527842283,0.0006489865231622538,0.009765625,0.42920367320510344,154.06997349997982
426,6816,72,2.2223449493429834,-2.2223449493429834,4.5,4.747619047619048,-0.11679268698208034,2.3650678247213364,0.14841913525015116,0.0008435276831733063,0.021484375,0.42920367320510344,154.4827564000152
427,6832,60,1.758296326794897,-1.758296326794897,3.75,5.64375,-0.004527317992566671,4.229733228683472,0.088888980448246,0.000560774056793889,0.004166666883975267,0.42920367320510344,154.78191710007377
428,6848,55,1.2273229338221299,-1.2273229338221299,3.4375,4.651041666666667,-0.004590060500512472,2.5631152391433716,0.10600556246936321,0.0015273898425220978,0.013636363204568624,0.42920367320510344,155.13568349997513
429,6864,53,1.3077986225480864,-1.3077986225480864,3.3125,5.4375,-0.002464270760647924,1.6037022173404694,0.05114714428782463,0.00014166583014230127,0.0,0.42920367320510344,155.48620789998677
430,6880,65,1.8879977042468115,-1.8879977042468115,4.0625,5.2815972222222225,-0.31868338235653937,1.8954990524798632,0.09988149357352039,0.0002237325461464934,0.00390625,0.42920367320510344,155.8161332999589
431,6896,64,1.3299224746714915,-1.3299224746714915,4,4.803125,-0.0012773277703672647,1.899072289466858,0.1050718929618597,8.182052988559008e-05,0.0,0.42920367320510344,156.12438260007184
432,6912,62,2.1153206380689396,-2.1153206380689396,3.875,5.663541666666666,-0.007009766139691287,2.9107978343963623,0.11877485550940037,0.0009261527666239999,0.016129031777381897,0.42920367320510344,156.49555780005176
433,6928,62,1.2049224746714917,-1.2049224746714917,3.875,5.869791666666667,-0.008640835527330637,2.7455405592918396,0.12177229672670364,0.0012249155988683924,0.012096773833036423,0.42920367320510344,156.908782399958
434,6944,56,1.5486724746714913,-1.5486724746714913,3.5,5.272916666666667,-0.004710941533890622,3.024553060531616,0.11421529576182365,0.0018595132896734867,0.017857143189758062,0.42920367320510344,157.17852620000485
435,6960,58,1.7582963267948966,-1.7582963267948966,3.625,6.739583333333333,7.199573080685084e-05,1.7138108611106873,0.07789888978004456,4.958120655373932e-06,0.0,0.42920367320510344,157.47569770005066
436,6976,69,2.624723392972768,-2.624723392972768,4.3125,5.449181547619047,-0.08332181395962834,4.70749244093895,0.12116177554707974,0.002097548305755481,0.03085937537252903,0.42920367320510344,157.8678170000203
437,6992,57,1.6601215563702154,-1.6601215563702154,3.5625,5.555208333333334,-0.008009765182801498,5.057684898376465,0.1005327831953764,0.0020824793973588385,0.021929824724793434,0.42920367320510344,158.245039200061
438,7008,76,2.6291481633974474,-2.6291481633974474,4.75,4.436309523809523,-0.041150979115627706,5.486941106617451,0.15869118459522724,0.0012609947102646402,0.018229166977107525,0.42920367320510344,158.6079872000264
439,7024,57,1.7582963267948974,-1.7582963267948974,3.5625,5.885416666666667,-0.004082933750428452,3.952008068561554,0.10053392499685287,0.0003215139968233416,0.0,0.42920367320510344,158.9235314000398
440,7040,55,1.838495408493621,-1.838495408493621,3.4375,5.695833333333334,-0.003043607745150112,2.1002639532089233,0.06375836301594973,0.00013852334495823015,0.0,0.42920367320510344,159.25367989996448
441,7056,68,2.1825220155208536,-2.1825220155208536,4.25,4.536458333333333,-0.11137375980615616,2.600090593099594,0.20375275204423815,0.01685158273903653,0.044921875,0.42920367320510344,159.64042700000573
442,7072,71,2.048395867644259,-2.048395867644259,4.4375,5.24375,0.022175831953063607,1.658528596162796,0.18243770021945238,0.0020159652719158316,0.01953125,0.42920367320510344,160.05460919998586
443,7088,63,2.0176990816987246,-2.0176990816987246,3.9375,5.404166666666667,-0.011582406235873144,1.887120246887207,0.21246886625885963,0.0020333608954388183,0.023809525184333324,0.42920367320510344,160.4391587000573
444,7104,67,3.512167883165113,-3.512167883165113,4.1875,5.045833333333333,-0.1341086516622454,3.755261614918709,0.2128583545500078,0.008220669735919728,0.01171875,0.42920367320510344,160.7995949999895
445,7120,65,2.977046326794897,-2.977046326794897,4.0625,6.630505952380952,0.11617267364636064,5.614708229899406,0.3138416161595927,0.024736485938774422,0.158203125,0.42920367320510344,161.16931500006467
446,7136,66,1.3431967859455347,-1.3431967859455347,4.125,5.540625,0.06472169584594667,2.757445295806974,0.16318483697250485,0.0008873868791852146,0.005859375,0.42920367320510344,161.53750790003687
447,7152,61,1.53125,-1.53125,3.8125,5.392708333333333,-0.003379294648289566,2.1083263754844666,0.1261892430484295,0.00021256679656289634,0.004098360426723957,0.42920367320510344,161.87529690004885
448,7168,64,1.7403206380689409,-1.7403206380689409,4,4.833333333333333,-0.0016122686211019754,2.6667951345443726,0.09238431788980961,0.0002909093745984137,0.00390625,0.42920367320510344,162.19342829997186
449,7184,62,1.2231747704246814,-1.2231747704246814,3.875,5.702827380952381,-0.001543749286699203,1.6773829460144043,0.1411391757428646,4.240522150666948e-05,0.0,0.42920367320510344,162.56791650003288
450,7200,68,2.981194490192345,-2.981194490192345,4.25,5.5265625,-0.08910674136132002,4.326100945472717,0.1141675282920005,0.013180453795939684,0.01171875,0.42920367320510344,162.93626930005848
451,7216,70,4.11532063806894,-4.11532063806894,4.375,4.904166666666667,0.08899380813818425,34.62272301316261,0.1499653165228665,0.024441047974278263,0.0494791679084301,0.42920367320510344,163.28054090007208
452,7232,65,2.9410949493429825,-2.9410949493429825,4.0625,5.068303571428571,0.15674530970863998,8.008150964975357,0.14729100959955832,0.0031265117577277124,0.017578125,0.42920367320510344,163.6559051000513
453,7248,68,1.7184733929727674,-1.7184733929727674,4.25,5.24375,0.07949594501405954,4.153039649128914,0.21088279597461224,0.0012918782013002783,0.033203125,0.42920367320510344,164.02093600004446
454,7264,62,2.0439710972195777,-2.0439710972195777,3.875,5.14375,-0.005233299219980836,6.125330567359924,0.15789420530200005,0.0008956556957855355,0.012096773833036423,0.42920367320510344,164.34397040004842
455,7280,64,2.9405417352885173,-2.9405417352885173,4,6.228720238095238,-0.00697715487331152,4.161652684211731,0.1052990909665823,0.0007897094183135778,0.01171875,0.42920367320510344,164.73505510005634
456,7296,69,2.3075220155208536,-2.3075220155208536,4.3125,4.990625,0.049639582517556846,3.890229657292366,0.07714389427565038,0.00022698087847139448,0.001953125,0.42920367320510344,165.10331400006544
457,7312,63,2.000000000000001,-2.000000000000001,3.9375,6.014583333333333,-0.007335862536574478,2.731288969516754,0.13719695806503296,0.0006048735049262177,0.011904762592166662,0.42920367320510344,165.42804170004092
458,7328,63,1.8216261478765947,-1.8216261478765947,3.9375,6.085416666666667,-0.007252743197900591,2.312327563762665,0.16572018340229988,0.00042723232854768867,0.007936508394777775,0.42920367320510344,165.7816882999614
459,7344,67,0.8122233929727672,-0.8122233929727672,4.1875,5.104166666666667,0.053394701797515154,1.5143227651715279,0.13487037329468876,0.0015106497739978408,0.017578125,0.42920367320510344,166.15681650000624
460,7360,63,2.388274311274043,-2.388274311274043,3.9375,4.586979166666667,-0.011259796127440547,3.6764405965805054,0.16884610801935196,0.002122326994140167,0.011904762592166662,0.42920367320510344,166.47016200004146
461,7376,65,1.7137720155208536,-1.7137720155208536,4.0625,5.933035714285714,-0.2367467045551166,1.7137677557766438,0.27941790965996915,0.0024437082756776363,0.013671875,0.42920367320510344,166.83880799997132
462,7392,63,1.1067477042468106,-1.1067477042468106,3.9375,4.904166666666667,-0.008069522096775472,1.2848888337612152,0.21317100152373314,0.0006588846554222982,0.007936508394777775,0.42920367320510344,167.23050870001316
463,7408,70,2.34706834231575,-2.34706834231575,4.375,4.294568452380952,-0.11175424419343472,3.4941310733556747,0.11067892541177571,0.001480487825271437,0.02473958395421505,0.42920367320510344,167.68469400005415
464,7424,64,2.842643571891069,-2.842643571891069,4,6.977083333333333,-0.0005982383154332638,4.600741624832153,0.1384754553437233,7.560010999441147e-05,0.0,0.42920367320510344,168.13252049998846
465,7440,59,2.6371678831651124,-2.6371678831651124,3.6875,5.194642857142857,-0.003566150013377012,4.60358464717865,0.10295506753027439,0.00013789136642117228,0.0042372881434857845,0.42920367320510344,168.44899669999722
466,7456,66,2.0799224746714917,-2.0799224746714917,4.125,5.763020833333333,-0.03707050648517907,2.242793818935752,0.12528949945478413,0.0005330565327312797,0.005859375,0.42920367320510344,168.79228900000453
467,7472,68,1.3835729338221296,-1.3835729338221296,4.25,4.860863095238095,-0.24040336022153497,3.0866446495056152,0.16788244945928454,0.000589900984778069,0.0078125,0.42920367320510344,169.23695599997882
468,7488,70,3.6067477042468106,-3.6067477042468106,4.375,4.134375,0.10977307567372918,5.984913229942322,0.12517081014811993,0.009385111394898615,0.03059895895421505,0.42920367320510344,169.67471469996963
469,7504,66,3.6327431127404313,-3.6327431127404313,4.125,5.308333333333334,0.20133750239619985,29.39486876130104,0.1375705047576048,0.03990103816613555,0.068359375,0.42920367320510344,170.1014848999912
470,7520,67,2.8299224746714913,-2.8299224746714913,4.1875,5.564732142857143,-0.16149395558750257,3.734023153781891,0.1448672078549862,0.0032878356393363783,0.0078125,0.42920367320510344,170.55278190004174
471,7536,67,3.458794031041707,-3.458794031041707,4.1875,5.756845238095238,-0.022424367489293218,10.36939825117588,0.2823480051010847,0.00273264711779575,0.0078125,0.42920367320510344,170.99316610000096
472,7552,72,3.766592653589793,-3.766592653589793,4.5,5.392708333333333,-0.04387245397083461,5.724183768033981,0.18681349977850914,0.019645844946353463,0.01953125,0.42920367320510344,171.35835550003685
473,7568,72,2.964048622548087,-2.964048622548087,4.5,5.727827380952381,-0.14519401791039854,3.637054070830345,0.20352324284613132,0.00481298565864563,0.029296875,0.42920367320510344,171.72989339998458
474,7584,56,1.1689710972195781,-1.1689710972195781,3.5,6.096875,-0.005245423060841858,1.9577856957912445,0.10825167782604694,0.00044645990783465095,0.008928571827709675,0.42920367320510344,172.04292869998608
475,7600,61,1.7762720155208531,-1.7762720155208531,3.8125,4.503645833333334,-0.005338609784452331,3.1792540550231934,0.11552059277892113,0.002035759258433245,0.016393442638218403,0.42920367320510344,172.35242110001855
476,7616,64,2.267699081698724,-2.267699081698724,4,4.69985119047619,-0.009039067197591066,4.4352947473526,0.1351294293999672,0.0019540300127118826,0.01171875,0.42920367320510344,172.72673150000628
477,7632,70,2.1825220155208536,-2.1825220155208536,4.375,6.390625,-0.05431768577545881,4.189030684530735,0.19118026511387143,0.002906710413867586,0.0533854179084301,0.42920367320510344,173.0841747999657
478,7648,56,1.1919247704246814,-1.1919247704246814,3.5,5.421875,-0.007379467091855663,1.516324669122696,0.19234147295355797,0.0008180982367775869,0.013392857275903225,0.42920367320510344,173.35864290001336
479,7664,61,1.8077986225480864,-1.8077986225480864,3.8125,6.135267857142857,-0.008910138234419662,6.19346296787262,0.16808446869254112,0.000951581954723224,0.008196720853447914,0.42920367320510344,173.65357289998792
480,7680,60,1.89657063806894,-1.89657063806894,3.75,5.285416666666666,-0.007747696285756778,2.779562473297119,0.1194714680314064,0.0032611738715786487,0.02500000037252903,0.42920367320510344,173.96326340001542
481,7696,70,2.914546326794897,-2.914546326794897,4.375,4.9331845238095235,0.027969287475571036,5.79247359931469,0.17623459361493587,0.012173536975751631,0.03255208395421505,0.42920367320510344,174.33923799998593
482,7712,81,3.553097245096173,-3.553097245096173,5.0625,4.407440476190476,-0.09238726575858891,4.359234154224396,0.15190176852047443,0.0005279655304093467,0.00390625,0.42920367320510344,174.7543408999918
483,7728,74,3.035674770424682,-3.035674770424682,4.625,4.7751488095238095,0.045734516344964504,4.590776324272156,0.1102844919078052,0.002121933648594254,0.043359375558793545,0.42920367320510344,175.15714530006517
484,7744,63,1.2942477042468106,-1.2942477042468106,3.9375,5.2875,-0.006709325605899874,2.295547604560852,0.15675309300422668,0.0005688789642590564,0.007936508394777775,0.42920367320510344,175.49724040005822
485,7760,67,2.2007743112740434,-2.2007743112740434,4.1875,4.927529761904762,0.2186182604636997,5.533013761043549,0.08304196388053242,0.00020126581754698059,0.00390625,0.42920367320510344,175.88415599998552
486,7776,67,2.209347245096173,-2.209347245096173,4.1875,4.763020833333333,-0.09882468520663679,4.223614826798439,0.13387356011662632,0.0015977591876517039,0.01171875,0.42920367320510344,176.2399238999933
487,7792,57,1.5088495408493623,-1.5088495408493623,3.5625,4.9375,-0.011922240776026216,2.2458996772766113,0.15517770871520042,0.0017705403079162352,0.01315789483487606,0.42920367320510344,176.55621599999722
488,7808,65,2.8069688014663887,-2.8069688014663887,4.0625,4.666666666666667,0.7180661605671048,14.016872227191925,0.06319153451878791,0.0020637425186578184,0.01953125,0.42920367320510344,176.89259140007198
489,7824,57,1.0309733929727671,-1.0309733929727671,3.5625,6.592708333333333,-0.0007067623541443524,2.2309226989746094,0.14278646931052208,7.009875525909592e-05,0.0,0.42920367320510344,177.21058880002238
490,7840,60,1.8523229338221296,-1.8523229338221296,3.75,5.234821428571428,-0.004491498352338974,4.688992500305176,0.11608956754207611,0.001455166275263764,0.008333333767950535,0.42920367320510344,177.55027490004431
491,7856,56,1.4770463267948963,-1.4770463267948963,3.5,4.973958333333333,-0.008205073469850444,1.1718697249889374,0.08473391085863113,0.0005204927610975574,0.004464285913854837,0.42920367320510344,177.82573969999794
492,7872,68,2.5575220155208536,-2.5575220155208536,4.25,4.503943452380953,-0.036614354816265404,2.8903871551156044,0.14655228455376346,0.0012304227275308222,0.0078125,0.42920367320510344,178.1478497000644
493,7888,51,1.2190266070272329,-1.2190266070272329,3.1875,5.614583333333333,-0.010800926731534322,1.784377098083496,0.1292029209434986,0.001258172414964065,0.009803921915590763,0.42920367320510344,178.4111843999708
494,7904,64,3.07549770424681,-3.07549770424681,4,4.472916666666666,-0.002869413234293461,3.514171302318573,0.0994951669126749,0.00029261923918966204,0.0078125,0.42920367320510344,178.73608150007203
495,7920,64,3.5434178831651124,-3.5434178831651124,4,5.44375,-0.0066292304545640945,7.88880980014801,0.1008799821138382,0.0011741767375497147,0.01171875,0.42920367320510344,179.14026969997212
496,7936,67,3.7176435718910703,-3.7176435718910703,4.1875,5.271130952380952,-0.03919293498620391,8.037865459918976,0.09450042934258818,0.0018337285096095002,0.009765625,0.42920367320510344,179.58245670003816
497,7952,63,2.0436944901923453,-2.0436944901923453,3.9375,5.044791666666667,-0.004884773771101192,3.8354103565216064,0.12970911711454391,0.00018981089760927716,0.0,0.42920367320510344,179.94036740006413
498,7968,64,1.4369467859455352,-1.4369467859455352,4,4.2629464285714285,-0.001511602895334363,5.283767342567444,0.11333558522164822,0.00011018785880878568,0.0,0.42920367320510344,180.3437992000254
499,7984,69,3.7441921944391554,-3.7441921944391554,4.3125,4.486755952380952,0.22196751297451556,33.99427917599678,0.11878918600268662,0.004799621689016931,0.03281250037252903,0.42920367320510344,180.7723992000101
500,8000,63,1.7275995408493618,-1.7275995408493618,3.9375,5.129166666666666,-0.003023643079417937,3.6464057564735413,0.13853249698877335,0.0004878947547695134,0.003968254197388887,0.42920367320510344,181.18186640006024
