update,episodes,rollout_steps,mean_cost,mean_reward,mean_decisions,mean_branches,actor_loss,critic_loss,entropy,approx_kl,clip_fraction,fixed_greedy_cost,elapsed_seconds
1,16,105,34.9286495171396,-34.9286495171396,6.5625,3.726686507936508,0.012719866150291637,607.4701232910156,1.0842426270246506,1.7079945173748001e-06,0.0,16.84955592153876,0.4351734999800101
2,32,98,40.042587120072376,-40.042587120072376,6.125,4.391121031746032,-0.006163240293972194,541.3589477539062,1.108350396156311,1.7167835686393573e-06,0.0,16.84955592153876,0.8489682999206707
3,48,95,32.71377107350981,-32.71377107350981,5.9375,3.6180307539682537,0.00542576820589602,344.93545722961426,1.037386104464531,3.1737745675997076e-06,0.0,8.283185307179586,1.2625811999896541
4,64,109,39.19634859883832,-39.19634859883832,6.8125,4.367361111111111,-0.01544175180606544,468.3510971069336,1.1058459132909775,4.318666986691255e-06,0.0,8.283185307179586,1.7641111999982968
5,80,95,37.29231051304514,-37.29231051304514,5.9375,4.965816648629149,0.001416888553649187,496.2763862609863,1.1828053444623947,8.899725880695541e-06,0.0,8.283185307179586,2.203254299936816
6,96,108,31.19358252856599,-31.19358252856599,6.75,4.0086737914862915,-0.004253509920090437,230.61028671264648,1.0636464282870293,1.3534424404326728e-05,0.0,8.283185307179586,2.6681526999454945
7,112,83,30.150717859455344,-30.150717859455344,5.1875,4.2151289682539685,-0.05788115062750876,250.44538116455078,1.081606686115265,1.9682381392271964e-05,0.0,8.283185307179586,3.0281179000157863
8,128,112,49.334898575128555,-49.334898575128555,7,4.120659722222222,0.00110813754145056,518.8691101074219,1.0816019922494888,2.609356355520731e-05,0.0,8.283185307179586,3.491101699997671
9,144,105,36.89546326794897,-36.89546326794897,6.5625,3.8481646825396827,-0.007649734383448958,314.6568298339844,1.0658186078071594,5.1466994591464754e-05,0.0,0.42920367320510344,3.9386337000178173
10,160,102,37.0124435481813,-37.0124435481813,6.375,4.514829094516594,-0.022673326660878956,323.83300018310547,1.1226345896720886,0.000273087911523362,0.0,0.42920367320510344,4.365856899996288
11,176,98,34.00304079327748,-34.00304079327748,6.125,3.770262896825397,-0.03391594369895756,347.2967014312744,1.0833423286676407,0.00019836534420392127,0.0,0.42920367320510344,4.770316999987699
12,192,91,30.918970155208534,-30.918970155208534,5.6875,4.701785714285714,0.027342660818248987,255.7213315963745,1.1209453344345093,0.0003755581626592175,0.0,2.146018366025517,5.1497912999475375
13,208,89,31.048394925633218,-31.048394925633218,5.5625,4.361259920634921,0.020008220802992582,240.11772918701172,1.1607969552278519,0.0007074744357851159,0.006953124888241291,2.146018366025517,5.5334834000095725
14,224,92,29.06166923690726,-29.06166923690726,5.75,4.205952380952381,-0.019136093324050307,296.0110454559326,1.0634320601820946,0.0011493653498746426,0.008928571827709675,0.42920367320510344,5.917509299935773
15,240,86,26.41316234964769,-26.41316234964769,5.375,4.1683779761904765,0.007660586852580309,237.9887523651123,1.1407471150159836,0.0015129456123759155,0.009588068351149559,0.42920367320510344,6.291351799969561
16,256,84,21.272952731194064,-21.272952731194064,5.25,4.843303571428572,-0.04096704488620162,135.3308811187744,1.0571449771523476,0.0015434890169672144,0.016015625093132257,2.146018366025517,6.667687900015153
17,272,95,26.081304567796614,-26.081304567796614,5.9375,3.989186507936508,-0.02863501664251089,320.9188041687012,0.9435507133603096,0.0017104017115343595,0.017956148833036423,2.146018366025517,7.075560500030406
18,288,84,18.734236225480863,-18.734236225480863,5.25,4.843526785714285,-0.005874302587471902,112.75327777862549,1.0030097365379333,0.002448057921810687,0.028515625279396772,2.146018366025517,7.433030899963342
19,304,79,15.840983929727676,-15.840983929727676,4.9375,4.466666666666667,-0.02852137852460146,135.5648045539856,0.9006263613700867,0.0015327842220358434,0.009765625,0.42920367320510344,7.779358400031924
20,320,63,10.731194490192346,-10.731194490192346,3.9375,5.908333333333333,-0.013324269906632047,54.55709266662598,0.8888823240995407,0.0004622611086233519,0.0,0.42920367320510344,8.060576700023375
21,336,69,9.913993112740432,-9.913993112740432,4.3125,4.706597222222222,0.08443463617004454,78.84514999389648,0.8960522562265396,0.002458427715282596,0.013671875,0.42920367320510344,8.374542700010352
22,352,72,10.481471097219579,-10.481471097219579,4.5,4.943526785714286,0.048179991543293,41.10980802774429,0.7732744738459587,0.0016957626212388277,0.01171875,0.42920367320510344,8.686224999953993
23,368,75,8.204922474671491,-8.204922474671491,4.6875,6.243526785714286,0.010086159920319915,43.19149041175842,0.7565981075167656,0.0017144252788057202,0.021129261702299118,0.42920367320510344,9.02227319998201
24,384,78,6.650995408493621,-6.650995408493621,4.875,4.461755952380952,0.07478791708126664,28.129648685455322,0.6215170659124851,0.0012533732869997039,0.018694196827709675,0.42920367320510344,9.367336899973452
25,400,63,6.266592653589793,-6.266592653589793,3.9375,6.109226190476191,-0.014797994098256328,29.6589412689209,0.5794403553009033,0.0005788332364318194,0.007936508394777775,0.42920367320510344,9.653587399981916
26,416,76,8.940541735288518,-8.940541735288518,4.75,4.62358630952381,-0.009291290771216154,27.190745949745178,0.6693831495940685,0.006975583730309154,0.026041666977107525,0.42920367320510344,9.988301399978809
27,432,76,7.02599540849362,-7.02599540849362,4.75,4.15952380952381,-0.07289183861576021,19.03120720386505,0.6545000597834587,0.002124162198015256,0.018229166977107525,0.42920367320510344,10.315597499953583
28,448,77,7.423672474671492,-7.423672474671492,4.8125,4.965922619047619,-0.05391448293812573,11.467872083187103,0.60283163189888,0.0026486096421649563,0.009765625,0.42920367320510344,10.71246459998656
29,464,75,5.300332116834888,-5.300332116834888,4.6875,4.563541666666667,0.005170806194655597,13.974406003952026,0.5120771788060665,0.0013876228559297488,0.023082386702299118,0.42920367320510344,11.038012699922547
30,480,61,3.8877210972195777,-3.8877210972195777,3.8125,4.191369047619047,-0.009165117188860705,12.255826473236084,0.49124787747859955,0.00034160606719524367,0.004098360426723957,0.42920367320510344,11.304452699958347
31,496,72,6.004977984479146,-6.004977984479146,4.5,5.018452380952381,0.03626972995698452,15.235483944416046,0.5354133546352386,0.002302947104908526,0.0390625,0.42920367320510344,11.64082879992202
32,512,63,4.540376147876596,-4.540376147876596,3.9375,5.207291666666666,-0.0072205180185846984,14.474603414535522,0.45855095982551575,0.00026260245067533106,0.0,0.42920367320510344,11.91047180001624
33,528,70,3.2370022957531903,-3.2370022957531903,4.375,4.94375,0.0205251716542989,4.800510227680206,0.5881278216838837,0.0011986463891844323,0.02278645895421505,0.42920367320510344,12.239521999959834
34,544,70,6.508849540849362,-6.508849540849362,4.375,5.152232142857143,-0.05872438428923488,20.840997859835625,0.43749723583459854,0.000661613848095044,0.005859375,0.42920367320510344,12.554154100012966
35,560,65,2.6523784436297855,-2.6523784436297855,4.0625,5.091666666666667,0.0727283542510122,6.7234936356544495,0.6279229633510113,0.00022083971998654306,0.001953125,0.42920367320510344,12.843618499930017
36,576,77,5.004148163397449,-5.004148163397449,4.8125,4.445138888888889,-0.08298948989249766,18.159751296043396,0.41796065494418144,0.001973421737602621,0.017427884973585606,0.42920367320510344,13.181836299947463
37,592,53,1.6700775253285087,-1.6700775253285087,3.3125,6.314583333333333,-0.009517788454310505,5.493376970291138,0.38701730221509933,0.0004301501958252629,0.004716981202363968,0.42920367320510344,13.432627300033346
38,608,69,4.041205968958294,-4.041205968958294,4.3125,5.580282738095238,0.06581667461432517,9.470970526337624,0.6074498929083347,0.0007541904971617441,0.001953125,0.42920367320510344,13.755173199926503
39,624,63,3.5495022957531894,-3.5495022957531894,3.9375,4.605208333333334,-0.007701152295339853,19.769221782684326,0.4278458431363106,0.0002854399772331817,0.003968254197388887,0.42920367320510344,14.024575999937952
40,640,66,2.8885509183012763,-2.8885509183012763,4.125,4.788541666666666,-0.07574621634557843,7.960682589560747,0.3583572623319924,0.0007221966770885047,0.0078125,0.42920367320510344,14.32080759992823
41,656,65,1.6391041323557416,-1.6391041323557416,4.0625,5.435416666666667,-0.3204649805556983,3.000792980194092,0.29852522537112236,0.000991710228845477,0.01171875,0.42920367320510344,14.618158199940808
42,672,66,2.7643807393829745,-2.7643807393829745,4.125,4.705059523809524,-0.009362892480567098,2.733756147325039,0.38983607525005937,0.0005455729842651635,0.00390625,0.42920367320510344,14.916037800023332
43,688,53,2.0224004591506386,-2.0224004591506386,3.3125,6.038541666666667,-0.008202749129850417,5.8889511823654175,0.3870372474193573,0.0004289341322873952,0.004716981202363968,0.42920367320510344,15.171246899990365
44,704,76,3.875829821081698,-3.875829821081698,4.75,4.468303571428572,0.007044054917059839,5.354488879442215,0.42822229489684105,0.0007628629723512859,0.00390625,0.42920367320510344,15.501396699924953
45,720,76,4.049225688725957,-4.049225688725957,4.75,4.487351190476191,-0.06819644384086132,8.95058685541153,0.39658268727362156,0.0007216722547127574,0.005859375,0.42920367320510344,15.834993100026622
46,736,65,2.853705968958293,-2.853705968958293,4.0625,5.931696428571429,-0.02896027034148574,6.797177184198517,0.33579155383631587,0.00022677409288007766,0.001953125,0.42920367320510344,16.133545899996534
47,752,59,2.603152754903828,-2.603152754903828,3.6875,5.888020833333333,-0.0046438993718396215,4.781318664550781,0.3718489035964012,8.282666885861545e-05,0.0,0.42920367320510344,16.399906700011343
48,768,55,1.5448009183012763,-1.5448009183012763,3.4375,5.152083333333334,-0.002416356049996793,3.6035449504852295,0.3156675025820732,7.495466570617282e-05,0.0,0.42920367320510344,16.650132399983704
49,784,63,2.514104132355742,-2.514104132355742,3.9375,4.528125,-0.007359709446540297,4.703242897987366,0.3729611113667488,0.00023262613103725016,0.003968254197388887,0.42920367320510344,16.927058600005694
50,800,81,5.040376147876596,-5.040376147876596,5.0625,4.91875,0.0012598422908922657,10.764729976654053,0.4016023203730583,0.001185295741606751,0.013212316203862429,0.42920367320510344,17.278646799968556
51,816,68,4.709347245096172,-4.709347245096172,4.25,4.6546875,0.08994245016947389,13.388034164905548,0.3932347185909748,0.0018020498100668192,0.01171875,0.42920367320510344,17.60808349994477
52,832,71,3.773506887259569,-3.773506887259569,4.4375,4.831696428571428,0.07730929844547063,6.345550835132599,0.2909190645441413,0.0007451901977901798,0.009765625,0.42920367320510344,17.92611040000338
53,848,66,2.7500000000000004,-2.7500000000000004,4.125,5.998958333333333,0.15532752266153693,7.250054448843002,0.3512949272990227,0.00040510547114536166,0.001953125,0.42920367320510344,18.2212365999585
54,864,70,2.8531527549038276,-2.8531527549038276,4.375,4.338244047619048,0.0593008961295709,3.70209564268589,0.27122003212571144,0.0002735385396590573,0.00390625,0.42920367320510344,18.526982599985786
55,880,64,2.727876147876595,-2.727876147876595,4,4.625,-0.0023545650765299797,6.3106114864349365,0.35553181171417236,2.9616523534059525e-05,0.0,0.42920367320510344,18.827459099935368
56,896,65,4.588772015520854,-4.588772015520854,4.0625,5.741666666666666,0.2532691885717213,39.86329597979784,0.459285207092762,0.001710392374661751,0.0078125,0.42920367320510344,19.129425999941304
57,912,62,2.353152754903828,-2.353152754903828,3.875,4.875,-0.005450602410541627,1.9186514616012573,0.3940623551607132,0.0001467296506234561,0.0,0.42920367320510344,19.403349999920465
58,928,67,2.5442477042468106,-2.5442477042468106,4.1875,5.310416666666667,-0.20841812528669834,2.7116320431232452,0.22027525026351213,6.747241968696471e-05,0.0,0.42920367320510344,19.702424800023437
59,944,66,1.8578541323557416,-1.8578541323557416,4.125,5.015625,0.18918599700555205,6.660038784146309,0.445004116743803,0.0006214421664481051,0.005859375,0.42920367320510344,20.006740299984813
60,960,69,3.7234513774519145,-3.7234513774519145,4.3125,5.665178571428571,-0.001714909914880991,13.079168811440468,0.377853786572814,0.0014608009427092838,0.03281250037252903,0.42920367320510344,20.322273300029337
61,976,61,2.4164825759855257,-2.4164825759855257,3.8125,6.569270833333333,-0.0056235700183489,3.828795850276947,0.4844941794872284,0.00043631121297948994,0.008196720853447914,0.42920367320510344,20.600051200017333
62,992,63,4.361172474671492,-4.361172474671492,3.9375,6.076388888888889,-0.0232395745059919,13.813459873199463,0.40370895713567734,0.007508499053074047,0.047619049437344074,0.42920367320510344,20.87657570000738
63,1008,68,3.990873852123406,-3.990873852123406,4.25,5.1711309523809526,-0.00048012472689151764,6.250510722398758,0.3388352282345295,0.02113411482423544,0.05078125,0.42920367320510344,21.180638800025918
64,1024,57,2.581028902780423,-2.581028902780423,3.5625,5.992113095238095,-0.010604816766684344,4.551355957984924,0.37671107798814774,0.0005237253790255636,0.004385964944958687,0.42920367320510344,21.47138989996165
65,1040,70,2.7154316576842503,-2.7154316576842503,4.375,5.218154761904762,0.08486212976276875,9.124100767076015,0.45682118088006973,0.0002357221630973072,0.0,0.42920367320510344,21.790396600030363
66,1056,67,2.5672013774519145,-2.5672013774519145,4.1875,4.429613095238095,-0.06199756171554327,8.204819172620773,0.43028805777430534,0.0001654430221549319,0.0,0.42920367320510344,22.080057699931785
67,1072,63,2.9828541323557416,-2.9828541323557416,3.9375,5.376041666666667,-0.006953106901149919,9.059309959411621,0.40802406519651413,0.0006446388251788449,0.007936508394777775,0.42920367320510344,22.352890699985437
68,1088,64,3.3799779844791464,-3.3799779844791464,4,5.473958333333333,-0.007667026948183775,6.015573024749756,0.444788821041584,0.0005078829126432538,0.00390625,0.42920367320510344,22.629466900019906
69,1104,73,6.429756887259569,-6.429756887259569,4.5625,4.543576388888889,-0.04844960482296301,14.69851529598236,0.37898467667400837,0.011019832780220895,0.03949652798473835,0.42920367320510344,22.939474700018764
70,1120,72,4.338772015520854,-4.338772015520854,4.5,4.314880952380952,-0.090499093872495,10.87608289718628,0.2723763408139348,0.0033045801101252437,0.02734375,0.42920367320510344,23.246048199944198
71,1136,68,3.728705968958293,-3.728705968958293,4.25,4.700892857142858,0.07117069652304053,5.510150298476219,0.29649535194039345,0.00017403840320184827,0.0,0.42920367320510344,23.541425599949434
72,1152,66,3.3396018366025517,-3.3396018366025517,4.125,4.68125,-0.05099156918004155,6.867806702852249,0.2779555164743215,0.000972449148321175,0.005859375,0.42920367320510344,23.832337699946947
73,1168,68,2.4698564281089306,-2.4698564281089306,4.25,4.813541666666667,0.0065406193025410175,2.3259193897247314,0.3256342760287225,0.0009907152852974832,0.00390625,0.42920367320510344,24.132082400028594
74,1184,67,3.4239490816987255,-3.4239490816987255,4.1875,4.4574404761904765,0.021831221412867308,8.247228972613811,0.3522323099896312,0.0030418338283162427,0.013671875,0.42920367320510344,24.430378600023687
75,1200,69,2.370851836602552,-2.370851836602552,4.3125,4.233854166666666,0.0511323269456625,3.0889414846897125,0.46085210517048836,0.0003346958397258959,0.0,0.42920367320510344,24.739886899944395
76,1216,70,3.5182522957531894,-3.5182522957531894,4.375,4.64702380952381,-0.11399441887624562,5.38112998008728,0.25172959407791495,0.00025800703042477835,0.0,0.42920367320510344,25.048748899949715
77,1232,69,1.5801990816987244,-1.5801990816987244,4.3125,4.39375,-0.02823449147399515,4.636293590068817,0.3314685821533203,0.0016193927046970202,0.02695312537252903,0.42920367320510344,25.36067580000963
78,1248,63,2.455475688725957,-2.455475688725957,3.9375,5.211755952380953,-0.00813927746004639,4.761104702949524,0.342931404709816,0.0002350594954805274,0.003968254197388887,0.42920367320510344,25.64505890000146
79,1264,62,3.2190266070272324,-3.2190266070272324,3.875,4.9875,-0.013945408045284324,12.107775211334229,0.30654697120189667,0.0014253427798394114,0.012096773833036423,0.42920367320510344,25.907140200026333
80,1280,68,3.584623852123406,-3.584623852123406,4.25,5.307291666666667,0.260700948536396,8.225648760795593,0.37920751981437206,0.010740135723608546,0.138671875,0.42920367320510344,26.205390200018883
81,1296,64,2.2099004591506386,-2.2099004591506386,4,4.439583333333333,-0.005479446612298489,3.255431115627289,0.29377324134111404,0.00015069494838826358,0.0,0.42920367320510344,26.476136500015855
82,1312,69,1.7594027549038287,-1.7594027549038287,4.3125,4.251041666666667,0.029659806052222848,1.8725298382341862,0.46407536044716835,0.000777968863303613,0.0,0.42920367320510344,26.80049679998774
83,1328,69,3.1205752295753197,-3.1205752295753197,4.3125,4.828125,-0.023176433751359582,6.42678290605545,0.29084441531449556,0.0003429628329953971,0.0,0.42920367320510344,27.11501019995194
84,1344,59,2.223451377451914,-2.223451377451914,3.6875,5.392708333333333,-0.005004786054595867,4.7658103704452515,0.38150882720947266,0.00048277036876243073,0.0042372881434857845,0.42920367320510344,27.385476600029506
85,1360,68,2.28650459150638,-2.28650459150638,4.25,5.06889880952381,-0.0874475222080946,2.9056936502456665,0.42630577459931374,0.000538270192919299,0.001953125,8.283185307179586,27.695461299968883
86,1376,67,2.7771018366025517,-2.7771018366025517,4.1875,4.113095238095238,0.04910952434875071,10.013408452272415,0.4429837865754962,0.0022164941384943404,0.005859375,8.283185307179586,27.984151999931782
87,1392,74,3.683905050657018,-3.683905050657018,4.625,4.681994047619048,0.03525518532842398,7.719231575727463,0.4273121766746044,0.0005784068503089657,0.00390625,8.283185307179586,28.301903399988078
88,1408,65,2.8705752295753193,-2.8705752295753193,4.0625,5.109375,-0.06480203871615231,1.3179841674864292,0.25964791991282254,0.0006750629690941423,0.00390625,8.283185307179586,28.588518499978818
89,1424,76,5.732300918301276,-5.732300918301276,4.75,5.269270833333334,-0.02553542237728834,17.01801633834839,0.47565849125385284,0.0012190351675371858,0.00390625,8.283185307179586,28.915514199994504
90,1440,62,2.4206307393829745,-2.4206307393829745,3.875,5.614583333333333,-0.0055067050552377594,3.3093525171279907,0.37691445648670197,0.00020113185109948972,0.0,0.42920367320510344,29.184053499950096
91,1456,64,3.9648784436297846,-3.9648784436297846,4,5.381696428571429,-0.01000593090429902,8.010877966880798,0.3269006609916687,0.0007155034982133657,0.0078125,0.42920367320510344,29.46437209995929
92,1472,69,2.7505532140544657,-2.7505532140544657,4.3125,5.435565476190476,-0.2163180559873581,5.012748956680298,0.36593594774603844,0.004576138049380063,0.02890625037252903,0.42920367320510344,29.787349099991843
93,1488,69,2.214325229575319,-2.214325229575319,4.3125,5.388244047619048,0.06151631777174771,3.792663276195526,0.46863244101405144,0.0003252434528349113,0.001953125,0.42920367320510344,30.09485649992712
94,1504,76,4.339601836602552,-4.339601836602552,4.75,4.626636904761905,-0.010503881610929966,10.998656213283539,0.3437866121530533,0.0030379818149981475,0.03059895895421505,0.42920367320510344,30.42154789995402
95,1520,56,2.6568032140544657,-2.6568032140544657,3.5,6.917261904761904,-0.013180035199703899,3.2985970973968506,0.36431365460157394,0.0013468797915265895,0.013392857741564512,0.42920367320510344,30.68503009993583
96,1536,67,3.210177066177871,-3.210177066177871,4.1875,4.947470238095238,0.0030483254231512547,7.551166608929634,0.33541987685021013,0.001109755114195421,0.005859375,0.42920367320510344,30.98100179992616
97,1552,65,3.1662059689582938,-3.1662059689582938,4.0625,5.761458333333334,0.08974641200620681,1.9960657032206655,0.25507836023462005,0.00038790018879808486,0.005859375,0.42920367320510344,31.271660699974746
98,1568,67,2.0896018366025517,-2.0896018366025517,4.1875,4.996279761904762,-0.17112200701376423,4.69321483373642,0.3551829671487212,0.0002053678281725979,0.001953125,0.42920367320510344,31.569649699958973
99,1584,68,2.3932522957531903,-2.3932522957531903,4.25,5.220833333333333,-0.24657378194388002,4.203923940658569,0.3259635381400585,0.0026373319269623607,0.0390625,0.42920367320510344,31.86990019993391
100,1600,67,2.46875,-2.46875,4.1875,5.689583333333333,0.31597065133973956,6.551691859960556,0.36950546968728304,0.0015542082631632148,0.005859375,0.42920367320510344,32.17005740001332
101,1616,59,1.910951377451914,-1.910951377451914,3.6875,6.271875,-0.0027997834135391475,1.9832149147987366,0.35380543023347855,0.00011688053882608074,0.0,0.42920367320510344,32.44881820003502
102,1632,58,2.566371556370216,-2.566371556370216,3.625,5.475,-0.007604672449062377,8.647140502929688,0.3083593100309372,0.0004565163344523171,0.008620689623057842,0.42920367320510344,32.71980039996561
103,1648,71,2.5262720155208545,-2.5262720155208545,4.4375,4.725,-0.05250175856053829,2.2795265465974808,0.4771529287099838,0.0004984598183455091,0.0,0.42920367320510344,33.0286347999936
104,1664,64,2.9952986225480864,-2.9952986225480864,4,7.2160714285714285,-0.005068683065474033,5.5920093059539795,0.34646575152873993,0.00020679572480730712,0.0,0.42920367320510344,33.31129889993463
105,1680,77,4.392699081698725,-4.392699081698725,4.8125,4.421875,-0.0699362966697663,4.664146929979324,0.37698832154273987,0.003471244708634913,0.023287259973585606,0.42920367320510344,33.654437299934216
106,1696,59,1.0672013774519138,-1.0672013774519138,3.6875,5.322916666666667,-0.0055428086257123255,3.820598304271698,0.305118128657341,0.00014661340674138046,0.0,0.42920367320510344,33.914645400014706
107,1712,73,3.155143571891069,-3.155143571891069,4.5625,4.34047619047619,-0.09766959981061518,6.069240570068359,0.32496971264481544,0.0003711612537244946,0.0,0.42920367320510344,34.229256300022826
108,1728,69,3.2549779844791455,-3.2549779844791455,4.3125,5.724479166666667,0.0409475804772228,5.790028810501099,0.3228550450876355,0.0011079644813207778,0.00390625,0.42920367320510344,34.53354610002134
109,1744,66,3.9540926535897936,-3.9540926535897936,4.125,5.492708333333334,-0.013043365441262722,10.408845663070679,0.3835746112745255,0.003372979103005491,0.017578125,0.42920367320510344,34.846765400026925
110,1760,56,1.8791481633974483,-1.8791481633974483,3.5,6.2375,-0.004716195082957286,6.049096584320068,0.27960333973169327,0.0016781852609710768,0.008928571827709675,0.42920367320510344,35.098988899961114
111,1776,63,1.6601215563702167,-1.6601215563702167,3.9375,5.019791666666666,-0.0026371543340029113,5.9604339599609375,0.2940100207924843,0.00013032445804128656,0.003968254197388887,0.42920367320510344,35.370800599921495
112,1792,59,1.415652754903828,-1.415652754903828,3.6875,5.389583333333333,-0.007241092831433704,3.242800712585449,0.4206574112176895,0.00018594490211398806,0.0,0.42920367320510344,35.6293633999303
113,1808,57,1.2771018366025517,-1.2771018366025517,3.5625,5.140625,-0.0023383516151960215,2.704533636569977,0.32990389317274094,0.0001676692372711841,0.0,0.42920367320510344,35.89213099994231
114,1824,54,1.366980280232336,-1.366980280232336,3.375,6.36875,-0.003835712416157877,1.1142410039901733,0.36559031903743744,0.00017028460388246458,0.0,0.42920367320510344,36.14441279997118
115,1840,64,3.7397674240144747,-3.7397674240144747,4,5.292708333333334,-0.009934041649103165,28.50171709060669,0.40169135481119156,0.0008443057304248214,0.01171875,0.42920367320510344,36.439433999941684
116,1856,62,3.410951377451914,-3.410951377451914,3.875,6.849404761904762,-0.01203456020072835,6.398453116416931,0.47822753340005875,0.0006175586850076797,0.008064515888690948,0.42920367320510344,36.72258549998514
117,1872,64,1.8841261478765952,-1.8841261478765952,4,5.434375,-0.010248323203995824,2.189432978630066,0.4034830257296562,0.0004981650254194392,0.0078125,0.42920367320510344,36.999168399954215
118,1888,62,2.5893252295753197,-2.5893252295753197,3.875,4.7125,-0.014046884081777122,4.123931407928467,0.2615191787481308,0.0018775422213366255,0.024193547666072845,0.42920367320510344,37.27538379991893
119,1904,57,1.6565266070272324,-1.6565266070272324,3.5625,5.961755952380952,-0.004011714184583237,2.296799659729004,0.25229697674512863,0.001153932316810824,0.008771929889917374,0.42920367320510344,37.55264799995348
120,1920,66,1.9955752295753197,-1.9955752295753197,4.125,5.992708333333334,0.11564512306358665,2.2968553975224495,0.4966227125842124,0.003868010528094601,0.0703125,0.42920367320510344,37.86713759996928
121,1936,68,6.8160949493429825,-6.8160949493429825,4.25,5.253348214285714,0.035378747154027224,74.4440047442913,0.4767581447958946,0.013875144009944052,0.060546875,0.42920367320510344,38.17384880001191
122,1952,64,4.235342653589793,-4.235342653589793,4,4.326041666666667,-0.019108234904706478,11.46614384651184,0.36229968816041946,0.008641113992780447,0.02734375,0.42920367320510344,38.45523189997766
123,1968,61,1.9997233929727678,-1.9997233929727678,3.8125,6.15625,-0.0033926260447678658,3.3686683177948,0.3302486762404442,0.00010645376869433676,0.0,0.42920367320510344,38.744168099947274
124,1984,62,2.54424770424681,-2.54424770424681,3.875,4.742708333333334,-0.016450788525324,6.753566265106201,0.368523970246315,0.006040060368832201,0.012096773833036423,0.42920367320510344,39.02817469998263
125,2000,55,2.647400459150638,-2.647400459150638,3.4375,7.0755952380952385,-0.012944118720902509,9.097678422927856,0.32304060459136963,0.002634087111800909,0.013636363204568624,0.42920367320510344,39.2831267999718
126,2016,70,3.2181967859455347,-3.2181967859455347,4.375,5.598958333333333,0.01422408246435225,6.014664962887764,0.317209055647254,0.0005053217294062051,0.001953125,0.42920367320510344,39.60103919997346
127,2032,62,2.5049779844791464,-2.5049779844791464,3.875,5.005208333333333,-0.007587684782206949,6.329060077667236,0.28065112978219986,0.000649008072741708,0.008064515888690948,0.42920367320510344,39.87688889994752
128,2048,63,2.7372789027804227,-2.7372789027804227,3.9375,6.08125,-0.0034893051774742556,6.3266273736953735,0.33041705191135406,6.720954570482718e-05,0.0,0.42920367320510344,40.155363900004886
129,2064,65,2.63025459150638,-2.63025459150638,4.0625,5.497395833333333,-0.04060408077202737,4.969404939562082,0.3371142463074648,0.00040098681347444654,0.005859375,0.42920367320510344,40.443822799948975
130,2080,62,1.4510509183012765,-1.4510509183012765,3.875,4.731547619047619,-0.0015006560474093433,2.887603759765625,0.22171621769666672,8.226028603530722e-05,0.0,0.42920367320510344,40.722027899930254
131,2096,67,2.0221238521234053,-2.0221238521234053,4.1875,4.933630952380953,-0.12497919821180403,3.178904339671135,0.3446091953665018,0.00038462576594611164,0.001953125,0.42920367320510344,41.02631649991963
132,2112,66,3.8207963267948966,-3.8207963267948966,4.125,5.148809523809524,-0.3259096099063754,12.476997561752796,0.5009453787934035,0.0017380364733980969,0.009765625,0.42920367320510344,41.32828240003437
133,2128,69,3.1150440310417067,-3.1150440310417067,4.3125,5.629761904761905,-0.01486538304015994,7.3344601690769196,0.402645330876112,0.0009753582250141557,0.001953125,0.42920367320510344,41.676777399959974
134,2144,65,2.6471238521234053,-2.6471238521234053,4.0625,4.552083333333333,-0.08991234004497528,3.4425247460603714,0.4691113312219386,0.0003912596293957904,0.00390625,0.42920367320510344,41.995680999942124
135,2160,55,1.950774311274043,-1.950774311274043,3.4375,5.476041666666666,-0.00809271952391355,7.0288132429122925,0.3662031665444374,0.0021080047299619764,0.00909090880304575,0.42920367320510344,42.25555459992029
136,2176,60,1.8697454084936207,-1.8697454084936207,3.75,6.910416666666666,-0.001280458302547638,4.457897424697876,0.2818402498960495,7.515257721024682e-05,0.0,0.42920367320510344,42.51803119992837
137,2192,63,2.998893571891069,-2.998893571891069,3.9375,5.952083333333333,-0.0052590148129856296,8.524855613708496,0.3295825496315956,0.0003369039318386058,0.003968254197388887,0.42920367320510344,42.792341199936345
138,2208,62,3.098174770424681,-3.098174770424681,3.875,5.092708333333333,-0.005196958928624262,4.686671614646912,0.3553374633193016,0.0001490917593400809,0.0,0.42920367320510344,43.059560899971984
139,2224,68,2.5489490816987246,-2.5489490816987246,4.25,5.822916666666667,-0.13862209138460457,3.4422547221183777,0.27966397162526846,0.0002559585846029222,0.0,0.42920367320510344,43.36980169999879
140,2240,72,2.1158738521234057,-2.1158738521234057,4.5,4.748809523809524,-0.0037713933270424604,4.288500159978867,0.4351002722978592,0.0011265607317909598,0.005859375,0.42920367320510344,43.68607850000262
141,2256,67,3.5666481633974487,-3.5666481633974487,4.1875,5.6625,0.06013674824498594,10.546447716653347,0.5219863094389439,0.0029228571147541516,0.009765625,0.42920367320510344,43.97795630001929
142,2272,53,1.950774311274043,-1.950774311274043,3.3125,4.994791666666667,-0.003362705116160214,3.857338845729828,0.32692454755306244,7.519939299527323e-05,0.0,0.42920367320510344,44.21382890001405
143,2288,73,3.266869260617026,-3.266869260617026,4.5625,4.480357142857143,-0.11503782612271607,6.913555279374123,0.4185059107840061,0.002635261573459502,0.019748263992369175,0.42920367320510344,44.52576709992718
144,2304,63,3.611449081698724,-3.611449081698724,3.9375,6.277604166666666,-0.005908504828796346,9.8041353225708,0.30488625913858414,0.001694833998044487,0.007936508394777775,0.42920367320510344,44.80750699993223
145,2320,65,2.6426990816987237,-2.6426990816987237,4.0625,4.904166666666667,0.08302789088338614,6.672202071058564,0.2477433322928846,0.0047331476816907525,0.021484375,0.42920367320510344,45.10160970001016
146,2336,60,1.852599540849362,-1.852599540849362,3.75,5.193154761904762,-0.004588280078799745,3.894840717315674,0.2780532017350197,0.00013934222033640253,0.0,0.42920367320510344,45.36454560002312
147,2352,64,1.3929756887259575,-1.3929756887259575,4,5.136755952380953,-0.005743750371038914,4.352819561958313,0.31958088278770447,0.0007718906999798492,0.0078125,0.42920367320510344,45.65171919995919
148,2368,62,2.004424770424681,-2.004424770424681,3.875,5.470833333333333,-0.007837079615602427,3.5939139127731323,0.16905804350972176,0.0005004746944905492,0.008064515888690948,0.42920367320510344,45.924353200010955
149,2384,74,3.192477984479146,-3.192477984479146,4.625,5.895386904761905,-0.04372937255539,4.854323700070381,0.34065849147737026,0.0014675064312541508,0.013671875,0.42920367320510344,46.24439599993639
150,2400,57,1.2806967859455347,-1.2806967859455347,3.5625,5.803125,-0.0016224036923009333,2.148035228252411,0.32952798902988434,4.39475440998649e-05,0.0,0.42920367320510344,46.50042349996511
151,2416,61,2.5533738521234053,-2.5533738521234053,3.8125,5.0625,-0.015338614720423749,4.459605097770691,0.3437694162130356,0.003464150126092136,0.012295081280171871,0.42920367320510344,46.76623489998747
152,2432,70,2.958794031041707,-2.958794031041707,4.375,5.14375,0.07142515969462693,8.628552883863449,0.24326818250119686,0.0010155621608873844,0.00390625,0.42920367320510344,47.075595299946144
153,2448,69,2.1338495408493627,-2.1338495408493627,4.3125,5.245833333333334,-0.2462771050632,1.6268597692251205,0.36291295289993286,0.0007881143458234874,0.00390625,0.42920367320510344,47.3796148999827
154,2464,59,2.1698009183012763,-2.1698009183012763,3.6875,5.405803571428572,-0.0024816909493186046,3.4109766483306885,0.2513461336493492,5.662060334543639e-05,0.0,0.42920367320510344,47.640743499970995
155,2480,68,2.1205752295753193,-2.1205752295753193,4.25,4.471875,-0.15014165232423693,1.2121201232075691,0.319111006334424,0.00040681406971998513,0.001953125,0.42920367320510344,47.94945309998002
156,2496,63,2.4375000000000004,-2.4375000000000004,3.9375,5.765773809523809,-0.003970363642558317,3.5035595893859863,0.37390802055597305,0.00017278463337788708,0.0,0.42920367320510344,48.23038690001704
157,2512,69,2.3130532140544657,-2.3130532140544657,4.3125,4.942708333333333,0.057335206773132086,5.5307715237140656,0.3074453715234995,0.0020284894824698085,0.02890625037252903,0.42920367320510344,48.542203299934044
158,2528,67,2.3481747704246816,-2.3481747704246816,4.1875,4.016666666666667,0.2983695287257433,2.835682049393654,0.32297767046839,0.0099657193436542,0.0872395858168602,0.42920367320510344,48.83369859994855
159,2544,58,2.35232293382213,-2.35232293382213,3.625,5.6625,-0.009523545777232467,6.222655415534973,0.3130726292729378,0.0025773167581064627,0.012931034434586763,0.42920367320510344,49.1075885000173
160,2560,69,3.5176990816987246,-3.5176990816987246,4.3125,4.861458333333333,-0.18901172489859164,9.272394061088562,0.3622738905251026,0.0009733662948292476,0.01171875,0.42920367320510344,49.42567509994842
161,2576,67,2.405696785945535,-2.405696785945535,4.1875,5.426636904761905,-0.055372183211147785,3.954024240374565,0.424668476334773,0.0005366354780562688,0.001953125,0.42920367320510344,49.74651610001456
162,2592,60,1.4068032140544657,-1.4068032140544657,3.75,5.083333333333333,-0.009041498453977281,2.520751178264618,0.3023752048611641,0.00043345859012333676,0.0,0.42920367320510344,50.011115100001916
163,2608,66,1.8620022957531894,-1.8620022957531894,4.125,5.505803571428571,0.1657760413363576,4.548479922115803,0.39928620494902134,0.0010650851036189124,0.0,0.42920367320510344,50.31646569992881
164,2624,62,2.2096238521234053,-2.2096238521234053,3.875,4.867708333333334,-0.011746267960857537,6.282407283782959,0.38478001207113266,0.0006533550385938725,0.008064515888690948,0.42920367320510344,50.58445429999847
165,2640,72,4.14214586764426,-4.14214586764426,4.5,4.403125,-0.11762264440767467,10.482918858528137,0.4661008007824421,0.001284461235627532,0.009765625,0.42920367320510344,50.90037879999727
166,2656,65,2.6877766070272324,-2.6877766070272324,4.0625,5.230952380952381,-0.15095673548057675,1.8312812878284603,0.22675414762807122,0.0008032288460526615,0.0078125,0.42920367320510344,51.199421799974516
167,2672,76,6.293971097219577,-6.293971097219577,4.75,6.397470238095238,-0.10085105057805777,21.753018498420715,0.3318737745285034,0.011791205004556105,0.04231770895421505,0.42920367320510344,51.54080860002432
168,2688,72,5.892975688725957,-5.892975688725957,4.5,5.366964285714285,0.017246909672394395,46.44521388411522,0.27411272190511227,0.02132003608130617,0.0234375,0.42920367320510344,51.870953299920075
169,2704,66,2.776548622548087,-2.776548622548087,4.125,5.784375,-0.08707933081313968,4.451293122023344,0.27700326649210183,0.0007922127697383985,0.001953125,0.42920367320510344,52.19207109999843
170,2720,68,2.820796326794897,-2.820796326794897,4.25,5.100595238095238,-0.11422518757171929,3.718772232532501,0.21605534016998718,0.0005399554502218962,0.00390625,0.42920367320510344,52.508161499979906
171,2736,68,1.575774311274043,-1.575774311274043,4.25,4.726041666666666,-0.22305762255564332,5.201199382543564,0.2950205276138149,0.0004140403325436637,0.005859375,0.42920367320510344,52.83007050002925
172,2752,67,1.9106747704246816,-1.9106747704246816,4.1875,4.733333333333333,-0.07686422497499734,1.4265836384147406,0.28442923724651337,0.0002936507061122029,0.001953125,0.42920367320510344,53.132529499940574
173,2768,70,2.0091261478765947,-2.0091261478765947,4.375,4.873958333333333,-0.10511924466118217,1.7168210223317146,0.24937229044735432,0.0005036594390617211,0.00390625,0.42920367320510344,53.4557128000306
174,2784,63,1.9062500000000004,-1.9062500000000004,3.9375,4.519196428571428,-0.0024123932184130226,5.636314153671265,0.2667527571320534,3.828856415566406e-05,0.0,0.42920367320510344,53.74098929995671
175,2800,66,3.312776607027233,-3.312776607027233,4.125,4.515625,0.18595370440743864,17.489925250411034,0.1765607353154337,0.000880452455021441,0.001953125,0.42920367320510344,54.03841079992708
176,2816,62,1.5129977042468106,-1.5129977042468106,3.875,5.126339285714286,-0.005239725629273551,2.580262005329132,0.2108009196817875,0.00020023170691274572,0.004032257944345474,0.42920367320510344,54.3064361999277
177,2832,70,2.6028761478765956,-2.6028761478765956,4.375,5.151636904761904,0.05021859076805413,6.177361279726028,0.39139471761882305,0.0006664315229727436,0.0078125,0.42920367320510344,54.61833229998592
178,2848,71,4.646847245096174,-4.646847245096174,4.4375,4.090625,-0.06553482753224671,16.768338799476624,0.29542262107133865,0.0027057246509230026,0.009765625,0.42920367320510344,54.95660219993442
179,2864,78,3.6529316576842503,-3.6529316576842503,4.875,4.41078869047619,-0.006782919401302934,6.010212928056717,0.2979861795902252,0.0055032570058983765,0.022600446827709675,0.42920367320510344,55.30011019995436
180,2880,62,1.9596238521234053,-1.9596238521234053,3.875,5.108333333333333,-0.007778701776143038,6.699219107627869,0.2725875973701477,0.00026368865565018496,0.0,0.7123889803846897,55.57340589992236
181,2896,63,2.892975688725957,-2.892975688725957,3.9375,4.894345238095238,-0.006138846918474883,3.898461937904358,0.22458256036043167,0.00019933662042603828,0.0,0.42920367320510344,55.85134369996376
182,2912,70,3.1377210972195773,-3.1377210972195773,4.375,5.960763888888889,-0.13890676049049944,5.569324344396591,0.24857017397880554,0.002985365494783565,0.03059895895421505,0.42920367320510344,56.16955629992299
183,2928,70,2.727046326794897,-2.727046326794897,4.375,5.65625,-0.1437224929104559,5.274573847651482,0.311294263927266,0.00067899151565598,0.005859375,0.42920367320510344,56.488651799969375
184,2944,64,1.3750000000000007,-1.3750000000000007,4,4.816071428571429,-0.005009088199585676,2.2756258249282837,0.2792809158563614,0.0003161875647492707,0.00390625,0.42920367320510344,56.77676109992899
185,2960,64,2.254424770424681,-2.254424770424681,4,4.744791666666667,-0.007843449478968978,3.142309010028839,0.32958922535181046,0.0004962749080732465,0.00390625,0.42920367320510344,57.06468579999637
186,2976,56,2.4192477042468106,-2.4192477042468106,3.5,6.088541666666667,-0.0057818740855761774,14.10134243965149,0.2754005491733551,0.0005172365781618282,0.008928571827709675,0.42920367320510344,57.32300600002054
187,2992,69,2.351769719767664,-2.351769719767664,4.3125,4.340922619047619,0.13238730956800282,3.2913391441106796,0.2909554298967123,0.00032591651852342807,0.001953125,0.42920367320510344,57.644873799989
188,3008,65,2.3971238521234053,-2.3971238521234053,4.0625,5.770833333333333,0.036545344861224294,2.711249774787575,0.39676025017979555,0.0002801033915602602,0.0,0.42920367320510344,57.9423378999345
189,3024,58,1.9593472450961722,-1.9593472450961722,3.625,6.361458333333333,-0.008462582754998893,3.9566202759742737,0.2964615970849991,0.0018954147017211653,0.008620689623057842,0.42920367320510344,58.20991710003
190,3040,66,3.267422474671492,-3.267422474671492,4.125,5.301041666666666,-0.006406530155800283,16.76999257132411,0.3124110735952854,0.0034810354336514138,0.068359375,0.42920367320510344,58.513528599985875
191,3056,61,2.5976215563702154,-2.5976215563702154,3.8125,6.109672619047619,-0.011005698508567807,10.519262313842773,0.2780928909778595,0.002865589063731022,0.012295081280171871,0.42920367320510344,58.78330519993324
192,3072,67,3.82549770424681,-3.82549770424681,4.1875,6.194047619047619,-0.12179562170058489,9.250090152025223,0.38435208052396774,0.001148971101429197,0.005859375,0.42920367320510344,59.08474960003514
193,3088,66,2.152378443629784,-2.152378443629784,4.125,4.415625,-0.049675281858071685,5.654948592185974,0.20565558347152546,0.00045799629879184067,0.00390625,0.42920367320510344,59.375691600027494
194,3104,63,2.0268252295753197,-2.0268252295753197,3.9375,5.976934523809524,-0.003007148406357407,4.487451195716858,0.24569183215498924,0.00023083312771632336,0.003968254197388887,0.42920367320510344,59.65299810003489
195,3120,66,3.1816921944391563,-3.1816921944391563,4.125,5.890922619047619,-0.10895864246413112,4.1651307344436646,0.18026015430223197,0.001519454970548395,0.005859375,0.42920367320510344,59.955958399921656
196,3136,65,1.8025440310417071,-1.8025440310417071,4.0625,5.146875,-0.3044510460458696,3.260891195386648,0.3751927651464939,0.0003392698636162095,0.00390625,0.42920367320510344,60.25913349993061
197,3152,56,2.181968801466388,-2.181968801466388,3.5,7.698958333333334,-0.013092657950307673,3.9089351296424866,0.26078056544065475,0.006605081784073263,0.013392857741564512,0.42920367320510344,60.51741339999717
198,3168,62,1.6476770661778706,-1.6476770661778706,3.875,4.975,-0.00522315642428417,1.7781985998153687,0.2469526194036007,0.00016831414450280135,0.004032257944345474,0.42920367320510344,60.788450599997304
199,3184,68,2.267975688725957,-2.267975688725957,4.25,4.708333333333333,0.03961585508659482,1.5383420139551163,0.3379783518612385,0.0042850918653130066,0.064453125,0.42920367320510344,61.08921989996452
200,3200,63,1.624446785945536,-1.624446785945536,3.9375,6.326041666666667,-0.001176561613228877,2.334877848625183,0.2860214039683342,0.0001988564672501525,0.0,0.42920367320510344,61.37619330000598
201,3216,74,2.995575229575319,-2.995575229575319,4.625,4.929464285714285,-0.08408593013882637,3.0161956399679184,0.2561824545264244,0.0007299473540598456,0.0078125,0.42920367320510344,61.76103269995656
202,3232,64,2.4466261478765947,-2.4466261478765947,4,5.709375,-0.005556188058108091,2.88433301448822,0.26236841827630997,0.00046641798689961433,0.0078125,0.42920367320510344,62.04503209993709
203,3248,73,2.053927066177871,-2.053927066177871,4.5625,5.403422619047619,-0.039473002310842276,2.319855511188507,0.29885359201580286,0.0007765374302834971,0.005859375,0.42920367320510344,62.37952640000731
204,3264,58,2.107024311274043,-2.107024311274043,3.625,6.34375,-0.006995125675718361,5.062381267547607,0.2764337956905365,0.0004906597077933839,0.004310344811528921,0.42920367320510344,62.646505799959414
205,3280,59,1.1521018366025524,-1.1521018366025524,3.6875,6.629166666666666,-0.00316190314419984,1.723022848367691,0.2455167919397354,0.00017637345717957942,0.0,0.42920367320510344,62.9190100999549
206,3296,54,0.9507743112740432,-0.9507743112740432,3.375,6.257291666666666,-0.008904302725568414,2.586216628551483,0.264305479824543,0.0006680354781565256,0.009259259328246117,0.42920367320510344,63.17682159994729
207,3312,62,2.084623852123405,-2.084623852123405,3.875,5.371130952380953,-0.006234127337173323,4.1154046058654785,0.23709286376833916,0.000989235173619818,0.012096773833036423,0.42920367320510344,63.462336399941705
208,3328,64,1.5174224746714917,-1.5174224746714917,4,5.510416666666667,-0.002521372865885496,1.5470284819602966,0.20627671852707863,5.518304533325136e-05,0.0,0.42920367320510344,63.748496199958026
209,3344,58,1.8614490816987246,-1.8614490816987246,3.625,5.43125,-0.004268750082701445,4.402131199836731,0.2160317376255989,0.00015572629035887076,0.0,0.42920367320510344,64.01554679998662
210,3360,64,1.6875000000000004,-1.6875000000000004,4,5.601041666666666,-0.0036096868570894003,2.229864001274109,0.3007228150963783,0.00013861653860658407,0.0,0.42920367320510344,64.30218549992424
211,3376,65,1.8755532140544653,-1.8755532140544653,4.0625,5.185416666666667,0.12121948134154081,1.3497683988534845,0.21293575446572532,0.003380654990905896,0.130859375,0.42920367320510344,64.60288549994584
212,3392,73,2.8924224746714917,-2.8924224746714917,4.5625,4.021875,-0.04091395321302116,4.171738803386688,0.3136360552161932,0.0004417605226336718,0.001953125,0.42920367320510344,64.92406009999104
213,3408,65,2.90182522957532,-2.90182522957532,4.0625,4.964136904761904,-0.33639286330435425,6.717857304029167,0.15542983415798517,0.0009145958174485713,0.005859375,0.42920367320510344,65.21034520003013
214,3424,62,1.3976770661778721,-1.3976770661778721,3.875,5.240029761904762,-0.0066589893052175775,3.3009312748908997,0.3618580251932144,0.00016647433085381635,0.0,0.42920367320510344,65.48838440002874
215,3440,60,1.1070243112740432,-1.1070243112740432,3.75,5.089583333333334,-0.0046532318675116535,2.2543952465057373,0.21472584083676338,0.00012484021954151103,0.0,0.42920367320510344,65.76290159998462
216,3456,72,3.245298622548086,-3.245298622548086,4.5,5.488244047619047,-0.06646244425792247,2.935961738228798,0.27374063059687614,0.001342187577392906,0.009765625,0.42920367320510344,66.0799238999607
217,3472,71,3.107300918301276,-3.107300918301276,4.4375,5.00327380952381,-0.10119057237170637,4.0009410828351974,0.2563862893730402,0.0023137736361604766,0.0474330373108387,0.42920367320510344,66.38978249998763
218,3488,58,1.7137720155208536,-1.7137720155208536,3.625,5.0125,-0.006830593215799041,1.9528683423995972,0.26232366263866425,0.00021261657184368232,0.0,0.42920367320510344,66.64933539996855
219,3504,55,1.3971238521234053,-1.3971238521234053,3.4375,6.417708333333334,-0.006307020457461565,3.1269474029541016,0.15194395184516907,0.00099419173784554,0.00909090880304575,0.42920367320510344,66.89208699995652
220,3520,62,1.7325775253285087,-1.7325775253285087,3.875,5.55625,-0.009727184863520755,3.861323654651642,0.18082642182707787,0.0011286895096418448,0.012096773833036423,0.42920367320510344,67.16684349998832
221,3536,71,2.267975688725957,-2.267975688725957,4.4375,4.90297619047619,0.011187476571649313,2.9800959825515747,0.1819275701418519,0.0010262914625558395,0.005859375,0.42920367320510344,67.47799059993122
222,3552,74,2.490597245096172,-2.490597245096172,4.625,4.455729166666667,-0.07460288191214204,6.933612585067749,0.2976453769952059,0.0014251370739657432,0.016406250186264515,0.42920367320510344,67.8025970000308
223,3568,69,2.003871556370216,-2.003871556370216,4.3125,4.535416666666666,0.019055763725191355,3.4997830241918564,0.29054723400622606,0.0008226420402479562,0.0078125,0.42920367320510344,68.10397079994436
224,3584,63,2.835453673205104,-2.835453673205104,3.9375,5.37953869047619,-0.00861024062725757,10.496947765350342,0.41955992579460144,0.0009433930390514433,0.007936508394777775,0.42920367320510344,68.37806050002109
225,3600,67,2.910121556370216,-2.910121556370216,4.1875,5.308333333333334,0.2626052643172443,8.884399235248566,0.2546278197551146,0.0018510640220483765,0.0455729179084301,0.42920367320510344,68.67772229993716
226,3616,59,1.5890486225480864,-1.5890486225480864,3.6875,5.591666666666667,-0.0029555140166756533,3.50380802154541,0.19891715422272682,0.00017363155166094657,0.0,0.42920367320510344,68.93655520002358
227,3632,61,1.7945243112740443,-1.7945243112740443,3.8125,5.896875,-0.007260055930093934,2.547534227371216,0.3142482712864876,0.00029202012774476316,0.0,0.42920367320510344,69.22431550000329
228,3648,70,2.063053214054466,-2.063053214054466,4.375,4.622395833333333,0.09060038917232305,8.088555574417114,0.2836163090541959,0.0026978824486576514,0.0592447929084301,0.42920367320510344,69.54779209999833
229,3664,63,1.5674779844791464,-1.5674779844791464,3.9375,4.7375,-0.0067172255320846475,3.41242116689682,0.27374744415283203,0.0006271143756748643,0.011904762592166662,0.42920367320510344,69.82714139996096
230,3680,67,2.2759954084936216,-2.2759954084936216,4.1875,6.0790178571428575,-0.178598552942276,3.6298468858003616,0.39226364344358444,0.002158029829502084,0.0475260429084301,0.42920367320510344,70.13106839999091
231,3696,51,1.0754977042468101,-1.0754977042468101,3.1875,6.173958333333333,-0.0019304761754386224,2.326120376586914,0.16098754480481148,0.000196898030480952,0.0,0.42920367320510344,70.36927329993341
232,3712,62,2.339048622548086,-2.339048622548086,3.875,4.790625,-0.014914515938970307,5.424921870231628,0.24971246719360352,0.0022651631879853085,0.008064515888690948,0.42920367320510344,70.63670749997254
233,3728,72,3.070796326794897,-3.070796326794897,4.5,5.304166666666667,0.07100435951724648,10.945013463497162,0.29774478636682034,0.07062899904849473,0.05078125,0.42920367320510344,70.95402679999825
234,3744,67,1.5716261478765947,-1.5716261478765947,4.1875,5.127083333333333,-0.1455037477426231,2.702742263674736,0.24304653331637383,0.00082288411185516,0.0078125,0.42920367320510344,71.25954360002652
235,3760,59,1.9955752295753189,-1.9955752295753189,3.6875,6.360416666666667,-0.004805572385213175,2.2576178312301636,0.24588977918028831,0.00019584981328080175,0.0,0.42920367320510344,71.52972589991987
236,3776,66,1.5666481633974485,-1.5666481633974485,4.125,5.258333333333334,-0.19689709250815213,2.732928104698658,0.3056457005441189,0.0011364257079549134,0.021484375,0.42920367320510344,71.83707649994176
237,3792,58,1.78125,-1.78125,3.625,4.977380952380953,-0.0014722542310382503,8.636543273925781,0.23930849507451057,7.283186550921528e-05,0.0,0.42920367320510344,72.09652669995558
238,3808,52,0.9469027549038281,-0.9469027549038281,3.25,6.904166666666667,-0.0035757163893251898,1.6326240301132202,0.2433834671974182,7.651875284864218e-05,0.0,0.42920367320510344,72.35783490003087
239,3824,53,1.459623852123405,-1.459623852123405,3.3125,5.888541666666667,-0.002585735421337887,1.942666083574295,0.19010301679372787,0.00010571207349130418,0.0,0.42920367320510344,72.60805849998724
240,3840,62,1.2364490816987241,-1.2364490816987241,3.875,5.266666666666667,-0.006763057047200816,2.441883146762848,0.22047502174973488,0.0003495330183795886,0.004032257944345474,0.42920367320510344,72.89583329996094
241,3856,67,2.451050918301276,-2.451050918301276,4.1875,5.11875,0.1786092589609325,5.228511154651642,0.25964968651533127,0.0015735992647023522,0.0078125,0.42920367320510344,73.19915879995096
242,3872,55,1.700774311274043,-1.700774311274043,3.4375,7.513839285714286,-0.007396012818737141,2.122045159339905,0.3064030483365059,0.00017401534887540038,0.0,0.42920367320510344,73.46225959993899
243,3888,64,1.4861724746714915,-1.4861724746714915,4,5.145833333333333,-0.0006490121595561504,1.9976807236671448,0.18237926438450813,8.982140570878983e-05,0.0,0.42920367320510344,73.75385430001188
244,3904,71,2.299225688725957,-2.299225688725957,4.4375,4.967708333333333,-0.07530454779043794,3.2002230435609818,0.23974792752414942,0.0015100131311100995,0.01171875,0.42920367320510344,74.07594300003257
245,3920,60,2.8974004591506386,-2.8974004591506386,3.75,5.242708333333334,-0.008002217001436662,7.309086441993713,0.21054256334900856,0.000454921908385586,0.008333333767950535,0.42920367320510344,74.34692859998904
246,3936,60,1.7320243112740432,-1.7320243112740432,3.75,5.534375,-0.007303900939101826,1.715830773115158,0.23753589019179344,0.0007665840585104888,0.008333333767950535,0.42920367320510344,74.61529769992922
247,3952,70,2.4634954084936207,-2.4634954084936207,4.375,4.911458333333333,-0.09552139975130558,2.65775428712368,0.3105823304504156,0.001020627428260923,0.01171875,0.42920367320510344,74.93090729997493
248,3968,66,2.8299224746714913,-2.8299224746714913,4.125,4.963541666666667,0.17282153421547264,11.638277143239975,0.24760461319237947,0.01357131027180003,0.07421875,0.42920367320510344,75.2260690999683
249,3984,57,1.7900995408493616,-1.7900995408493616,3.5625,5.866517857142857,-0.00625503016125184,1.8932185769081116,0.2440912164747715,0.0001913647611218039,0.0,0.42920367320510344,75.48631149996072
250,4000,72,2.1418692606170264,-2.1418692606170264,4.5,5.105208333333334,-0.0005301064811646938,4.300511300563812,0.20959645695984364,0.0014878763468004763,0.021484375,0.42920367320510344,75.8143667000113
251,4016,60,2.186670178918302,-2.186670178918302,3.75,5.276041666666667,-0.003980257546451149,4.121105194091797,0.22387972474098206,0.00021520200789382216,0.004166666883975267,0.42920367320510344,76.0749581999844
252,4032,66,2.508849540849362,-2.508849540849362,4.125,4.649404761904762,-0.09960929374210536,5.002396568655968,0.37083644792437553,0.0015600525075569749,0.005859375,0.42920367320510344,76.36628049996216
253,4048,56,3.526272015520854,-3.526272015520854,3.5,7.064583333333333,-0.003870706647700839,8.586915493011475,0.24983785673975945,0.0014112080607446842,0.013392857741564512,0.42920367320510344,76.61750629998278
254,4064,68,2.9684733929727676,-2.9684733929727676,4.25,4.782738095238095,0.10444194171577692,5.699246823787689,0.2537034023553133,0.0004982101090718061,0.0078125,0.42920367320510344,76.92973919992801
255,4080,60,1.249723392972767,-1.249723392972767,3.75,6.452083333333333,-0.003773074908531626,3.4641223549842834,0.2761552259325981,0.00022685784824716393,0.0,0.42920367320510344,77.209517100011
256,4096,58,2.084347245096173,-2.084347245096173,3.625,5.938541666666667,-0.004897407699649303,6.56908905506134,0.34501563012599945,0.00015283119319065008,0.0,0.42920367320510344,77.49131489999127
257,4112,70,3.4322454084936203,-3.4322454084936203,4.375,5.127232142857143,0.10909715248271823,17.670891880989075,0.355403371155262,0.0011028497544032234,0.0078125,0.42920367320510344,77.83058129996061
258,4128,60,1.9549224746714917,-1.9549224746714917,3.75,4.877083333333333,-0.0029317880156063403,4.801602363586426,0.27604927122592926,6.034324542270042e-05,0.0,0.42920367320510344,78.09714790002909
259,4144,69,4.079645867644259,-4.079645867644259,4.3125,5.067857142857143,-0.10597676853649318,18.170373059809208,0.40940360352396965,0.018013857732967153,0.04843750037252903,0.42920367320510344,78.41108460002579
260,4160,65,3.1249999999999996,-3.1249999999999996,4.0625,5.830729166666667,-0.34655689692590386,4.500100439414382,0.23374170763418078,0.0008961886051110923,0.009765625,0.42920367320510344,78.71989730000496
261,4176,71,3.0138275253285087,-3.0138275253285087,4.4375,5.894047619047619,-0.051142170443199575,8.294070422649384,0.20746438181959093,0.00023153834621325586,0.001953125,0.42920367320510344,79.04777579999063
262,4192,67,3.2582963267948966,-3.2582963267948966,4.1875,5.131597222222222,0.09909756446722895,6.210247904062271,0.3078509056940675,0.0014011479240707558,0.005859375,0.42920367320510344,79.35851189994719
263,4208,58,1.6872233929727674,-1.6872233929727674,3.625,5.547916666666667,-0.0013278404054162252,3.1352553367614746,0.22903696447610855,8.585657087678555e-05,0.0,0.42920367320510344,79.62328739999793
264,4224,74,1.945519719767665,-1.945519719767665,4.625,4.501488095238095,0.00973246549256146,5.440350949764252,0.27667590603232384,0.001170623179859831,0.020312500186264515,0.42920367320510344,79.9602577999467
265,4240,75,3.3216261478765956,-3.3216261478765956,4.6875,4.512797619047619,0.0040815838146954775,3.156185567378998,0.2567006666213274,0.0015748305841043475,0.015625,0.42920367320510344,80.28899499995168
266,4256,65,2.6147674240144743,-2.6147674240144743,4.0625,4.590327380952381,-0.2042637678096071,3.1568582858890295,0.15818332171056682,0.0012113042175769806,0.005859375,0.42920367320510344,80.5710799000226
267,4272,65,1.2140486225480864,-1.2140486225480864,4.0625,4.75639880952381,0.056701962545048445,2.176008915528655,0.22924549597200894,9.286619024351239e-05,0.0,0.42920367320510344,80.87531519995537
268,4288,67,2.669524311274043,-2.669524311274043,4.1875,5.0148809523809526,-0.0035976646468043327,2.5647550523281097,0.26365599036216736,0.001336226572142607,0.0078125,0.42920367320510344,81.1859364999691
269,4304,70,2.2228981633974487,-2.2228981633974487,4.375,5.777083333333334,-0.13733687018975616,3.2031018808484077,0.2690591113641858,0.0013657736914751695,0.005859375,0.42920367320510344,81.52359719993547
270,4320,56,1.3484513774519138,-1.3484513774519138,3.5,6.8234375,-0.0026771112045804735,1.90622079372406,0.1651238538324833,0.00022108826851763297,0.004464285913854837,0.42920367320510344,81.7982948999852
271,4336,72,2.4242256887259566,-2.4242256887259566,4.5,5.370238095238095,0.03449478931725025,3.778100587427616,0.22121180407702923,0.0011684991477523,0.00390625,0.42920367320510344,82.11542369995732
272,4352,62,1.6025995408493625,-1.6025995408493625,3.875,4.377604166666667,-0.005978367424705144,4.883447647094727,0.24383149296045303,0.00023454788879462285,0.004032257944345474,0.42920367320510344,82.38694500003476
273,4368,64,2.820796326794897,-2.820796326794897,4,4.932142857142857,-0.010580330155789852,3.821023404598236,0.23812251910567284,0.0006426855688914657,0.01171875,0.42920367320510344,82.66727849992458
274,4384,61,1.7405972450961724,-1.7405972450961724,3.8125,6.9245535714285715,-0.002632269132920584,4.314001679420471,0.23554398864507675,0.00017706548896967433,0.0,0.42920367320510344,82.95278049993794
275,4400,58,1.3705752295753193,-1.3705752295753193,3.625,6.120833333333334,-0.008616475007046986,2.9124021530151367,0.25221362337470055,0.000320218601700617,0.0,0.42920367320510344,83.21672070003115
276,4416,62,2.142699081698724,-2.142699081698724,3.875,5.7909226190476195,-0.001239220945036923,4.250677824020386,0.20771367102861404,0.00016371560559491627,0.0,0.42920367320510344,83.49974699993618
277,4432,77,3.5840706380689396,-3.5840706380689396,4.8125,4.239285714285714,-0.04043874784838408,7.299190044403076,0.2597245164215565,0.013507477926850697,0.015474759973585606,0.42920367320510344,83.85055979993194
278,4448,66,2.9283738521234057,-2.9283738521234057,4.125,4.472916666666666,-0.24621808109804988,2.755166565068066,0.20182853171809612,0.0005537363758776337,0.0078125,0.42920367320510344,84.14106729999185
279,4464,60,1.6648229338221296,-1.6648229338221296,3.75,5.327083333333333,-0.003737769295306226,4.0579938888549805,0.26590022444725037,0.00022645375975116622,0.0,0.42920367320510344,84.40318259992637
280,4480,71,1.7856747704246811,-1.7856747704246811,4.4375,4.658184523809524,0.05845498968847096,2.5958801582455635,0.3032392393797636,0.00041243676815838626,0.0,0.42920367320510344,84.72363589995075
281,4496,61,2.2231747704246816,-2.2231747704246816,3.8125,5.682291666666667,-0.0067983941780020984,4.856956362724304,0.2759101837873459,0.00017725565612636274,0.0,0.42920367320510344,85.00387299992144
282,4512,59,1.8877210972195781,-1.8877210972195781,3.6875,5.2336309523809526,-0.00398151385666945,1.5325440764427185,0.2289537601172924,0.00026108167730853893,0.0,0.42920367320510344,85.26845099998172
283,4528,64,2.1476770661778715,-2.1476770661778715,4,6.601041666666667,-0.006813132204115391,3.58891361951828,0.26346171647310257,0.000261188019067049,0.00390625,0.42920367320510344,85.57534490001854
284,4544,48,0.8749999999999999,-0.8749999999999999,3,6.7250000000000005,-0.007723089967233587,3.3415050506591797,0.2172173261642456,0.0010001332084357273,0.015625,0.42920367320510344,85.82639209995978
285,4560,68,3.1468472450961733,-3.1468472450961733,4.25,5.589732142857143,0.025043577188625932,3.1587141901254654,0.3335733488202095,0.0009197963518090546,0.0078125,0.42920367320510344,86.12822419998702
286,4576,62,1.0351215563702159,-1.0351215563702159,3.875,4.954166666666667,-0.0012759710413270398,4.014969348907471,0.19712034985423088,3.7372652514022775e-05,0.0,0.42920367320510344,86.40238699992187
287,4592,65,3.070519719767665,-3.070519719767665,4.0625,4.891666666666667,0.19628521893173456,8.420742399990559,0.3146110661889947,0.0021439815900521353,0.001953125,0.42920367320510344,86.69983629998751
288,4608,70,1.8611724746714913,-1.8611724746714913,4.375,4.855208333333334,0.02674491936340928,5.004095256328583,0.2870410233736038,0.0003608190066586303,0.0,0.42920367320510344,87.00849359994754
289,4624,69,2.1789270661778706,-2.1789270661778706,4.3125,5.015625,0.1608125673374161,2.5491769909858704,0.35172232426702976,0.0054504042778944495,0.05195312574505806,0.42920367320510344,87.31604059995152
290,4640,60,2.392145867644259,-2.392145867644259,3.75,5.357068452380952,-0.0018630072629699512,4.246328949928284,0.2188221663236618,0.0001917488934850553,0.0,0.42920367320510344,87.58041149994824
291,4656,72,2.5212940310417067,-2.5212940310417067,4.5,4.665625,-0.013175762025639415,2.9167729765176773,0.27572681941092014,0.0002910076000262052,0.00390625,0.42920367320510344,87.89496900001541
292,4672,69,3.0171458676442597,-3.0171458676442597,4.3125,4.994494047619048,-0.08894483675248921,4.201777175068855,0.3279615251813084,0.0005882273631421242,0.0078125,0.42920367320510344,88.21573409996927
293,4688,71,4.324114669110646,-4.324114669110646,4.4375,5.2717261904761905,0.10942921857349575,30.499854654073715,0.29449441470205784,0.01574051528587006,0.0415736623108387,0.42920367320510344,88.54456059995573
294,4704,55,1.0577986225480864,-1.0577986225480864,3.4375,5.376041666666667,-0.0053017436563758125,3.732159197330475,0.3136991932988167,0.00038014659548935015,0.004545454401522875,0.42920367320510344,88.80324199993629
295,4720,61,1.4684733929727671,-1.4684733929727671,3.8125,4.685416666666667,-0.005056071085626002,3.9464833736419678,0.24046796560287476,0.00028463307262427406,0.004098360426723957,0.42920367320510344,89.07659319997765
296,4736,65,1.169524311274043,-1.169524311274043,4.0625,5.238839285714286,0.027218586299568415,2.4003643840551376,0.14298506219347473,0.0003829998313449323,0.00390625,0.42920367320510344,89.3784205999691
297,4752,60,1.7762720155208533,-1.7762720155208533,3.75,5.008333333333334,-0.003619118898253504,2.5406728386878967,0.2580942288041115,4.8252752094413154e-05,0.0,0.42920367320510344,89.65718650002964
298,4768,70,2.2054756887259575,-2.2054756887259575,4.375,4.823660714285714,0.08947040629573166,2.986355245113373,0.22550282953307033,0.003597811577794374,0.02669270895421505,0.42920367320510344,89.985006300034
299,4784,64,1.8387720155208536,-1.8387720155208536,4,5.103125,-0.0028698761016130447,3.4099923968315125,0.2382204495370388,4.055231147503946e-05,0.0,0.42920367320510344,90.26875189994462
300,4800,64,2.9416481633974483,-2.9416481633974483,4,4.85625,-0.009359650313854218,8.810907363891602,0.3347243219614029,0.0009109809179790318,0.015625,0.42920367320510344,90.57079070003238
301,4816,65,2.6125555098076547,-2.6125555098076547,4.0625,7.129166666666666,-0.004314211430028081,3.112591505050659,0.3576279254630208,0.07952387689147145,0.1640625,0.42920367320510344,90.88721830002032
302,4832,79,4.022123852123406,-4.022123852123406,4.9375,4.355654761904762,-0.08706761663779616,9.87006014585495,0.41601016372442245,0.005681108762871645,0.021484375,0.42920367320510344,91.25829469994642
303,4848,64,2.633296326794897,-2.633296326794897,4,5.521875,-0.01593273552134633,6.1952126026153564,0.312899112701416,0.006043986126314849,0.01171875,0.42920367320510344,91.54784789995756
304,4864,69,2.3207963267948966,-2.3207963267948966,4.3125,5.43125,-0.0806656711793039,3.81983832269907,0.26745982095599174,0.0030365910948830788,0.021484375,0.42920367320510344,91.8686739000259
305,4880,71,2.6382743112740434,-2.6382743112740434,4.4375,5.279241071428571,0.029193823458626866,3.166589990258217,0.27760601975023746,0.0006535115878136821,0.005859375,0.42920367320510344,92.19981999997981
306,4896,67,2.245298622548086,-2.245298622548086,4.1875,5.119791666666667,0.12784628791268915,2.2414872720837593,0.26855009235441685,0.0002837197499729882,0.001953125,0.42920367320510344,92.5171128999209
307,4912,62,2.2851215563702154,-2.2851215563702154,3.875,5.974255952380952,-0.006158437056001276,7.117050766944885,0.27443666011095047,0.00029132450708857505,0.004032257944345474,0.42920367320510344,92.80631679994985
308,4928,75,3.209623852123406,-3.209623852123406,4.6875,5.0632440476190474,-0.041388819459825754,3.941236287355423,0.2575081503018737,0.00120861806102468,0.017223011702299118,0.42920367320510344,93.14278450002894
309,4944,62,2.075774311274044,-2.075774311274044,3.875,4.530208333333333,-0.005163315865736706,2.242703139781952,0.25851763039827347,0.0001757437557898811,0.0,0.42920367320510344,93.4238751999801
310,4960,64,2.280973392972767,-2.280973392972767,4,5.546354166666667,-0.006528500467538834,3.7719897031784058,0.2395540289580822,0.0007041935168672353,0.0078125,0.42920367320510344,93.71474419999868
311,4976,68,2.71875,-2.71875,4.25,6.202083333333333,-0.18689512158744037,3.8066063821315765,0.3150977808982134,0.00048216324830718804,0.00390625,0.42920367320510344,94.02288259996567
312,4992,68,2.0533738521234053,-2.0533738521234053,4.25,5.221875,-0.07199306832626462,2.825204759836197,0.2450266326777637,0.002774550874164561,0.037109375,0.42920367320510344,94.327841399936
313,5008,64,1.2450220155208536,-1.2450220155208536,4,5.00625,-0.001284340862184763,1.94235497713089,0.23793194815516472,5.955726373940706e-05,0.0,0.42920367320510344,94.6075762999244
314,5024,61,1.5796458676442588,-1.5796458676442588,3.8125,5.420535714285714,-0.004771755473901962,4.259067893028259,0.26870691776275635,0.00018662995262275217,0.0,0.42920367320510344,94.89325630001258
315,5040,67,2.7582963267948966,-2.7582963267948966,4.1875,5.261458333333334,-0.14250735018868,5.0380845461040735,0.3041842319071293,0.004041166238181404,0.0475260429084301,0.42920367320510344,95.1961936999578
316,5056,64,1.8252210972195781,-1.8252210972195781,4,5.194791666666666,-0.008514456450939178,5.882799506187439,0.21173104271292686,0.0018369644094491377,0.0078125,0.42920367320510344,95.4725974999601
317,5072,63,1.6468472450961729,-1.6468472450961729,3.9375,5.517708333333333,-0.008866602656549705,2.7918863892555237,0.35087770223617554,0.00041162879278999753,0.0,0.7123889803846897,95.7625626999652
318,5088,57,2.09375,-2.09375,3.5625,6.152232142857143,-0.006731887223411448,6.280337810516357,0.21409013494849205,0.0007889211974543286,0.008771929889917374,0.42920367320510344,96.01633919996675
319,5104,71,2.8570243112740434,-2.8570243112740434,4.4375,5.4421875,0.017017549369484186,10.038197040557861,0.20040475204586983,0.0011677222715320568,0.01171875,0.42920367320510344,96.33572129998356
320,5120,61,2.508572933822129,-2.508572933822129,3.8125,5.670833333333333,-0.0038102278080351937,4.467407822608948,0.2666674330830574,5.98380031533452e-05,0.0,0.42920367320510344,96.62451460002922
321,5136,67,3.0564155874119225,-3.0564155874119225,4.1875,4.701041666666667,0.023548886412754655,5.071385182440281,0.16654875125095714,0.00013825790544252925,0.0,0.42920367320510344,96.93728339998052
322,5152,70,1.7676990816987246,-1.7676990816987246,4.375,4.673958333333333,-0.11055279144784436,5.446946948766708,0.21461100177839398,0.0015698243466886197,0.02864583395421505,0.42920367320510344,97.24318919994403
323,5168,67,1.3263275253285096,-1.3263275253285096,4.1875,4.684375,-0.05214945937041193,3.531607538461685,0.2712994087487459,0.0009969056785266162,0.005859375,0.42920367320510344,97.54769589996431
324,5184,59,2.4103981633974483,-2.4103981633974483,3.6875,5.626041666666667,-0.013101867234365905,3.0778123140335083,0.2240276336669922,0.0006716600601066602,0.008474576286971569,0.42920367320510344,97.81107139994856
325,5200,60,2.3293692606170264,-2.3293692606170264,3.75,5.610714285714286,-0.00434079369685314,3.7008660435676575,0.18325940892100334,0.0019694874208653346,0.012500000651925802,0.42920367320510344,98.0790853999788
326,5216,62,1.9245022957531899,-1.9245022957531899,3.875,5.333333333333333,-0.003915523381663455,3.2509015798568726,0.19969865679740906,0.0001860057063822751,0.0,0.42920367320510344,98.35651770001277
327,5232,64,1.2945243112740428,-1.2945243112740428,4,4.790625,-0.0030500146094709635,2.7090343236923218,0.2119704633951187,7.0605194196105e-05,0.0,0.42920367320510344,98.64388739992864
328,5248,69,2.463495408493621,-2.463495408493621,4.3125,5.260044642857142,-0.0021388683235272765,3.3684073835611343,0.2748409565538168,0.0004990261973034649,0.005859375,0.42920367320510344,98.97372320003342
329,5264,62,2.2853981633974483,-2.2853981633974483,3.875,4.919642857142857,-0.007834864049894641,6.003464460372925,0.2415316216647625,0.0003703749243868515,0.008064515888690948,0.42920367320510344,99.25637770001777
330,5280,57,1.3349004591506377,-1.3349004591506377,3.5625,5.328125,-0.009113895702747676,2.059799313545227,0.20332174375653267,0.0017689593878458254,0.008771929889917374,0.42920367320510344,99.5115991999628
331,5296,72,2.2806967859455343,-2.2806967859455343,4.5,5.50922619047619,-0.05773496301844716,2.418334223330021,0.2221482042223215,0.0007596493815071881,0.00390625,0.42920367320510344,99.82040510000661
332,5312,71,4.303650459150639,-4.303650459150639,4.4375,4.556498015873016,0.04559209628496319,32.585678830742836,0.1776154525578022,0.030403725408959303,0.0396205373108387,0.42920367320510344,100.12685779994354
333,5328,74,2.0041481633974483,-2.0041481633974483,4.625,4.502976190476191,0.07976741623133421,2.3844887018203735,0.23017007112503052,0.0002586528339634242,0.00390625,0.42920367320510344,100.44616339995991
334,5344,58,1.3481747704246816,-1.3481747704246816,3.625,5.39375,-0.0021418518846421097,3.34052836894989,0.14171858876943588,2.2798841428084415e-05,0.0,0.42920367320510344,100.70001979998779
335,5360,66,1.8918692606170264,-1.8918692606170264,4.125,4.512797619047619,0.14074590452946723,4.231892004609108,0.13882973440740898,0.00014957229723222554,0.001953125,0.42920367320510344,100.99296689999755
336,5376,80,2.732024311274043,-2.732024311274043,5,4.175297619047619,-0.07340551260858774,3.414852887392044,0.265838373452425,0.0005521209386643022,0.005859375,0.42920367320510344,101.34007019991986
337,5392,62,1.4330752295753195,-1.4330752295753195,3.875,5.260714285714286,-0.008704945790551477,1.341066598892212,0.18049713224172592,0.0006742653113178676,0.016129031777381897,0.42920367320510344,101.62690209993161
338,5408,60,2.2146018366025517,-2.2146018366025517,3.75,4.954166666666667,-0.0047024040754573004,2.2774853706359863,0.31628063321113586,0.00035209916859457735,0.004166666883975267,0.42920367320510344,101.97297350002918
339,5424,68,1.4546458676442584,-1.4546458676442584,4.25,4.114583333333333,-0.03169919369975105,4.16911917924881,0.14886172342812642,0.0006863776070531458,0.009765625,0.42920367320510344,102.41949030000251
340,5440,61,2.0663715563702154,-2.0663715563702154,3.8125,6.181547619047619,-0.003698945573634038,4.863214731216431,0.34777139872312546,0.00012926285671710502,0.0,0.42920367320510344,102.83446799998637
341,5456,62,2.262721097219578,-2.262721097219578,3.875,4.755505952380952,-0.013136646244674921,5.099241614341736,0.24036163091659546,0.003880411633872427,0.012096773833036423,0.42920367320510344,103.31921139999758
342,5472,77,6.798119260617026,-6.798119260617026,4.8125,5.200297619047619,-0.02111181985719668,29.025440514087677,0.2586268149316311,0.01088428618368198,0.04071514494717121,0.42920367320510344,103.75583849998657
343,5488,69,3.1509954084936207,-3.1509954084936207,4.3125,5.0007440476190474,-0.12056983797810972,3.890031784772873,0.22368193115107715,0.003976875566878313,0.05585937574505806,0.42920367320510344,104.20620999997482
344,5504,60,1.277101836602552,-1.277101836602552,3.75,4.832291666666666,-0.004383137589320185,3.770809829235077,0.20339803770184517,0.0001214094540955557,0.0,0.42920367320510344,104.548784899991
345,5520,64,2.847621556370216,-2.847621556370216,4,5.284970238095238,-0.005333065055310726,9.421940803527832,0.17656049132347107,0.0008605110924690962,0.0078125,0.42920367320510344,104.93592379998881
346,5536,66,2.6733958676442584,-2.6733958676442584,4.125,4.313839285714286,0.12532207486219704,3.9321992993354797,0.35205646231770515,0.002110832938342355,0.009765625,0.42920367320510344,105.2728925999254
347,5552,63,2.244745408493621,-2.244745408493621,3.9375,5.045386904761905,-0.005708009732650732,5.842729330062866,0.21794265136122704,0.00019923242962249788,0.0,0.42920367320510344,105.58772179996595
348,5568,50,2.16924770424681,-2.16924770424681,3.125,6.626041666666667,-0.017107494473457496,4.025465905666351,0.16398005560040474,0.004225930490065366,0.019999999552965164,0.42920367320510344,105.88746019999962
349,5584,60,0.928373852123405,-0.928373852123405,3.75,5.195833333333334,-0.005337292243106084,4.031742811203003,0.26402919739484787,0.0009285710038966499,0.008333333767950535,0.42920367320510344,106.21714910003357
350,5600,59,1.9280972450961724,-1.9280972450961724,3.6875,5.179910714285715,-0.0011722399836891495,2.1643481850624084,0.16527238488197327,6.301451617218845e-05,0.0,0.42920367320510344,106.60079139994923
351,5616,64,1.892699081698725,-1.892699081698725,4,5.656845238095238,-0.005587503779679537,2.4044702649116516,0.24462255090475082,0.00011376198381185532,0.0,0.42920367320510344,107.03707239998039
352,5632,67,1.8077986225480864,-1.8077986225480864,4.1875,4.913244047619048,0.09225778351537883,2.3388794669881463,0.23365835817094194,0.0005593594542006031,0.005859375,0.42920367320510344,107.50208699994255
353,5648,57,1.7054756887259568,-1.7054756887259568,3.5625,5.802083333333333,-0.003167292024540025,4.210795998573303,0.21824800595641136,0.00027681828123604646,0.004385964944958687,0.42920367320510344,108.08714519999921
354,5664,61,1.2588495408493623,-1.2588495408493623,3.8125,4.410416666666666,-0.007264913094123138,2.0417104363441467,0.20585401356220245,0.0008114545344142243,0.012295081280171871,0.42920367320510344,108.71758249995764
355,5680,60,2.1111724746714913,-2.1111724746714913,3.75,7.267113095238095,-0.005598475392131652,5.239372968673706,0.153487216681242,0.000492709577883943,0.008333333767950535,0.42920367320510344,109.31335369998123
356,5696,74,2.6017697197676637,-2.6017697197676637,4.625,5.513616071428571,-0.009530080948024988,6.0887037962675095,0.252615406177938,0.007478006802557502,0.015625,0.42920367320510344,109.9827237999998
357,5712,74,2.7945243112740434,-2.7945243112740434,4.625,5.001041666666667,0.07561159180477262,3.6498837769031525,0.2892457917332649,0.001547287640732975,0.02695312537252903,0.42920367320510344,110.68915939994622
358,5728,66,1.5843472450961729,-1.5843472450961729,4.125,4.189583333333333,-0.15960284462198615,2.6161013022065163,0.18909362259728368,0.00010047377145383507,0.0,0.42920367320510344,111.33524829999078
359,5744,52,0.9997233929727672,-0.9997233929727672,3.25,5.432291666666667,-0.004426154531896653,2.6097389459609985,0.19469407573342323,0.0008597952910349704,0.014423077460378408,0.42920367320510344,111.81885469995905
360,5760,67,1.7906527549038285,-1.7906527549038285,4.1875,5.469345238095238,-0.026201969478279352,1.4850041940808296,0.3028307594358921,0.006672791661307187,0.0533854179084301,0.42920367320510344,112.47186299995519
361,5776,61,2.275995408493621,-2.275995408493621,3.8125,5.548958333333333,-0.0061278181717363545,4.918622970581055,0.14723654463887215,0.0006869422322779428,0.012295082211494446,0.42920367320510344,112.99082459998317
362,5792,58,2.204645867644259,-2.204645867644259,3.625,6.136458333333334,-0.007152662915579144,5.033784627914429,0.22709831595420837,0.00031720577317173593,0.0,0.42920367320510344,113.5648310999386
363,5808,68,1.790099540849362,-1.790099540849362,4.25,4.733333333333333,0.042861607391387224,3.348495602607727,0.2032866141472809,0.0011485610593808815,0.03515625,0.42920367320510344,114.22421569994185
364,5824,60,2.266592653589794,-2.266592653589794,3.75,5.191666666666666,-0.007934930874034851,4.065144717693329,0.331774465739727,0.0020355479064164683,0.01666666753590107,0.42920367320510344,114.79989140003454
365,5840,65,1.7361724746714922,-1.7361724746714922,4.0625,4.91875,-0.019692139700055122,3.22586078196764,0.26216691750227794,0.0011783288791775703,0.013671875,0.42920367320510344,115.42482690000907
366,5856,66,3.2046458676442597,-3.2046458676442597,4.125,5.001116071428571,-0.09821946849115193,5.443985439836979,0.1889298902824521,0.0010875397711060941,0.009765625,0.42920367320510344,115.94438539992552
367,5872,56,2.9775995408493623,-2.9775995408493623,3.5,5.23125,-0.007378926317739731,6.691819548606873,0.2080966793000698,0.0008132687980832998,0.008928571827709675,0.42920367320510344,116.42686180002056
368,5888,70,2.7452986225480864,-2.7452986225480864,4.375,4.963095238095238,0.08164139604195952,3.5883730202913284,0.24861839599907398,0.0006472702857820423,0.0078125,0.42920367320510344,117.07008390000556
369,5904,58,1.5259954084936207,-1.5259954084936207,3.625,6.352678571428571,-0.0026965223600008414,4.865429878234863,0.21185985580086708,0.0002393335453234613,0.004310344811528921,0.42920367320510344,117.61085549998097
370,5920,64,1.5132743112740437,-1.5132743112740437,4,5.403869047619048,-0.002430099993944168,2.3626301884651184,0.1988866962492466,4.483726661419496e-05,0.0,0.42920367320510344,118.1249215999851
371,5936,59,2.080475688725958,-2.080475688725958,3.6875,5.588244047619048,-0.007405421534805612,3.48402202129364,0.21052450686693192,0.0009444848801649641,0.012711864430457354,0.42920367320510344,118.57017319998704
372,5952,68,3.280420178918302,-3.280420178918302,4.25,4.593229166666666,-0.07801437168382108,8.707647308707237,0.19951526168733835,0.0006370463233906776,0.0078125,0.42920367320510344,119.13996619998943
373,5968,69,3.4952986225480864,-3.4952986225480864,4.3125,5.123958333333333,0.12329147988930345,5.468962103128433,0.29790977653465234,0.00044993761730438564,0.001953125,0.42920367320510344,119.80627189995721
374,5984,59,2.000276607027233,-2.000276607027233,3.6875,5.229017857142857,-0.003691401492441182,3.0575534105300903,0.21282267570495605,0.0001577481125423219,0.0,0.42920367320510344,120.37206009996589
375,6000,66,2.910121556370216,-2.910121556370216,4.125,5.659375,0.05837044189684093,5.6369238081388175,0.23090561215212801,0.005064413300715387,0.01171875,0.42920367320510344,121.02983110002242
376,6016,58,3.0306967859455343,-3.0306967859455343,3.625,5.133630952380952,-0.007359582236325712,18.686837196350098,0.22390340641140938,0.0006000968523949268,0.004310344811528921,0.42920367320510344,121.62298869993538
377,6032,59,1.59375,-1.59375,3.6875,4.93125,-0.003638791450658374,5.3892436027526855,0.19510626420378685,0.00025006850955833215,0.0,0.42920367320510344,122.1927770000184
378,6048,56,0.8437500000000002,-0.8437500000000002,3.5,7.036979166666667,-0.006936076105507283,3.6198650598526,0.2371646836400032,0.00046866361844877247,0.004464285913854837,0.42920367320510344,122.75296850001905
379,6064,62,1.945796326794897,-1.945796326794897,3.875,5.8125,-0.006197962504360888,4.5487648248672485,0.19766605272889137,0.0019583648099796847,0.012096773833036423,0.42920367320510344,123.19830539997201
380,6080,56,1.120298622548086,-1.120298622548086,3.5,6.532291666666667,-0.005964502384553594,2.8230730295181274,0.29231448471546173,0.00029584862022602465,0.004464285913854837,0.42920367320510344,123.73137960000895
381,6096,59,2.0619467859455343,-2.0619467859455343,3.6875,5.659375,-0.005443184987752314,1.6526540517807007,0.18220505118370056,0.00021713977730541956,0.0,0.42920367320510344,124.25197899993509
382,6112,65,2.481747704246811,-2.481747704246811,4.0625,5.571875,0.24761358625255525,8.926479369401932,0.2297798577754282,0.0006814147927798331,0.0078125,0.42920367320510344,124.86406539997552
383,6128,62,2.2494467859455347,-2.2494467859455347,3.875,6.064434523809524,-0.005972928577853587,4.085403800010681,0.25162535533308983,0.0016348469071090221,0.012096773833036423,0.42920367320510344,125.44076919998042
384,6144,64,3.254701377451914,-3.254701377451914,4,5.332291666666666,-0.002510703168809414,4.425201654434204,0.17200623080134392,0.0004566302814055234,0.00390625,0.42920367320510344,125.95793789997697
385,6160,68,2.3653206380689404,-2.3653206380689404,4.25,5.155208333333333,-0.04589407937601209,3.1737528145313263,0.2702373946085572,0.0003997518797405064,0.00390625,0.42920367320510344,126.43590449995827
386,6176,55,1.3926990816987246,-1.3926990816987246,3.4375,5.178125,-0.0032568512680217765,2.1368021965026855,0.1573563925921917,0.00012265253963050782,0.0,0.42920367320510344,126.92193229997065
387,6192,58,1.1700775253285087,-1.1700775253285087,3.625,5.852083333333334,-0.0057285210691748745,2.31010639667511,0.2624654546380043,0.0004036082327729673,0.004310344811528921,0.42920367320510344,127.49778259999584
388,6208,65,1.5931967859455347,-1.5931967859455347,4.0625,5.134895833333333,0.660729332594201,5.049827486276627,0.31326021533459425,0.0010745213949121535,0.00390625,0.42920367320510344,128.11094539996702
389,6224,72,3.242256887259569,-3.242256887259569,4.5,4.521354166666667,-0.00545528344810009,6.209881752729416,0.2666562721133232,0.0027397864032536745,0.01171875,0.42920367320510344,128.79169640003238
390,6240,64,2.0580752295753197,-2.0580752295753197,4,5.553125,-0.00786118395626545,2.634245991706848,0.24853843078017235,0.0007100263319443911,0.0078125,0.42920367320510344,129.3467926000012
391,6256,66,2.3481747704246816,-2.3481747704246816,4.125,5.6589285714285715,0.20680779800750315,2.524007521569729,0.15585468141546244,0.0036648222885560244,0.01953125,0.42920367320510344,129.91097159998026
392,6272,72,2.102876147876595,-2.102876147876595,4.5,4.889136904761905,0.01831247564405203,2.1424057856202126,0.32332800328731537,0.0017995396628975868,0.041015625,0.42920367320510344,130.4831107999198
393,6288,59,1.772400459150638,-1.772400459150638,3.6875,5.813839285714286,-0.009706442477181554,3.4293808937072754,0.23598511889576912,0.0017565041125635616,0.008474576286971569,0.42920367320510344,131.03604059992358
394,6304,62,2.72732293382213,-2.72732293382213,3.875,5.748958333333333,-0.007367720376820319,6.061291694641113,0.1988445296883583,0.00185395824155421,0.012096773833036423,0.42920367320510344,131.64941529999487
395,6320,67,0.9773229338221293,-0.9773229338221293,4.1875,5.769791666666666,0.15557546564377844,2.6351626068353653,0.2557663801126182,0.000759088010379827,0.0,0.42920367320510344,132.343868499971
396,6336,68,3.2541481633974483,-3.2541481633974483,4.25,4.55625,0.12724693957716227,14.894659146666527,0.24726921692490578,0.0014431189629249275,0.009765625,0.42920367320510344,132.97071949997917
397,6352,67,2.5840706380689396,-2.5840706380689396,4.1875,5.196875,-0.07240498438477516,6.325793504714966,0.2326507101308266,0.001227853041200433,0.005859375,0.42920367320510344,133.64268269995227
398,6368,51,1.352876147876595,-1.352876147876595,3.1875,5.509375,-0.0029974068302716095,3.38386332988739,0.21013930812478065,8.087912169685296e-05,0.0,0.42920367320510344,134.15833310002927
399,6384,62,2.3296458676442584,-2.3296458676442584,3.875,5.065625,-0.007807863053805875,2.9961546659469604,0.19341468438506126,0.0009598970973456744,0.012096773833036423,0.42920367320510344,134.76248719997238
400,6400,64,3.137721097219578,-3.137721097219578,4,5.809375,-0.0187614259775728,12.548510789871216,0.2764788642525673,0.0020830879802815616,0.015625,0.42920367320510344,135.24779449997004
401,6416,64,1.6474004591506382,-1.6474004591506382,4,4.635416666666667,-0.00836492283269763,1.7991339564323425,0.18692757934331894,0.0005912971100769937,0.0078125,0.42920367320510344,135.84713999996893
402,6432,65,1.6562500000000004,-1.6562500000000004,4.0625,4.661755952380952,-0.2440558613743633,3.718505322933197,0.23631109354892876,0.0005218269943725318,0.005859375,0.42920367320510344,136.759707899997
403,6448,57,0.9728981633974484,-0.9728981633974484,3.5625,6.259375,-0.0022990227530899077,1.4367634952068329,0.21916252747178078,0.00013001184925087728,0.0,0.42920367320510344,137.30928469996434
404,6464,72,3.980917883165112,-3.980917883165112,4.5,5.130208333333333,-0.004325265996158123,21.207002878189087,0.2614054549485445,0.005802160048915539,0.021484375,0.42920367320510344,137.9968997000251
405,6480,64,2.101769719767664,-2.101769719767664,4,5.619940476190476,-0.006184221478179097,1.9047565162181854,0.2786902189254761,0.0006525705102831125,0.0078125,0.42920367320510344,138.52014499995857
406,6496,70,2.1955197197676646,-2.1955197197676646,4.375,4.964657738095238,0.025074350647628307,2.9437666535377502,0.21949894865974784,0.000810551225488787,0.00390625,0.42920367320510344,139.00233719998505
407,6512,69,2.7845683423157506,-2.7845683423157506,4.3125,5.161011904761905,-0.018858448136597872,3.070130690932274,0.3480329690501094,0.0013226202063520986,0.0078125,0.42920367320510344,139.36533389997203
408,6528,63,2.673395867644259,-2.673395867644259,3.9375,5.552083333333333,-0.0036540215332356574,6.394603252410889,0.2810060530900955,0.00010198520658377674,0.0,0.42920367320510344,139.75553760002367
409,6544,61,2.3125000000000004,-2.3125000000000004,3.8125,5.154761904761905,-0.009306737172157575,5.394840478897095,0.3022790253162384,0.00041841216443572193,0.008196720853447914,0.42920367320510344,140.13593530002981
410,6560,77,6.627765128261285,-6.627765128261285,4.8125,4.695684523809524,-0.050363161601126194,16.871420800685883,0.2541660275310278,0.018888558319247295,0.06956129893660545,0.42920367320510344,140.60587620001752
411,6576,56,1.258296326794897,-1.258296326794897,3.5,5.4886904761904765,-0.00655756327822532,3.449872851371765,0.17942965030670166,0.00017484942782175494,0.0,0.42920367320510344,140.95877639995888
412,6592,64,1.8127766070272329,-1.8127766070272329,4,4.348958333333333,-0.007354636676609516,4.212969660758972,0.14761899039149284,0.0006813787622377276,0.0078125,0.42920367320510344,141.35130720003508
413,6608,75,2.740873852123405,-2.740873852123405,4.6875,5.149107142857143,-0.013952006585896015,4.344561159610748,0.3359849192202091,0.001958247850780026,0.028586648404598236,0.42920367320510344,141.77841469994746
414,6624,68,3.0127210972195773,-3.0127210972195773,4.25,6.123958333333333,-0.09162797103635967,7.64833003282547,0.19225113140419126,0.001419072155840695,0.01171875,0.42920367320510344,142.2054920999799
415,6640,68,2.244745408493621,-2.244745408493621,4.25,5.2803571428571425,0.18056181212887168,2.243476063013077,0.21996960445540026,0.0007899866177467629,0.0078125,0.42920367320510344,142.6368744999636
416,6656,67,2.2898229338221294,-2.2898229338221294,4.1875,4.846875,-0.10294172004796565,2.5733277797698975,0.17730453246213074,0.00021467820137743843,0.001953125,0.42920367320510344,143.0166782999877
417,6672,67,1.9372233929727676,-1.9372233929727676,4.1875,4.542708333333334,0.1737731380853802,3.1105926632881165,0.21031506906729192,0.0017407640904529842,0.0078125,0.42920367320510344,143.4404802999925
418,6688,65,1.9773229338221294,-1.9773229338221294,4.0625,6.071875,-0.06769597984384745,2.646564880851656,0.2109875038087911,0.00037110113771632314,0.00390625,0.42920367320510344,143.8621368999593
419,6704,75,2.865873852123405,-2.865873852123405,4.6875,4.432663690476191,-0.08086927351541817,3.7443133890628815,0.2111671082675457,0.003729572873851339,0.005859375,0.42920367320510344,144.32059050002135
420,6720,61,1.7226215563702159,-1.7226215563702159,3.8125,5.889583333333333,-0.004994634322279978,3.238737463951111,0.20351477712392807,0.00044032346431777114,0.004098360426723957,0.42920367320510344,144.70387929992285
421,6736,63,2.932798622548087,-2.932798622548087,3.9375,4.853571428571429,-0.00906005734577775,6.866781234741211,0.2111830674111843,0.0024237319885287434,0.01587301678955555,0.42920367320510344,145.0406631999649
422,6752,68,3.120575229575319,-3.120575229575319,4.25,5.478125,-0.07802558084949851,4.415702387690544,0.3716463949531317,0.0029032496095169336,0.033203125,0.42920367320510344,145.4827938999515
423,6768,66,3.0879421944391554,-3.0879421944391554,4.125,5.273958333333333,0.06585726933553815,5.010642301291227,0.2019915694836527,0.0008400757797062397,0.009765625,0.42920367320510344,145.90525349997915
424,6784,64,2.525995408493621,-2.525995408493621,4,6.418898809523809,-0.0053143363911658525,4.832133650779724,0.31542380154132843,0.0004087318666279316,0.00390625,0.42920367320510344,146.30770899995696
425,6800,73,2.472621556370216,-2.472621556370216,4.5625,4.501636904761905,-0.08674530265852809,12.114841997623444,0.19728294177912176,0.0010546430482172298,0.005859375,0.42920367320510344,146.66151729994453
426,6816,68,2.4944688014663887,-2.4944688014663887,4.25,4.949479166666666,-0.06969690113328397,4.137434482574463,0.29942017421126366,0.0003442057641223073,0.001953125,0.42920367320510344,147.00295370002277
427,6832,62,1.8971238521234057,-1.8971238521234057,3.875,5.757291666666666,-0.0012640008536701774,3.62676078081131,0.2297161966562271,2.0942019546055235e-05,0.0,0.42920367320510344,147.29151629994158
428,6848,56,1.1692477042468103,-1.1692477042468103,3.5,4.747172619047619,-0.0034846271612747337,1.6087065637111664,0.2257465347647667,0.00014246973751141923,0.0,0.42920367320510344,147.57167580001988
429,6864,52,0.8879977042468108,-0.8879977042468108,3.25,5.41875,-0.0068432726951028755,1.7473984062671661,0.19367878139019012,0.00025563777853676584,0.004807692486792803,0.42920367320510344,147.9085484999232
430,6880,68,2.0221238521234053,-2.0221238521234053,4.25,4.925595238095238,5.564838647842407e-05,10.24955079704523,0.2896080072969198,0.0006964417407289147,0.005859375,0.42920367320510344,148.24933669995517
431,6896,61,1.4283738521234053,-1.4283738521234053,3.8125,4.914136904761905,-0.0073361932300031185,1.694195955991745,0.235109094530344,0.00039732371806167066,0.004098360426723957,0.42920367320510344,148.53501280001365
432,6912,64,4.012444490192345,-4.012444490192345,4,5.61264880952381,-0.008094292134046555,17.255160331726074,0.330459900200367,0.0010703158914111555,0.0078125,0.42920367320510344,148.8245252999477
433,6928,62,1.7585729338221294,-1.7585729338221294,3.875,5.864583333333333,-0.005424480757585837,3.9931607246398926,0.2485763318836689,0.001743920824083034,0.012096773833036423,0.42920367320510344,149.2087801999878
434,6944,60,2.374723392972767,-2.374723392972767,3.75,5.030803571428572,-0.008651143359020397,6.409727096557617,0.16807996481657028,0.0016480201302329078,0.012500000651925802,0.42920367320510344,149.59691690001637
435,6960,59,1.9728981633974483,-1.9728981633974483,3.6875,6.7109375,-0.004724984720223091,1.7763870060443878,0.22702060639858246,0.0002076729324471671,0.0042372881434857845,0.42920367320510344,149.97926549997646
436,6976,67,2.396847245096173,-2.396847245096173,4.1875,6.02671130952381,-0.0706298315199092,2.766275607049465,0.2187895867973566,0.0004666821067376148,0.001953125,0.42920367320510344,150.39611820003483
437,6992,59,1.9593472450961724,-1.9593472450961724,3.6875,5.51875,-0.004421636047358679,4.841547608375549,0.21495921537280083,0.00019090742216576473,0.0,0.42920367320510344,150.76868450001348
438,7008,72,2.985895867644259,-2.985895867644259,4.5,4.841666666666667,-0.027749466709792614,10.527562454342842,0.37111437134444714,0.006135890958830714,0.0078125,0.42920367320510344,151.2182252999628
439,7024,58,1.955199081698725,-1.955199081698725,3.625,5.84375,-0.006958444446228951,3.965780735015869,0.1850208006799221,0.0010408266280137468,0.012931034434586763,0.42920367320510344,151.58793189993594
440,7040,55,1.8832963267948968,-1.8832963267948968,3.4375,5.616666666666667,-0.005219167766203459,1.9036124646663666,0.24522268027067184,0.0009940112395270262,0.00909090880304575,0.42920367320510344,151.93712339992635
441,7056,70,2.3564710972195777,-2.3564710972195777,4.375,4.798065476190477,-0.006619402905926108,2.9311854392290115,0.18808495067059994,0.000503386688478713,0.00390625,0.42920367320510344,152.28074570000172
442,7072,74,3.329369260617027,-3.329369260617027,4.625,5.121875,-0.12962873955257237,5.181362226605415,0.24815866723656654,0.0010727714934546384,0.005859375,0.42920367320510344,152.7552435999969
443,7088,61,2.2721238521234053,-2.2721238521234053,3.8125,5.547916666666667,-0.007413266596888235,4.023053467273712,0.24611977487802505,0.0016776034535723738,0.008196720853447914,0.42920367320510344,153.08071499993093
444,7104,63,1.303097245096173,-1.303097245096173,3.9375,5.452083333333333,-0.002573783190677137,1.7357535660266876,0.22542082518339157,0.00013165252653379866,0.0,0.42920367320510344,153.41504739993252
445,7120,68,2.8431967859455347,-2.8431967859455347,4.25,6.369047619047619,0.2425210583023727,9.810214966535568,0.22434314712882042,0.0017672675021458417,0.005859375,0.42920367320510344,153.86495940003078
446,7136,63,1.4280972450961724,-1.4280972450961724,3.9375,5.730208333333334,-0.007239819690030791,2.044953405857086,0.3218150958418846,0.0004160561775279348,0.007936508394777775,0.42920367320510344,154.23334359994624
447,7152,63,3.1916481633974483,-3.1916481633974483,3.9375,5.119196428571429,-0.01634415848890236,16.802226543426514,0.2553931251168251,0.0038069947040639818,0.007936508394777775,0.42920367320510344,154.6253926999634
448,7168,66,2.6736724746714913,-2.6736724746714913,4.125,4.8140625,0.09631294081918895,4.656843483448029,0.17052290354513389,0.000601261795964092,0.0078125,0.42920367320510344,155.03098019992467
449,7184,65,1.6966261478765952,-1.6966261478765952,4.0625,5.702604166666667,0.0906173944240436,1.8075943291187286,0.20390596899165342,0.00037220941158011556,0.00390625,0.42920367320510344,155.45175649994053
450,7200,63,2.2538715563702154,-2.2538715563702154,3.9375,6.15625,-0.004772468149432774,3.807912826538086,0.2603815793991089,0.00015118249257284333,0.0,0.42920367320510344,155.8464062999701
451,7216,65,1.8349004591506386,-1.8349004591506386,4.0625,5.210416666666666,-0.278998177498579,2.729074314236641,0.31108265466036755,0.0005635968409478664,0.00390625,0.42920367320510344,156.14667279995047
452,7232,63,4.21349540849362,-4.21349540849362,3.9375,5.077678571428572,-0.0037551260509876006,20.089839458465576,0.3040981665253639,5.412314681052521e-05,0.0,0.42920367320510344,156.44022400001995
453,7248,73,2.8791481633974483,-2.8791481633974483,4.5625,4.969345238095238,-0.13727103050041478,3.952062100172043,0.3028016611933708,0.00037552544222307915,0.00390625,0.42920367320510344,156.89238849992398
454,7264,64,2.517975688725957,-2.517975688725957,4,5.190625,-0.009798509534448385,8.842836618423462,0.30034012347459793,0.0008216251153498888,0.0078125,0.42920367320510344,157.28791770001408
455,7280,64,2.5398229338221294,-2.5398229338221294,4,6.265178571428572,-0.00922864954918623,3.350051701068878,0.23563331738114357,0.0011034412309527397,0.015625,0.42920367320510344,157.70309399999678
456,7296,71,2.227599540849362,-2.227599540849362,4.4375,4.855208333333334,-0.054543512873351574,4.28242452442646,0.29922571033239365,0.0003158377999170625,0.001953125,0.42920367320510344,158.13962389994413
457,7312,62,2.178373852123406,-2.178373852123406,3.875,5.95625,-0.00838160733016391,4.406875371932983,0.26590030640363693,0.0002882180733649875,0.004032257944345474,0.42920367320510344,158.5336541000288
458,7328,66,2.758572933822129,-2.758572933822129,4.125,5.935416666666667,-0.10019040538463742,4.715808920562267,0.23716757594820592,0.0009246448171325028,0.0078125,0.42920367320510344,158.944266699953
459,7344,67,1.3874444901923457,-1.3874444901923457,4.1875,5.021428571428571,-0.13917437428608537,3.3843204770237207,0.3298930898308754,0.000852756939224264,0.0078125,0.42920367320510344,159.37604579993058
460,7360,63,2.1960729338221294,-2.1960729338221294,3.9375,4.444270833333333,-0.004042624926475558,3.039971172809601,0.1616881899535656,0.00016364407474611653,0.003968254197388887,0.42920367320510344,159.75867030001245
461,7376,61,1.7538715563702159,-1.7538715563702159,3.8125,6.265625,-0.004033001657903629,3.7694011926651,0.2766598165035248,0.0025691506889415905,0.008196720853447914,0.42920367320510344,160.15122440003324
462,7392,62,1.4327986225480864,-1.4327986225480864,3.875,5.123958333333333,-0.011291401197893514,1.8114805817604065,0.31558845937252045,0.0008915362705010921,0.008064515888690948,0.42920367320510344,160.47065249993466
463,7408,68,2.410121556370216,-2.410121556370216,4.25,4.408630952380952,-0.19713679770939052,2.719200536608696,0.3279645014554262,0.004853407037444413,0.041015625,0.42920367320510344,160.77623700001277
464,7424,63,3.5033183423157497,-3.5033183423157497,3.9375,6.996875,-0.006324520175685411,15.53092360496521,0.2872966527938843,0.001114316637540469,0.007936508394777775,0.42920367320510344,161.14746270002797
465,7440,61,2.6736724746714917,-2.6736724746714917,3.8125,5.19985119047619,-0.005609714650343101,4.9979798793792725,0.15539108216762543,0.0004019227917524404,0.004098360426723957,0.42920367320510344,161.54054299998097
466,7456,68,2.2007743112740434,-2.2007743112740434,4.25,5.805729166666667,0.0033835629001259804,3.0083856284618378,0.17793243267806247,0.0033412427874282002,0.033203125,0.42920367320510344,161.98510809999425
467,7472,67,1.9731747704246816,-1.9731747704246816,4.1875,5.102083333333334,0.06487103994004428,3.7140001505613327,0.11282720746373265,0.0010398490897696178,0.009765625,0.42920367320510344,162.41049039992504
468,7488,67,3.4599004591506377,-3.4599004591506377,4.1875,4.3125,0.05094255198491737,4.580132648348808,0.22091193511732854,0.0007597402821488686,0.005859375,0.42920367320510344,162.82350029994268
469,7504,69,2.5752210972195773,-2.5752210972195773,4.3125,5.460416666666666,-0.06726679159328341,3.610071085393429,0.16930576076265424,0.0005975789910763751,0.0078125,0.42920367320510344,163.21876469999552
470,7520,67,2.8788715563702154,-2.8788715563702154,4.1875,5.837946428571429,0.04160676337778568,4.518546096980572,0.19721006869804114,0.0007729572541090024,0.009765625,0.42920367320510344,163.65235619992018
471,7536,64,1.6377210972195777,-1.6377210972195777,4,5.823511904761904,-0.004331819713115692,3.7768718004226685,0.18696074560284615,0.00020722358021885157,0.00390625,0.42920367320510344,164.03485049994197
472,7552,71,2.5926435718910685,-2.5926435718910685,4.4375,5.625,-0.1592666027136147,2.2116946280002594,0.2775382325053215,0.0012536221375398782,0.005859375,0.42920367320510344,164.4853011999512
473,7568,78,2.9322454084936216,-2.9322454084936216,4.875,5.1203125,-0.03851173631846905,9.960471630096436,0.1919592907652259,0.002077657120707954,0.005859375,0.42920367320510344,164.95547919999808
474,7584,56,1.2096238521234057,-1.2096238521234057,3.5,5.998958333333333,-0.00619486293622451,1.7611494958400726,0.1703989878296852,0.001377690819936106,0.008928571827709675,0.42920367320510344,165.2351164999418
475,7600,61,1.383572933822129,-1.383572933822129,3.8125,4.565104166666667,-0.00966460521134449,3.2830451130867004,0.18429629877209663,0.001436465470760595,0.008196720853447914,0.42920367320510344,165.63010790001135
476,7616,63,2.625276607027233,-2.625276607027233,3.9375,4.628422619047619,-0.0031282283605487127,3.8814148902893066,0.1782008446753025,0.00020200865674269153,0.0,0.42920367320510344,166.03149219998159
477,7632,71,2.4905972450961733,-2.4905972450961733,4.4375,6.312594696969697,-0.10687583452090621,6.745037630200386,0.22793861146783456,0.0004216701400512335,0.00390625,0.42920367320510344,166.47704309993424
478,7648,59,1.2364490816987244,-1.2364490816987244,3.6875,5.323958333333334,-0.007114314253173326,2.2854872941970825,0.23065517470240593,0.00044042186527804006,0.0042372881434857845,0.42920367320510344,166.85238569998182
479,7664,59,1.625,-1.625,3.6875,6.42827380952381,-0.007058181060020319,3.1390408873558044,0.27195408940315247,0.0002937666786237969,0.0,0.42920367320510344,167.1832046000054
480,7680,61,1.7892697197676646,-1.7892697197676646,3.8125,5.409895833333334,-0.0049611382877270405,2.3768153190612793,0.23699332773685455,0.00033032628380169626,0.0,0.42920367320510344,167.5660276999697
481,7696,67,2.062223392972767,-2.062223392972767,4.1875,4.9852678571428575,-0.039116515312343836,2.6305471807718277,0.2530813831835985,0.0006955703138373792,0.0078125,0.42920367320510344,167.9912179999519
482,7712,84,3.097344949342983,-3.097344949342983,5.25,4.1140625,-0.011471689911559224,5.376227527856827,0.180871507152915,0.0015549916737427338,0.022265625186264515,0.42920367320510344,168.4898815000197
483,7728,73,2.8655972450961724,-2.8655972450961724,4.5625,4.840773809523809,-0.05126606987323612,3.7710414081811905,0.17667382210493088,0.0030204494638610413,0.03168402798473835,0.42920367320510344,168.85353510000277
484,7744,63,1.562223392972767,-1.562223392972767,3.9375,5.210416666666667,-0.005608603253864253,2.0428557097911835,0.2091565728187561,0.00041263892580900574,0.003968254197388887,0.42920367320510344,169.20107369998004
485,7760,69,2.423949081698725,-2.423949081698725,4.3125,5.008407738095238,-0.13785596552770585,3.5584041327238083,0.18047850765287876,0.0007884086546710023,0.009765625,0.42920367320510344,169.64824280003086
486,7776,65,2.2856747704246807,-2.2856747704246807,4.0625,4.820386904761905,-0.01484044548124075,3.0941696260124445,0.15785427048103884,0.0007902694342192262,0.005859375,0.42920367320510344,170.0663603999419
487,7792,57,1.1960729338221294,-1.1960729338221294,3.5625,4.904166666666667,-0.0025779591878904995,1.9080098569393158,0.1482245959341526,8.426230942859547e-05,0.0,0.42920367320510344,170.42651529994328
488,7808,59,2.401272015520854,-2.401272015520854,3.6875,5.046875,-0.00697651578673808,2.9034112095832825,0.2099798358976841,0.0008359298062714515,0.012711864430457354,0.42920367320510344,170.70753799995873
489,7824,58,1.2765486225480864,-1.2765486225480864,3.625,6.59375,-0.0030821552901560967,1.6206534206867218,0.1761825568974018,0.00045183179827290587,0.004310344811528921,0.42920367320510344,170.99103399994783
490,7840,62,1.7226215563702154,-1.7226215563702154,3.875,5.300744047619047,-0.006510165916199906,4.894170880317688,0.17709167301654816,9.478303854848491e-05,0.0,0.42920367320510344,171.29405120003503
491,7856,55,1.4325220155208536,-1.4325220155208536,3.4375,5.021875,-0.006794540475080435,1.1641437113285065,0.1906738057732582,0.00044528475882543717,0.004545454401522875,0.42920367320510344,171.63870569993742
492,7872,67,1.8832963267948966,-1.8832963267948966,4.1875,4.464880952380953,0.02292235125787556,2.19099223613739,0.21694583259522915,0.0007797087194489905,0.00390625,0.42920367320510344,172.063614099985
493,7888,53,1.0002766070272326,-1.0002766070272326,3.3125,5.359375,-0.011936985641577191,1.6820988059043884,0.19492750242352486,0.0015890222057350911,0.009433962404727936,0.42920367320510344,172.40792359993793
494,7904,65,3.2892697197676632,-3.2892697197676632,4.0625,4.5651785714285715,0.018215775897260755,5.591809973120689,0.49705945514142513,0.002005130569159519,0.0078125,0.42920367320510344,172.8132843999192
495,7920,64,3.4723449493429825,-3.4723449493429825,4,5.457291666666666,-0.002183804986998439,8.294923782348633,0.23945977538824081,5.2733346819877625e-05,0.0,0.42920367320510344,173.17894180002622
496,7936,64,3.285121556370216,-3.285121556370216,4,5.315625,-0.0075490823946893215,12.572705268859863,0.1856549009680748,0.0005670511163771152,0.0078125,0.42920367320510344,173.53138880000915
497,7952,66,2.053097245096173,-2.053097245096173,4.125,5.002083333333333,-0.30206972057931125,4.084985196590424,0.20456155110150576,0.0011508354218676686,0.00390625,0.42920367320510344,173.9582081999397
498,7968,62,1.5400995408493623,-1.5400995408493623,3.875,4.339583333333334,-0.0014963453042229347,4.075338542461395,0.1552557460963726,2.1533364360948326e-05,0.0,0.42920367320510344,174.3389530000277
499,7984,70,2.419247704246811,-2.419247704246811,4.375,4.520089285714286,-0.01821190072223544,5.557151593267918,0.27429765928536654,0.0003509689622660517,0.001953125,0.42920367320510344,174.75328780000564
500,8000,67,2.0400995408493623,-2.0400995408493623,4.1875,5.098511904761905,0.12617288692854345,3.0025252252817154,0.310524994507432,0.0014209927394404076,0.005859375,0.42920367320510344,175.17423959996086
