update,episodes,rollout_steps,mean_cost,mean_reward,mean_decisions,mean_branches,actor_loss,critic_loss,entropy,approx_kl,clip_fraction,fixed_greedy_cost,elapsed_seconds
1,16,105,34.9286495171396,-34.9286495171396,6.5625,3.726686507936508,0.012719881400698796,607.4701232910156,1.084242656826973,1.7072959828112744e-06,0.0,16.84955592153876,0.43070099991746247
2,32,98,40.042587120072376,-40.042587120072376,6.125,4.391121031746032,-0.0061631896533071995,541.3589477539062,1.1083503812551498,1.7145511432836713e-06,0.0,16.84955592153876,0.848790799966082
3,48,95,32.71377107350981,-32.71377107350981,5.9375,3.6180307539682537,0.005426043411716819,344.93545722961426,1.0373860821127892,3.172092199577037e-06,0.0,8.283185307179586,1.2733112999703735
4,64,109,39.19634859883832,-39.19634859883832,6.8125,4.367361111111111,-0.015441153896972537,468.3510971069336,1.1058460026979446,4.314302694652383e-06,0.0,8.283185307179586,1.7774441000074148
5,80,95,37.29231051304514,-37.29231051304514,5.9375,4.965816648629149,0.0014184503816068172,496.2763862609863,1.1828056275844574,8.875271216624014e-06,0.0,8.283185307179586,2.240399400005117
6,96,108,31.19358252856599,-31.19358252856599,6.75,4.0086737914862915,-0.0042503164149820805,230.61028671264648,1.063647300004959,1.3485455809814084e-05,0.0,8.283185307179586,2.687439600005746
7,112,83,30.150717859455344,-30.150717859455344,5.1875,4.2151289682539685,-0.05787745537236333,250.44538116455078,1.0816091522574425,1.9539239403343345e-05,0.0,8.283185307179586,3.0503148999996483
8,128,112,49.334898575128555,-49.334898575128555,7,4.120659722222222,0.0011182627058587968,518.8691101074219,1.0816080495715141,2.5844899901983354e-05,0.0,8.283185307179586,3.503603699966334
9,144,105,36.89546326794897,-36.89546326794897,6.5625,3.8481646825396827,-0.007630064385011792,314.6568298339844,1.065831147134304,5.0874304861281416e-05,0.0,0.42920367320510344,3.928126799990423
10,160,102,37.0124435481813,-37.0124435481813,6.375,4.514829094516594,-0.022603748366236687,323.83300018310547,1.1226641237735748,0.00026997013708296436,0.0,0.42920367320510344,4.341269999975339
11,176,98,34.00304079327748,-34.00304079327748,6.125,3.770262896825397,-0.03386920061893761,347.2967014312744,1.0833990722894669,0.0001955412708412041,0.0,0.42920367320510344,4.747818199917674
12,192,91,30.918970155208534,-30.918970155208534,5.6875,4.701785714285714,0.02748488774523139,255.7213315963745,1.121113047003746,0.00036875594241791987,0.0,2.146018366025517,5.136093099950813
13,208,89,31.048394925633218,-31.048394925633218,5.5625,4.361259920634921,0.02012770716100931,240.11772918701172,1.1611616015434265,0.0006920018886376056,0.006953124888241291,2.146018366025517,5.515595800010487
14,224,84,24.349003649495337,-24.349003649495337,5.25,4.09375,0.03578994423151016,302.9104309082031,1.076214775443077,0.0005946103312908235,0.0062500000931322575,2.146018366025517,5.8638792999554425
15,240,89,26.776547680537043,-26.776547680537043,5.5625,3.979389880952381,-0.024693385930731893,179.44214916229248,1.0618042945861816,0.0009873621704628022,0.001953125,0.42920367320510344,6.257868899963796
16,256,90,24.65099446648258,-24.65099446648258,5.625,4.8883680555555555,-0.059693076414987445,205.45829105377197,1.1319532543420792,0.0014290576682469691,0.004807692486792803,2.146018366025517,6.647161099943332
17,272,86,17.012167883165112,-17.012167883165112,5.375,4.319122023809524,-0.03686515940353274,99.09657573699951,1.0482556372880936,0.001629414217404701,0.011541193351149559,2.146018366025517,7.009686499950476
18,288,79,16.53263209312512,-16.53263209312512,4.9375,4.322693452380952,0.12240131758153439,164.60347270965576,0.928791917860508,0.0023325236925302306,0.030859376303851604,2.146018366025517,7.3532858999678865
19,304,79,15.982299976290234,-15.982299976290234,4.9375,4.839087301587302,-0.10563630633987486,185.21448850631714,1.0312003418803215,0.0019938337318308186,0.01171875,0.42920367320510344,7.6955782999284565
20,320,69,12.820243112740432,-12.820243112740432,4.3125,5.495386904761904,0.13443128485232592,96.48232173919678,1.015235185623169,0.002269735553454666,0.009765625,0.42920367320510344,8.011063499958254
21,336,74,12.680862373357458,-12.680862373357458,4.625,4.874479166666667,0.012289626756682992,69.58776617050171,0.9363408461213112,0.0016989656314763124,0.016406250186264515,0.42920367320510344,8.336882599978708
22,352,71,10.481471097219579,-10.481471097219579,4.4375,4.752604166666667,-0.11241553991567343,57.03913998603821,0.8203460872173309,0.0010607838264604652,0.0078125,0.42920367320510344,8.639665599912405
23,368,70,10.27157063806894,-10.27157063806894,4.375,6.711979166666667,-0.031665352173149586,90.47029829025269,0.8493443727493286,0.005957617133390158,0.02473958395421505,0.42920367320510344,8.949265599949285
24,384,78,9.00857293382213,-9.00857293382213,4.875,4.359226190476191,-0.08286398742347956,37.12182021141052,0.7135798186063766,0.0022270282013323595,0.022600446827709675,0.42920367320510344,9.28946909995284
25,400,62,5.620298622548086,-5.620298622548086,3.875,6.123660714285714,-0.012972205659494307,23.831048011779785,0.5970847904682159,0.00035514988121576607,0.004032257944345474,0.42920367320510344,9.556704099988565
26,416,73,4.981471097219578,-4.981471097219578,4.5625,4.707291666666666,-0.04423541575670242,9.909363389015198,0.686849057674408,0.0008489567239848839,0.005859375,0.42920367320510344,9.883251299965195
27,432,86,10.695519719767665,-10.695519719767665,5.375,4.446875,-0.03721783263608813,125.01386165618896,0.6720440089702606,0.002213006217743896,0.021129261702299118,0.42920367320510344,10.252187900012359
28,448,70,4.691648163397449,-4.691648163397449,4.375,4.872916666666667,-0.08132950565777719,11.850910723209381,0.6605797335505486,0.0010988604185513395,0.009765625,0.42920367320510344,10.62595939997118
29,464,78,4.542035790039991,-4.542035790039991,4.875,4.564285714285714,0.06946532570873387,5.79125851392746,0.576826486736536,0.0001465168845129483,0.0,0.42920367320510344,10.957465099985711
30,480,63,3.9142697197676646,-3.9142697197676646,3.9375,4.172395833333334,-0.007557783740579804,12.28987193107605,0.5370639711618423,0.0002446855223752209,0.003968254197388887,0.42920367320510344,11.236012800014578
31,496,77,8.831581174823844,-8.831581174823844,4.8125,4.87172619047619,0.0339476615190506,39.51949214935303,0.6605888679623604,0.0029409051676339004,0.02704326994717121,0.42920367320510344,11.5810384999495
32,512,64,6.861725688725958,-6.861725688725958,4,5.238541666666666,-0.018503624014556408,46.56443691253662,0.5473207831382751,0.0007484031812055036,0.0078125,0.42920367320510344,11.867078999988735
33,528,76,7.119468801466388,-7.119468801466388,4.75,4.67514880952381,-0.135210613720119,20.698253095149994,0.5555376671254635,0.001439203673044176,0.017578125,0.42920367320510344,12.191857199999504
34,544,64,2.9150995408493623,-2.9150995408493623,4,5.365625,-0.010456784162670374,19.001139163970947,0.4881226420402527,0.00034730316838249564,0.00390625,0.42920367320510344,12.470758999930695
35,560,66,3.8127766070272333,-3.8127766070272333,4.125,5.232291666666667,-0.290768017526716,13.128396153450012,0.7004693485796452,0.0014085714938119054,0.009765625,0.42920367320510344,12.770436899969354
36,576,76,4.330475688725958,-4.330475688725958,4.75,4.361160714285714,0.04365493054501712,8.78880912065506,0.43828773498535156,0.0021845593896614446,0.018229166977107525,0.42920367320510344,13.10222449991852
37,592,58,2.8888275253285083,-2.8888275253285083,3.625,5.948958333333334,-0.01168069681794992,9.260514974594116,0.37559448182582855,0.000885055913386168,0.008620689623057842,0.42920367320510344,13.360524999909103
38,608,72,5.626383035136164,-5.626383035136164,4.5,5.595982142857143,0.05261570878792554,23.46371614933014,0.485718309879303,0.0033460101549280807,0.03125,0.42920367320510344,13.688202499994077
39,624,65,2.8263275253285083,-2.8263275253285083,4.0625,4.521875,-0.09233625722117722,5.448945164680481,0.37764999037608504,7.008539978414774e-05,0.0,0.42920367320510344,13.984703699941747
40,640,67,2.4283738521234053,-2.4283738521234053,4.1875,4.775595238095238,0.023799157235771418,6.242484480142593,0.4529131334275007,0.0004235130955976274,0.00390625,0.42920367320510344,14.294772499939427
41,656,69,2.339601836602552,-2.339601836602552,4.3125,5.101041666666667,0.004142056219279766,3.2801464945077896,0.4320399798452854,0.0008230364645100963,0.00390625,0.42920367320510344,14.59553239995148
42,672,67,4.509679361931061,-4.509679361931061,4.1875,4.731547619047619,0.07745222258381546,24.466273248195648,0.6454040706157684,0.012086643371418404,0.0475260429084301,0.42920367320510344,14.888140599941835
43,688,56,2.772677066177871,-2.772677066177871,3.5,5.952083333333333,-0.008852720476819953,13.239563465118408,0.42797187715768814,0.00032067411029856885,0.004464285913854837,0.42920367320510344,15.143213099916466
44,704,75,3.696349540849362,-3.696349540849362,4.6875,4.594791666666667,-0.03953448077663779,8.566104471683502,0.504054993391037,0.0006157283180527884,0.005859375,0.42920367320510344,15.466667699976824
45,720,75,3.892699081698725,-3.892699081698725,4.6875,4.910416666666666,-0.08183323382399976,7.221087962388992,0.45872797444462776,0.0019980535493004936,0.026633523404598236,0.42920367320510344,15.796916999970563
46,736,63,2.8714050506570175,-2.8714050506570175,3.9375,5.889434523809523,-0.005210631664672283,14.15481162071228,0.43074753135442734,0.00017075568484870018,0.0,0.42920367320510344,16.077540299971588
47,752,61,3.3667036732051043,-3.3667036732051043,3.8125,5.626041666666667,-0.0068978426775698765,10.589099168777466,0.41264062374830246,0.0003721808643604163,0.004098360426723957,0.42920367320510344,16.34911169996485
48,768,55,1.9646018366025524,-1.9646018366025524,3.4375,5.322916666666667,-0.010318636839193429,6.602239370346069,0.3667817786335945,0.0007976687156769913,0.00909090880304575,0.42920367320510344,16.595483999932185
49,784,67,2.920077525328509,-2.920077525328509,4.1875,4.538244047619048,-0.2643678120803088,4.646691836416721,0.5413390770554543,0.0017259823991935264,0.0475260429084301,0.42920367320510344,16.898247699951753
50,800,81,4.870022015520854,-4.870022015520854,5.0625,5.115029761904762,0.027699460508301854,16.132475972175598,0.49780723080039024,0.0013338540062761695,0.013212316203862429,0.42920367320510344,17.26481770002283
51,816,67,1.9507743112740432,-1.9507743112740432,4.1875,4.682589285714286,0.10714689549058676,4.838662356138229,0.37694839923642576,0.00017162078014365534,0.0,0.42920367320510344,17.57026239996776
52,832,71,3.282079821081698,-3.282079821081698,4.4375,4.8953125,-0.03758661332540214,7.601168662309647,0.39068738743662834,0.000985928053751195,0.005859375,0.42920367320510344,17.884602700010873
53,848,67,3.6064710972195777,-3.6064710972195777,4.1875,5.725892857142857,-0.010778926778584719,10.620528817176819,0.4601144343614578,0.001373176763763695,0.0078125,0.42920367320510344,18.198174899909645
54,864,73,3.3044802802323363,-3.3044802802323363,4.5625,4.314583333333333,0.0395205426029861,3.942121207714081,0.389913696795702,0.0005341102578313439,0.001953125,0.42920367320510344,18.51892519998364
55,880,64,2.933351836602552,-2.933351836602552,4,4.7625,-0.007159316912293434,17.093502521514893,0.40708769857883453,0.0003851841756841168,0.0078125,0.42920367320510344,18.79834269999992
56,896,65,1.647677066177871,-1.647677066177871,4.0625,5.564880952380952,-0.075081248418428,2.657854111865163,0.36043521284591407,0.0001330598915956216,0.0,0.42920367320510344,19.09343849995639
57,912,66,3.9693032140544657,-3.9693032140544657,4.125,5.190327380952381,-0.1403303905390203,6.3945871740579605,0.39545577578246593,0.0005687892116839066,0.0078125,0.42920367320510344,19.382810299983248
58,928,69,4.186670178918302,-4.186670178918302,4.3125,5.225,-0.15623242198489606,10.64501935057342,0.39276450127363205,0.0019214215681131463,0.03671875037252903,0.42920367320510344,19.67984549992252
59,944,70,3.0943032140544657,-3.0943032140544657,4.375,4.671875,-0.0990274827927351,5.82733017206192,0.32809689175337553,0.0020712270834337687,0.02669270895421505,0.42920367320510344,19.987025299924426
60,960,68,2.7187500000000004,-2.7187500000000004,4.25,5.515327380952381,0.09657726559089497,4.351229950785637,0.35692750476300716,0.0001332975080003962,0.0,0.42920367320510344,20.2837145999074
61,976,61,2.3667036732051034,-2.3667036732051034,3.8125,6.771279761904762,-0.006578174125800196,4.490520477294922,0.44582022726535797,0.0002465847182975267,0.0,0.42920367320510344,20.551896099932492
62,992,60,2.870851836602552,-2.870851836602552,3.75,6.161755952380952,-0.011094413526977154,9.945866584777832,0.328614704310894,0.0009554268581268843,0.016666667070239782,0.42920367320510344,20.80911389994435
63,1008,64,2.027378443629785,-2.027378443629785,4,5.352083333333334,-0.004038055194541812,2.398991048336029,0.4048216715455055,0.00013744448369834572,0.0,0.42920367320510344,21.088941099937074
64,1024,58,2.0810289027804223,-2.0810289027804223,3.625,5.918303571428571,-0.007950841555580623,2.810245931148529,0.415756419301033,0.00017647250251684454,0.0,0.42920367320510344,21.35673689993564
65,1040,69,2.7334073464102073,-2.7334073464102073,4.3125,5.1625,0.06549789640121162,3.0027898252010345,0.46716078743338585,0.0023909894749749583,0.03085937537252903,0.42920367320510344,21.666723700007424
66,1056,68,3.660951377451914,-3.660951377451914,4.25,4.4340029761904765,0.27032567420974374,62.35547924041748,0.4100967738777399,0.009350348875159398,0.0390625,0.42920367320510344,21.964967599953525
67,1072,61,2.285951377451914,-2.285951377451914,3.8125,5.470833333333333,-0.0008869435285484562,6.658510088920593,0.3686293065547943,4.2088207010237966e-05,0.0,0.42920367320510344,22.23440409998875
68,1088,66,2.888827525328509,-2.888827525328509,4.125,5.38125,-0.13117565237917006,4.901486802846193,0.35200262092985213,0.0004199313698336482,0.005859375,0.42920367320510344,22.527751700021327
69,1104,69,3.912334412588078,-3.912334412588078,4.3125,4.644568452380953,-0.1349987998837605,5.190058469772339,0.3969853147864342,0.0005328302824523234,0.0,0.42920367320510344,22.827106299926527
70,1120,74,3.5450775253285096,-3.5450775253285096,4.625,4.295833333333333,0.01660339580848813,4.991709858179092,0.33182756043970585,0.00043350699411348614,0.0,0.42920367320510344,23.144582899985835
71,1136,69,3.674225688725957,-3.674225688725957,4.3125,4.262202380952381,0.028603882528841496,8.08231508731842,0.38312409818172455,0.000607495529351354,0.001953125,0.42920367320510344,23.437503999914043
72,1152,64,3.3431967859455347,-3.3431967859455347,4,4.8462797619047615,-0.006022589281201363,9.806031703948975,0.23843979835510254,0.0012120385035814252,0.0078125,0.42920367320510344,23.719575399998575
73,1168,70,2.327157346410207,-2.327157346410207,4.375,4.734151785714285,-0.044230796629562974,3.9688132256269455,0.26918361708521843,0.00032754626529651887,0.001953125,0.42920367320510344,24.020968099939637
74,1184,68,3.1250000000000004,-3.1250000000000004,4.25,4.411309523809524,0.05565840634517372,7.344216957688332,0.27887124940752983,0.0003229128124075942,0.00390625,0.42920367320510344,24.313426099950448
75,1200,68,2.519358723862121,-2.519358723862121,4.25,3.9404761904761907,0.037108875811100006,3.4815402552485466,0.4998998735100031,0.0008031661855056882,0.0,0.42920367320510344,24.60472900001332
76,1216,69,4.018805509807655,-4.018805509807655,4.3125,4.770982142857143,-0.10445488803088665,4.9804810881614685,0.31077757733874023,0.0004213601227434083,0.005859375,0.42920367320510344,24.90179979999084
77,1232,70,1.642975688725957,-1.642975688725957,4.375,4.309895833333333,-0.012475556693971157,2.906899482011795,0.3679947629570961,0.00011738278223560883,0.0,0.42920367320510344,25.2304923000047
78,1248,59,2.1700775253285087,-2.1700775253285087,3.6875,5.451339285714286,-0.007353795872866886,1.8317276537418365,0.3576682284474373,0.00033729079314070987,0.0042372881434857845,0.42920367320510344,25.492561799939722
79,1264,58,2.45575229575319,-2.45575229575319,3.625,5.228125,-0.007518890869787853,5.650390863418579,0.3743100091814995,0.0001960780700756004,0.0,0.42920367320510344,25.74373589991592
80,1280,65,1.8083518366025526,-1.8083518366025526,4.0625,5.116666666666666,-0.10380861675366759,0.9240239895880222,0.2663646009750664,0.00012508852978498908,0.0,0.42920367320510344,26.03031269996427
81,1296,63,1.8390486225480864,-1.8390486225480864,3.9375,4.260416666666667,-0.002528003816555602,2.663466513156891,0.3041255921125412,6.839816433057422e-05,0.0,0.42920367320510344,26.295065899961628
82,1312,71,2.772953673205104,-2.772953673205104,4.4375,4.2959821428571425,-0.058017612900584936,3.059316210448742,0.4580196291208267,0.0011518201202704859,0.005859375,0.42920367320510344,26.607019799994305
83,1328,68,3.8075220155208536,-3.8075220155208536,4.25,4.959375,0.08065523393452168,6.453593969345093,0.32880590111017227,0.0010139759542653337,0.005859375,0.42920367320510344,26.92312209994998
84,1344,58,2.366427066177871,-2.366427066177871,3.625,5.416666666666667,-0.004990331188309938,6.057654023170471,0.36533041298389435,0.0004220515020278981,0.008620689623057842,0.42920367320510344,27.186437799944542
85,1360,67,3.264657346410207,-3.264657346410207,4.1875,5.544270833333333,0.2081756154075265,7.888497710227966,0.4743735156953335,0.010246709066677795,0.0891927108168602,0.42920367320510344,27.485648799920455
86,1376,66,3.405973392972767,-3.405973392972767,4.125,4.327083333333333,-0.13476863969117403,6.014780237339437,0.34017961099743843,0.0010061580978799611,0.0078125,0.42920367320510344,27.772486399975605
87,1392,70,3.9870022957531903,-3.9870022957531903,4.375,4.804464285714285,-0.05413146875798702,8.76691198348999,0.41624827310442924,0.0006037375811729362,0.009765625,0.42920367320510344,28.08323190000374
88,1408,63,1.9018252295753193,-1.9018252295753193,3.9375,5.245833333333334,-0.006472726208379687,4.137925744056702,0.3378271460533142,0.0001743553975757095,0.0,0.42920367320510344,28.35822549997829
89,1424,79,4.875829821081698,-4.875829821081698,4.9375,5.058630952380953,-0.07487037277314812,7.186145186424255,0.44243865460157394,0.0008015808012942216,0.014192708767950535,0.42920367320510344,28.693995299981907
90,1440,58,2.4690266070272324,-2.4690266070272324,3.625,5.963541666666667,-0.012016436875926129,4.000375032424927,0.39208415895700455,0.0009258091740775853,0.008620689623057842,0.42920367320510344,28.950223399908282
91,1456,62,2.4372233929727676,-2.4372233929727676,3.875,5.0640625,-0.004814797310128682,6.740691900253296,0.29269886016845703,0.0005612415934592718,0.008064515888690948,0.42920367320510344,29.22181129991077
92,1472,71,2.3313055098076556,-2.3313055098076556,4.4375,5.1276785714285715,0.07665668474510312,3.1471742391586304,0.33122746273875237,0.00020861511023184676,0.0,0.42920367320510344,29.536521499976516
93,1488,68,2.7148784436297846,-2.7148784436297846,4.25,5.569940476190476,0.2002408066764474,5.657146990299225,0.42182497680187225,0.000970550785496016,0.001953125,0.42920367320510344,29.834762700018473
94,1504,73,3.8036504591506377,-3.8036504591506377,4.5625,4.667708333333334,-0.04944789654109627,7.202714025974274,0.4074108898639679,0.0027736935671782703,0.017795138992369175,0.42920367320510344,30.152751000015996
95,1520,58,2.639104132355741,-2.639104132355741,3.625,6.921354166666666,-0.003944327132495373,4.549150705337524,0.3196006193757057,0.00015147528301895363,0.0,0.42920367320510344,30.408750999951735
96,1536,66,2.90625,-2.90625,4.125,4.595833333333333,0.11978556425310671,8.862770915031433,0.35724717378616333,0.0013541447260649875,0.0078125,0.42920367320510344,30.726161899976432
97,1552,67,2.57743395343744,-2.57743395343744,4.1875,5.099107142857143,0.12252495647408068,4.266847372055054,0.3601993420161307,0.0008415879685799155,0.00390625,0.42920367320510344,31.030982399941422
98,1568,65,1.7458518366025517,-1.7458518366025517,4.0625,4.728125,-0.44413332641124725,4.388254210352898,0.15280651331704576,0.00025468798412475735,0.001953125,0.42920367320510344,31.3261653999798
99,1584,70,2.1252766070272333,-2.1252766070272333,4.375,4.382738095238095,0.104223916772753,3.6916415989398956,0.27537813410162926,0.0002267967320221942,0.0,0.42920367320510344,31.639002299983986
100,1600,63,2.8301990816987246,-2.8301990816987246,3.9375,6.192708333333333,-0.007261569336396878,8.217530488967896,0.37156224250793457,0.0009473144928051624,0.007936508394777775,0.42920367320510344,31.925895799999125
101,1616,60,2.4554756887259566,-2.4554756887259566,3.75,5.841666666666667,-0.007728542822102558,2.093684434890747,0.25424107909202576,0.0007726279309281381,0.012500000651925802,0.42920367320510344,32.19974509999156
102,1632,62,3.4637720155208536,-3.4637720155208536,3.875,5.391071428571428,-0.014877514883635534,12.40207552909851,0.28621453791856766,0.0012870569480583072,0.012096773833036423,0.42920367320510344,32.46765150001738
103,1648,75,2.481747704246812,-2.481747704246812,4.6875,4.4782738095238095,-0.03818540251813829,2.946296416223049,0.35770269110798836,0.00023623370896075357,0.001953125,0.42920367320510344,32.79220639995765
104,1664,61,2.817201377451914,-2.817201377451914,3.8125,6.922916666666667,-0.0011101241931310568,5.475142121315002,0.29691942781209946,2.9574943027910194e-05,0.0,0.42920367320510344,33.07207120000385
105,1680,73,4.223451377451914,-4.223451377451914,4.5625,4.416145833333333,0.03303384315222502,7.875167220830917,0.35484017990529537,0.0003129917053001918,0.001953125,0.42920367320510344,33.39800079993438
106,1696,60,2.3531527549038276,-2.3531527549038276,3.75,5.154166666666667,-0.008433892795195241,5.87234354019165,0.22551047429442406,0.001012971748423297,0.008333333767950535,0.42920367320510344,33.65641289995983
107,1712,73,3.111449081698724,-3.111449081698724,4.5625,4.344791666666667,-0.04544172971509397,5.55296266078949,0.31116241961717606,0.0007374058549203255,0.015842013992369175,0.42920367320510344,33.96718609996606
108,1728,67,3.375829821081698,-3.375829821081698,4.1875,5.570833333333334,-0.22158769005909562,4.475800015032291,0.21747093321755528,0.0003931424140949935,0.005859375,0.42920367320510344,34.262685299967416
109,1744,69,2.8349004591506377,-2.8349004591506377,4.3125,5.219345238095238,-0.17756723426282406,6.710475534200668,0.41917306184768677,0.0013566310094574874,0.02695312537252903,0.42920367320510344,34.56070189992897
110,1760,58,2.098174770424681,-2.098174770424681,3.625,5.552083333333333,-0.002246663748117994,4.405940294265747,0.25921502709388733,6.331257782221655e-05,0.0,0.42920367320510344,34.813543299911544
111,1776,60,1.8838495408493623,-1.8838495408493623,3.75,5.129166666666666,-0.006976375841380333,5.176461935043335,0.2512342557311058,0.00021828589524375275,0.004166666883975267,2.146018366025517,35.07757929991931
112,1792,60,1.5091261478765947,-1.5091261478765947,3.75,5.252083333333333,-0.003379902971210047,3.736354947090149,0.39641987532377243,7.604306119901594e-05,0.0,2.146018366025517,35.34379269997589
113,1808,56,1.8805311985336117,-1.8805311985336117,3.5,5.141666666666667,-0.0031555613926945725,3.443310856819153,0.3185165226459503,7.869195223975112e-05,0.0,2.146018366025517,35.58919109997805
114,1824,55,1.3042036732051034,-1.3042036732051034,3.4375,6.347916666666666,-0.004382997997824711,1.6126809418201447,0.2491229735314846,0.0002768510748865083,0.004545454401522875,2.146018366025517,35.83701649995055
115,1840,66,2.8885509183012763,-2.8885509183012763,4.125,5.070833333333334,0.18186957761645317,11.724475994706154,0.3584044761955738,0.0013635486757266335,0.0078125,2.146018366025517,36.128925399971195
116,1856,62,2.7013275253285083,-2.7013275253285083,3.875,6.584375,-0.006941478633727405,7.275584936141968,0.3812835216522217,0.00022592104505747557,0.0,2.146018366025517,36.4005337000126
117,1872,60,1.5271018366025522,-1.5271018366025522,3.75,5.540625,-0.009347019212630814,2.7081803679466248,0.3510620519518852,0.00033106831506302115,0.0,2.146018366025517,36.66039069998078
118,1888,63,2.557798622548087,-2.557798622548087,3.9375,4.661458333333333,0.000692311270540813,3.915351986885071,0.2696678563952446,0.00011245704808970913,0.0,2.146018366025517,36.93058139993809
119,1904,59,1.4510509183012754,-1.4510509183012754,3.6875,5.911458333333333,-0.00553499592736495,2.1537868976593018,0.2586389482021332,0.00010110646189787076,0.0,2.146018366025517,37.19594819995109
120,1920,66,2.2948009183012763,-2.2948009183012763,4.125,5.441666666666666,0.05259240395389497,3.0949580520391464,0.41144098341464996,0.0007747718482278287,0.0078125,2.146018366025517,37.51586899999529
121,1936,59,2.254424770424681,-2.254424770424681,3.6875,5.210416666666667,-0.00993067906751155,7.51338255405426,0.3673349693417549,0.0006026054743415443,0.008474576286971569,2.146018366025517,37.78284309990704
122,1952,58,2.4549224746714917,-2.4549224746714917,3.625,4.601041666666666,-0.0029570168127097674,4.827656269073486,0.25039123743772507,0.00011527635524544166,0.0,2.146018366025517,38.048763099941425
123,1968,59,2.313053214054466,-2.313053214054466,3.6875,6.299107142857143,-0.0033633048957906198,2.128326416015625,0.32163088023662567,0.00011829086633952102,0.0,2.146018366025517,38.321620899951085
124,1984,63,1.6742256887259566,-1.6742256887259566,3.9375,4.427083333333333,-0.003007150147043891,2.3855890035629272,0.27753520011901855,9.876069725578418e-05,0.0,2.146018366025517,38.59791299991775
125,2000,57,2.558628443629785,-2.558628443629785,3.5625,7.054910714285715,-0.0062879773526729466,2.3336029648780823,0.28975359350442886,0.0002531943491703714,0.004385964944958687,2.146018366025517,38.86571799998637
126,2016,67,2.9560289027804227,-2.9560289027804227,4.1875,5.530208333333333,-0.018851854372769594,5.491069555282593,0.23803689517080784,6.963260223891155e-05,0.0,2.146018366025517,39.16508890001569
127,2032,66,2.6789270661778706,-2.6789270661778706,4.125,4.888888888888889,0.2595097664743662,12.171757131814957,0.19507528544636443,0.0004084671090822667,0.005859375,2.146018366025517,39.45607149996795
128,2048,66,2.9162059689582933,-2.9162059689582933,4.125,5.842410714285714,0.03855304000899196,3.9992890655994415,0.36105014756321907,0.0006871467558084987,0.001953125,2.146018366025517,39.749933299957775
129,2064,66,2.0403761478765947,-2.0403761478765947,4.125,5.222916666666666,-0.07030910928733647,2.5629248321056366,0.3852578438818455,0.0002813145110849291,0.001953125,2.146018366025517,40.04140469990671
130,2080,62,1.812776607027233,-1.812776607027233,3.875,4.682589285714286,-0.0019460806032576272,2.798534095287323,0.27343135327100754,9.732237003845512e-05,0.0,2.146018366025517,40.305686299921945
131,2096,66,1.8252210972195773,-1.8252210972195773,4.125,4.819940476190476,-0.19272776180878282,2.5804347544908524,0.32116064699948765,9.900634904624894e-05,0.0,2.146018366025517,40.598341599921696
132,2112,63,2.142699081698724,-2.142699081698724,3.9375,5.0625,-0.004698902324196785,6.001691102981567,0.4329076409339905,0.0006249502039281651,0.003968254197388887,2.146018366025517,40.86858799995389
133,2128,69,2.709900459150638,-2.709900459150638,4.3125,5.5515625,-0.08715682756155729,2.437240421772003,0.4173917584121227,0.00046335047522916284,0.001953125,2.146018366025517,41.18605739995837
134,2144,63,2.6379977042468106,-2.6379977042468106,3.9375,4.676041666666666,-0.008354545848089368,4.036593019962311,0.34263525158166885,0.00035926385044149356,0.007936508394777775,2.146018366025517,41.47010729997419
135,2160,57,1.5583518366025522,-1.5583518366025522,3.5625,5.261458333333334,-0.004244031987598262,2.8788395524024963,0.35489290952682495,9.442697773920372e-05,0.0,2.146018366025517,41.73182129999623
136,2176,59,2.982024311274043,-2.982024311274043,3.6875,7.091666666666667,-0.011180175476217968,8.527728080749512,0.36443159729242325,0.0005520538234122796,0.0042372881434857845,2.146018366025517,42.00142629991751
137,2192,62,5.232024311274043,-5.232024311274043,3.875,5.975520833333333,-0.009860641184082475,61.36857223510742,0.36436115205287933,0.0007719279983575689,0.008064515888690948,2.146018366025517,42.27555379993282
138,2208,62,2.0439710972195777,-2.0439710972195777,3.875,5.017708333333333,-0.0017927341550896259,3.553432047367096,0.31638479977846146,3.314297202905436e-05,0.0,2.146018366025517,42.54330789996311
139,2224,69,3.10232293382213,-3.10232293382213,4.3125,5.942559523809524,0.11859149567317218,3.7176934480667114,0.3278697934001684,0.0011551412623020951,0.03281250037252903,2.146018366025517,42.850197799969465
140,2240,76,4.7895463267948974,-4.7895463267948974,4.75,4.758110119047619,0.06865082192234695,98.26715934276581,0.3816504869610071,0.015424546572830877,0.02669270895421505,2.146018366025517,43.17891549994238
141,2256,67,3.414822933822129,-3.414822933822129,4.1875,5.959970238095238,-0.146872668992728,3.7863735258579254,0.23918291286099702,0.00023940910341480048,0.0,2.146018366025517,43.469852400012314
142,2272,54,2.5804756887259566,-2.5804756887259566,3.375,5.0375,-0.011675426814083956,3.4069936275482178,0.4128158465027809,0.001346073840977624,0.018518518656492233,2.146018366025517,43.70723800000269
143,2288,67,2.2101770661778706,-2.2101770661778706,4.1875,4.953125,0.12237114692106843,8.643685534596443,0.3533845138736069,0.000563741380119609,0.0078125,2.146018366025517,44.00364859995898
144,2304,58,2.9148229338221294,-2.9148229338221294,3.625,6.175,-0.020783647140166783,5.207125544548035,0.3873637020587921,0.0058822164428420365,0.030172414612025023,2.146018366025517,44.259940600022674
145,2320,62,2.540652754903828,-2.540652754903828,3.875,5.060416666666667,-0.016699737583797614,4.950565218925476,0.3837621435523033,0.007497329264879227,0.02016128972172737,2.146018366025517,44.52762989990879
146,2336,58,1.3030972450961724,-1.3030972450961724,3.625,5.207291666666666,-0.003169965100322081,3.6022160053253174,0.33868778496980667,0.0001844038961280603,0.0,2.146018366025517,44.77851009997539
147,2352,69,2.4731747704246816,-2.4731747704246816,4.3125,5.002827380952381,0.1435928917489946,6.948006451129913,0.35908057540655136,0.0012635873122235353,0.005859375,2.146018366025517,45.0831575000193
148,2368,62,1.776825229575319,-1.776825229575319,3.875,5.388541666666667,-0.0025543041246560705,3.5067989826202393,0.2373277172446251,9.673635213403031e-05,0.0,2.146018366025517,45.362281600013375
149,2384,71,3.0583518366025517,-3.0583518366025517,4.4375,5.472916666666666,-0.08172615617513657,4.408370107412338,0.48342157155275345,0.0009961583864424028,0.0078125,2.146018366025517,45.670572599978186
150,2400,53,1.4510509183012759,-1.4510509183012759,3.3125,6.057291666666667,-0.0044577389423965386,2.3781371116638184,0.40703118592500687,7.185180220403709e-05,0.0,2.146018366025517,45.90967909991741
151,2416,63,1.8608958676442597,-1.8608958676442597,3.9375,4.707291666666666,-0.009437539644302939,2.249443292617798,0.38935406506061554,0.0003874595113302348,0.007936508394777775,2.146018366025517,46.188537499983795
152,2432,67,2.6067477042468115,-2.6067477042468115,4.1875,5.579166666666667,0.06252414872869849,9.311181545257568,0.48155199736356735,0.0004103029441466788,0.00390625,2.146018366025517,46.486605099984445
153,2448,69,2.423672474671492,-2.423672474671492,4.3125,5.289583333333333,-0.0033011615741997957,3.4649300575256348,0.4063907451927662,0.0006927535410810037,0.005859375,2.146018366025517,46.79902269993909
154,2464,59,2.066924770424681,-2.066924770424681,3.6875,5.347172619047619,-0.004994498590457308,2.2878934741020203,0.4353875517845154,0.0004488672839215724,0.0042372881434857845,2.146018366025517,47.07063259999268
155,2480,70,2.2591261478765956,-2.2591261478765956,4.375,4.548958333333333,-0.046388779766857624,3.416976183652878,0.34188248589634895,0.0006805766121829038,0.00390625,2.146018366025517,47.37920640001539
156,2496,65,3.067201377451914,-3.067201377451914,4.0625,5.622767857142857,-0.09320434206165373,7.470382109750062,0.39234271395616815,0.001434744001016952,0.0078125,2.146018366025517,47.67024899995886
157,2512,71,3.1526550506570175,-3.1526550506570175,4.4375,5.164583333333334,-0.16334117064252496,3.7770742624998093,0.39028256200253963,0.0005872848337276082,0.005859375,2.146018366025517,47.98295119998511
158,2528,65,2.0047013774519145,-2.0047013774519145,4.0625,4.047470238095238,-0.5359799265861511,4.009511306881905,0.29663408920168877,0.0004601106920745224,0.005859375,2.146018366025517,48.26940479991026
159,2544,62,1.9059733929727676,-1.9059733929727676,3.875,5.304166666666666,-0.00667844773570625,2.7092537879943848,0.2886846289038658,0.0001651156699153944,0.0,2.146018366025517,48.54239570000209
160,2560,67,2.8882743112740434,-2.8882743112740434,4.1875,5.071130952380952,0.09584297041874379,4.348557204008102,0.2532435213797726,0.0005689051758963615,0.00390625,2.146018366025517,48.840340099995956
161,2576,77,3.593196785945535,-3.593196785945535,4.8125,4.902604166666666,-0.08157452358864248,11.40027642250061,0.40805724263191223,0.0019826026633609217,0.015474759973585606,2.146018366025517,49.19503629999235
162,2592,61,1.5981747704246814,-1.5981747704246814,3.8125,5.105803571428572,-0.00904691996831497,3.2908552289009094,0.3383927345275879,0.0008415651900577359,0.008196720853447914,2.146018366025517,49.464789399993606
163,2608,66,2.8702986225480864,-2.8702986225480864,4.125,5.678125,-0.27424021204933524,8.922007501125336,0.4678349532186985,0.0017028388610924594,0.0078125,2.146018366025517,49.766632799990475
164,2624,61,2.048949081698725,-2.048949081698725,3.8125,5.041220238095238,-0.010479765209430392,5.011025905609131,0.4147258475422859,0.000829182674351614,0.008196720853447914,2.146018366025517,50.036932899965905
165,2640,79,3.1421458676442584,-3.1421458676442584,4.9375,3.9732142857142856,0.020235913107171655,4.5585843324661255,0.3288704827427864,0.0067419984920888965,0.04505208507180214,3.2876110196153103,50.37722029990982
166,2656,65,2.285951377451914,-2.285951377451914,4.0625,5.301041666666666,-0.1636371685890481,1.6536684799939394,0.38387297408189625,0.00014377727347891778,0.0,3.2876110196153103,50.69605559995398
167,2672,74,2.853152754903827,-2.853152754903827,4.625,6.245833333333334,-0.010265922639518976,3.404458999633789,0.30573504976928234,0.001620395262762031,0.016406250186264515,3.2876110196153103,51.02744699991308
168,2688,66,2.602599540849362,-2.602599540849362,4.125,5.673214285714286,0.29673597891815007,4.3787237629294395,0.28128578211180866,0.000545545801287517,0.00390625,3.2876110196153103,51.32652749994304
169,2704,67,2.6034293619310613,-2.6034293619310613,4.1875,5.667410714285714,-0.12467054091393948,2.951743807643652,0.33836436085402966,0.0002844309398568612,0.001953125,3.2876110196153103,51.63649009994697
170,2720,69,3.5940266070272333,-3.5940266070272333,4.3125,4.713541666666667,0.09788163634948432,11.011541098356247,0.27536228485405445,0.0007160167482709312,0.005859375,3.2876110196153103,51.965137999970466
171,2736,69,2.0439710972195773,-2.0439710972195773,4.3125,5.296875,0.02906779572367668,3.9672345221042633,0.37092501390725374,0.0003605786270384215,0.001953125,3.2876110196153103,52.27638209995348
172,2752,70,2.8832963267948974,-2.8832963267948974,4.375,4.572470238095238,0.11888002743944526,11.858358144760132,0.38077472522854805,0.0011508143431342432,0.00390625,3.2876110196153103,52.58169049990829
173,2768,73,3.344579821081698,-3.344579821081698,4.5625,4.7492559523809526,0.024462335975840688,3.8765875920653343,0.3630411680787802,0.0013832594163432077,0.0078125,3.2876110196153103,52.90165249991696
174,2784,61,0.7231747704246811,-0.7231747704246811,3.8125,4.566666666666666,-0.002335740619274773,4.206317603588104,0.2966735288500786,6.067186632208177e-05,0.0,5.7168146928204155,53.18272759998217
175,2800,66,2.673672474671492,-2.673672474671492,4.125,4.669791666666667,-0.10434373025782406,3.0036758899659617,0.2576055503595853,0.0004310948061174713,0.005859375,2.146018366025517,53.49092939996626
176,2816,63,2.3434733929727676,-2.3434733929727676,3.9375,4.665922619047619,-0.006514740664334551,4.220970511436462,0.3007466569542885,0.0008430461130046751,0.011904762592166662,0.42920367320510344,53.76883549999911
177,2832,69,3.241427066177871,-3.241427066177871,4.3125,5.2859375,0.1350160026922822,10.950584411621094,0.40516381431370974,0.005544334836486087,0.06953125074505806,0.42920367320510344,54.08834409993142
178,2848,65,2.646847245096173,-2.646847245096173,4.0625,4.188541666666667,-0.3343053334392607,3.9726722948253155,0.31476289744023234,0.000272625133220572,0.001953125,0.42920367320510344,54.39301839994732
179,2864,71,2.7054756887259566,-2.7054756887259566,4.4375,4.702083333333333,-0.11459224671125412,6.4566808342933655,0.3821276295930147,0.0009383623900305338,0.00390625,0.42920367320510344,54.71759359992575
180,2880,61,1.5937500000000004,-1.5937500000000004,3.8125,5.166666666666667,-0.002804770611501084,2.6368327140808105,0.3045739382505417,0.00010891722922679037,0.0,0.42920367320510344,54.98970089992508
181,2896,63,2.8525995408493623,-2.8525995408493623,3.9375,4.998511904761905,-0.006554748534986166,5.609269022941589,0.27709974348545074,0.0002581849971647898,0.003968254197388887,0.42920367320510344,55.264926499919966
182,2912,69,2.5710729338221294,-2.5710729338221294,4.3125,5.713541666666667,-0.09742627898231149,3.31608085334301,0.2890972029417753,0.002323310001565937,0.013671875,0.42920367320510344,55.56726929999422
183,2928,73,3.8351770661778706,-3.8351770661778706,4.5625,4.811458333333333,-0.0550172901712358,15.891354858875275,0.3664621114730835,0.003159296013564017,0.027560763992369175,0.42920367320510344,55.88317749998532
184,2944,67,2.2151550506570175,-2.2151550506570175,4.1875,4.6086309523809526,-0.11146306805312634,3.178978443145752,0.363883338868618,0.0007904489575594198,0.005859375,0.42920367320510344,56.17451559996698
185,2960,63,1.2500000000000002,-1.2500000000000002,3.9375,4.482291666666667,-0.005439231438296943,3.4164729714393616,0.2858929857611656,0.00019807973148999736,0.0,0.42920367320510344,56.44485359999817
186,2976,54,1.3744467859455345,-1.3744467859455345,3.375,6.25,-0.0029028884352926276,3.549056053161621,0.4047688618302345,0.00011899936134796008,0.0,0.42920367320510344,56.688477999996394
187,2992,66,1.905696785945535,-1.905696785945535,4.125,4.439583333333333,-0.07536976155824959,0.9125288631767035,0.35626571252942085,0.0011601569858612493,0.0,0.42920367320510344,57.022510499926284
188,3008,66,3.170077525328509,-3.170077525328509,4.125,5.714732142857143,-0.08531182119622827,12.935054451227188,0.5264970175921917,0.00129959054174833,0.00390625,0.42920367320510344,57.334364200010896
189,3024,61,5.56139357189107,-5.56139357189107,3.8125,6.316592261904762,-0.023311568698922258,45.383209228515625,0.4904334619641304,0.004097559773072135,0.024590162560343742,0.42920367320510344,57.60269570001401
190,3040,64,3.3603426535897936,-3.3603426535897936,4,5.377827380952381,-0.008209377061575651,6.21039891242981,0.34985174983739853,0.006815289438236505,0.01953125,0.42920367320510344,57.89014509995468
191,3056,58,1.6297013774519138,-1.6297013774519138,3.625,6.129166666666666,-0.003954598296771028,2.0634023547172546,0.27947644144296646,8.379543714909232e-05,0.0,0.42920367320510344,58.149059299961664
192,3072,63,3.441924770424682,-3.441924770424682,3.9375,6.831324404761904,-0.006250441394975548,9.948149681091309,0.40924379229545593,0.0002791404958770727,0.0,0.42920367320510344,58.425407300004736
193,3088,65,2.1700775253285087,-2.1700775253285087,4.0625,4.383333333333334,-0.1958056960720569,3.4957656264305115,0.3050204289111207,0.0013813610712531954,0.009765625,0.42920367320510344,58.7104629999958
194,3104,67,3.347898163397449,-3.347898163397449,4.1875,5.990327380952381,-0.018811543588526547,5.935529559850693,0.25312864055740647,0.0014889509317868033,0.0078125,0.42920367320510344,59.006970199989155
195,3120,64,2.655973392972768,-2.655973392972768,4,6.740178571428571,-0.0064098727889359,3.791295051574707,0.3507154881954193,0.00015243262168951333,0.0,0.42920367320510344,59.29065059998538
196,3136,63,2.1462940310417076,-2.1462940310417076,3.9375,5.350297619047619,-0.0068819580843583195,5.347237706184387,0.33386562019586563,0.00016329863592545735,0.0,0.42920367320510344,59.56238779996056
197,3152,58,2.2181967859455343,-2.2181967859455343,3.625,7.525,-0.00948880553438225,3.1041281819343567,0.29884566366672516,0.0007606510989717208,0.008620689623057842,0.42920367320510344,59.82953769993037
198,3168,60,1.6075775253285087,-1.6075775253285087,3.75,5.1125,-0.00523195314453917,2.401078999042511,0.27372050285339355,0.0003809564404946286,0.004166666883975267,0.42920367320510344,60.09338289999869
199,3184,64,2.3974004591506386,-2.3974004591506386,4,5.055208333333333,-0.008037419524043798,2.4975404143333435,0.33227022737264633,0.0002854829072020948,0.0,0.42920367320510344,60.36793989990838
200,3200,66,2.0044247704246807,-2.0044247704246807,4.125,6.052083333333333,0.06624349183402956,2.6485443115234375,0.29313214553985745,0.0010933932207990438,0.005859375,0.42920367320510344,60.6694584999932
201,3216,74,3.222621556370216,-3.222621556370216,4.625,5.208630952380952,-0.0366787986131385,3.352902978658676,0.415014423429966,0.0011815899547400477,0.020312500186264515,0.42920367320510344,60.98830420000013
202,3232,64,2.3611724746714917,-2.3611724746714917,4,5.980208333333334,-0.005076106172055006,4.36652410030365,0.2573397308588028,0.00044442107900977135,0.00390625,0.42920367320510344,61.277893199934624
203,3248,73,2.2721238521234053,-2.2721238521234053,4.5625,5.282291666666667,0.038828407414257526,4.4696024954319,0.25953623466193676,0.001970798838101473,0.021701388992369175,0.42920367320510344,61.601530299987644
204,3264,59,1.870022015520854,-1.870022015520854,3.6875,6.394791666666666,-0.0035776203879060997,2.6884276270866394,0.31275199353694916,8.021722987905378e-05,0.0,0.42920367320510344,61.86628529999871
205,3280,54,1.2676990816987241,-1.2676990816987241,3.375,6.783333333333333,-0.008366914297867956,1.6362587809562683,0.2500764839351177,0.001394786151649896,0.009259259328246117,0.42920367320510344,62.108997399918735
206,3296,53,0.9018252295753193,-0.9018252295753193,3.3125,6.254166666666666,-0.007973039777562807,1.95369154214859,0.28710146248340607,0.00035170473165635485,0.0,0.42920367320510344,62.35457710002083
207,3312,64,1.1825220155208533,-1.1825220155208533,4,4.944047619047619,-0.0025602024979889393,1.8160190880298615,0.29140400886535645,0.00016807246720418334,0.0,0.42920367320510344,62.63257109990809
208,3328,62,1.5580752295753193,-1.5580752295753193,3.875,5.477083333333334,-0.0055673776641338435,1.8074060380458832,0.21176845580339432,0.00024069593928288668,0.0,0.42920367320510344,62.90663889993448
209,3344,57,1.61200229575319,-1.61200229575319,3.5625,5.263541666666667,-0.002921809209510684,3.7544432878494263,0.24375927448272705,7.910438125691144e-05,0.0,0.42920367320510344,63.15769039990846
210,3360,67,2.9159293619310604,-2.9159293619310604,4.1875,5.534821428571428,0.11643580766394734,7.093472063541412,0.23390876408666372,0.0010677201801172487,0.009765625,0.42920367320510344,63.45710030000191
211,3376,66,2.1656527549038276,-2.1656527549038276,4.125,5.10625,-0.16183235007338226,2.941772138699889,0.31846614903770387,0.0004767058853758499,0.001953125,0.42920367320510344,63.74977629992645
212,3392,74,4.275718801466389,-4.275718801466389,4.625,4.01875,0.07826721109449863,12.958720803260803,0.2882799468934536,0.0038361766030448052,0.018359375186264515,0.42920367320510344,64.06224499992095
213,3408,62,2.245298622548086,-2.245298622548086,3.875,5.2058035714285715,-0.006862468981830183,3.2834879755973816,0.2788495793938637,0.00020185747462164727,0.0,0.42920367320510344,64.34284519997891
214,3424,60,1.353152754903828,-1.353152754903828,3.75,5.308333333333334,-0.00684090250870284,3.913243055343628,0.34251389652490616,0.00019315138615638716,0.0,0.42920367320510344,64.60572739993222
215,3440,62,2.3390486225480864,-2.3390486225480864,3.875,5.160863095238096,-0.014104223502198643,3.47549831867218,0.24405139312148094,0.0034037578807328828,0.008064515888690948,0.42920367320510344,64.8783350000158
216,3456,74,4.217366964863836,-4.217366964863836,4.625,5.5754464285714285,0.07399674132466316,10.135024785995483,0.36023570224642754,0.0011295832598960942,0.005859375,0.42920367320510344,65.20725899992976
217,3472,70,2.4726215563702154,-2.4726215563702154,4.375,5.411309523809524,-0.03525004303082824,2.0622008740901947,0.24660602863878012,0.0007885812661498903,0.005859375,0.42920367320510344,65.51874769991264
218,3488,57,1.6247233929727671,-1.6247233929727671,3.5625,4.858333333333333,-0.003816154326941268,1.5718687772750854,0.2457822524011135,0.00011907864018212422,0.0,0.42920367320510344,65.76737269992009
219,3504,53,1.4823009183012759,-1.4823009183012759,3.3125,6.415625,-0.007106350832574826,3.052500307559967,0.22359872236847878,0.0002691357622097712,0.004716981202363968,0.42920367320510344,66.01312809996307
220,3520,62,1.7455752295753189,-1.7455752295753189,3.875,5.767708333333333,-0.009501918481903182,3.477021872997284,0.2586948350071907,0.0018202429127995856,0.008064515888690948,0.42920367320510344,66.29071400000248
221,3536,68,2.571072933822129,-2.571072933822129,4.25,5.317708333333333,0.15375528810545802,5.636904001235962,0.3272557407617569,0.0007091694860719144,0.005859375,0.42920367320510344,66.60098499991
222,3552,72,2.463495408493621,-2.463495408493621,4.5,4.410416666666666,-0.020678591448813677,5.602307587862015,0.2577127683907747,0.0003267781430622563,0.00390625,0.42920367320510344,66.93159709998872
223,3568,68,1.9640486225480869,-1.9640486225480869,4.25,4.41875,0.08589596510864794,2.744161367416382,0.34396130219101906,0.0015745747077744454,0.037109375,0.42920367320510344,67.23249969992321
224,3584,63,2.14325229575319,-2.14325229575319,3.9375,4.903497023809524,-0.006484389070436247,3.152954876422882,0.33769334852695465,0.00021492523910637829,0.0,0.42920367320510344,67.51159589993767
225,3600,67,2.754424770424681,-2.754424770424681,4.1875,5.285416666666666,0.10515449894592166,2.449035147204995,0.3707873858511448,0.0005735938296425047,0.0,0.42920367320510344,67.80797710001934
226,3616,60,2.6601215563702154,-2.6601215563702154,3.75,5.671875,-0.01227663946337998,4.085911273956299,0.25523290783166885,0.006306554132606834,0.01666666753590107,0.42920367320510344,68.06903689994942
227,3632,67,2.5124444901923457,-2.5124444901923457,4.1875,5.4375,-0.24188380734995008,3.4733955189585686,0.2809986677020788,0.0001948425772866358,0.001953125,0.42920367320510344,68.36366209993139
228,3648,70,2.2273229338221294,-2.2273229338221294,4.375,4.7921875,0.022625982528552413,4.5309305638074875,0.17962283920496702,5.0189550772017366e-05,0.0,0.42920367320510344,68.67891339992639
229,3664,65,1.1117256887259575,-1.1117256887259575,4.0625,4.735416666666667,0.19879773433785886,1.7708060077857226,0.1664161662697694,0.000153770437464118,0.001953125,0.42920367320510344,68.96348839998245
230,3680,69,2.557798622548087,-2.557798622548087,4.3125,5.474404761904762,-0.06225901679135859,2.812653750181198,0.3314628377556801,0.0004037709335307227,0.00390625,0.42920367320510344,69.28788409999106
231,3696,51,1.6515486225480862,-1.6515486225480862,3.1875,6.169791666666667,-0.006859708239561835,3.7419391870498657,0.23042374849319458,0.0001704099663584202,0.0,0.42920367320510344,69.52997559995856
232,3712,60,1.5663715563702159,-1.5663715563702159,3.75,4.946875,-0.001760064641712189,2.1568934321403503,0.2414625696837902,7.227882770166616e-05,0.0,0.42920367320510344,69.79332619998604
233,3728,71,3.262444490192346,-3.262444490192346,4.4375,5.491369047619048,0.05117376707494259,7.791977182030678,0.2977356482297182,0.0020173526636426686,0.02762276865541935,0.42920367320510344,70.11515399999917
234,3744,67,2.360895867644259,-2.360895867644259,4.1875,5.390104166666667,-0.050504334503784776,11.54659529030323,0.3076421539153671,0.00014030450379731718,0.0,0.42920367320510344,70.42489259992726
235,3760,61,2.4778761478765947,-2.4778761478765947,3.8125,6.176041666666666,-0.008415619002990926,9.342555284500122,0.29287543147802353,0.001932232356921304,0.008196720853447914,0.42920367320510344,70.6944974999642
236,3776,60,1.1471238521234053,-1.1471238521234053,3.75,5.509375,-0.0036725376810258226,3.4430770874023438,0.2933065891265869,4.662616834139044e-05,0.0,0.42920367320510344,70.95712999999523
237,3792,56,1.830475688725957,-1.830475688725957,3.5,5.069791666666666,-0.002304764759693434,8.690020561218262,0.2831882834434509,0.00011167116508659092,0.0,0.42920367320510344,71.20673759991769
238,3808,56,1.098451377451914,-1.098451377451914,3.5,6.203125,-0.008005410017046577,2.7948524951934814,0.24852511286735535,0.0005423828606581083,0.004464285913854837,0.42920367320510344,71.46468159998767
239,3824,50,0.9637720155208532,-0.9637720155208532,3.125,5.95625,-0.0018930026789893972,1.2440562546253204,0.16166593879461288,7.808431951161765e-05,0.0,0.42920367320510344,71.70197229995392
240,3840,61,1.1344027549038276,-1.1344027549038276,3.8125,5.195833333333334,-0.00582864788002091,2.293204426765442,0.25431815907359123,0.0013120729418005794,0.008196720853447914,0.42920367320510344,71.97165670001414
241,3856,68,2.120298622548087,-2.120298622548087,4.25,4.996875,0.07027795305475593,5.349702596664429,0.2911142632365227,0.0013237744715297595,0.005859375,0.42920367320510344,72.26820209994912
242,3872,55,2.16482293382213,-2.16482293382213,3.4375,7.171354166666666,-0.009772996432994674,5.958496928215027,0.3519909381866455,0.0010045287272077985,0.00909090880304575,0.42920367320510344,72.51398029993288
243,3888,65,1.7945243112740432,-1.7945243112740432,4.0625,5.086458333333334,-0.37963649188168347,1.4543090835213661,0.3275059047155082,0.0013014421565458179,0.00390625,0.42920367320510344,72.80063279997557
244,3904,72,3.071626147876595,-3.071626147876595,4.5,5.099702380952381,0.08819144777953625,3.2915368378162384,0.314870135858655,0.000748825172195211,0.0078125,0.42920367320510344,73.12951210001484
245,3920,62,2.4958518366025517,-2.4958518366025517,3.875,4.875,-0.003967640274617601,4.271668195724487,0.2811754569411278,5.48437228644616e-05,0.0,0.42920367320510344,73.42144159995951
246,3936,61,1.8476215563702159,-1.8476215563702159,3.8125,5.68125,-0.004664488590501392,2.7302738428115845,0.28942980617284775,0.00012014455455755524,0.0,0.42920367320510344,73.70009599998593
247,3952,71,3.6684178831651115,-3.6684178831651115,4.4375,4.670833333333333,0.023444163729436696,10.624748349189758,0.3575273621827364,0.0011967887415949008,0.005859375,0.42920367320510344,74.02382429991849
248,3968,68,3.0849004591506377,-3.0849004591506377,4.25,4.701041666666667,0.02621797937899828,6.2853012830019,0.43408842384815216,0.0007954964967211708,0.00390625,2.146018366025517,74.31930039997678
249,3984,56,2.1733958676442584,-2.1733958676442584,3.5,5.9,-0.005082012287208393,4.383382201194763,0.32217077165842056,0.0007965558834257536,0.004464285913854837,2.146018366025517,74.56909160001669
250,4000,67,2.924225688725957,-2.924225688725957,4.1875,6.372395833333333,-0.001899846363812685,3.8747937828302383,0.29019062547013164,0.004670844495791471,0.0611979179084301,0.42920367320510344,74.86663349997252
251,4016,60,2.651548622548087,-2.651548622548087,3.75,5.21875,-0.0064792822464370126,4.97483491897583,0.2753242701292038,0.000512597414854099,0.004166666883975267,0.42920367320510344,75.13266419991851
252,4032,64,2.879701377451914,-2.879701377451914,4,5.116071428571429,-0.006150906439870596,8.099351644515991,0.3521789088845253,0.00016643440176267177,0.0,0.42920367320510344,75.41742640000302
253,4048,59,3.178097245096173,-3.178097245096173,3.6875,5.545833333333333,-0.003580739712776726,6.821117281913757,0.2383485920727253,0.00019464350862108404,0.0,0.42920367320510344,75.67585250001866
254,4064,69,2.3838495408493627,-2.3838495408493627,4.3125,4.981398809523809,0.05854132305830717,4.539015531539917,0.21028787828981876,0.0024646640420797894,0.05390625074505806,0.42920367320510344,75.97331889998168
255,4080,58,1.4059733929727676,-1.4059733929727676,3.625,6.030208333333333,-0.002649528940372292,4.643030405044556,0.26073506474494934,0.0001049021489052393,0.0,0.42920367320510344,76.2342168999603
256,4096,61,2.6659293619310604,-2.6659293619310604,3.8125,6.008333333333334,-0.006764377194426352,5.591285228729248,0.23949823528528214,0.0017325673688901588,0.016393441706895828,0.42920367320510344,76.501563699916
257,4112,68,2.1214050506570183,-2.1214050506570183,4.25,5.04360119047619,-0.0006008441559970379,4.260132536292076,0.26367528550326824,0.0004975480551365763,0.0078125,2.146018366025517,76.80702609999571
258,4128,61,2.2497233929727676,-2.2497233929727676,3.8125,5.120833333333334,-0.012784308309239378,2.864357590675354,0.23915260285139084,0.0007674633980059298,0.008196720853447914,0.42920367320510344,77.07185079995543
259,4144,69,1.8263275253285085,-1.8263275253285085,4.3125,4.923511904761905,-0.1334151616320014,2.8366549909114838,0.23111124336719513,0.0014670523189579399,0.01171875,0.42920367320510344,77.40398910001386
260,4160,65,2.673949081698724,-2.673949081698724,4.0625,5.613020833333334,0.09917846182361245,12.323113302467391,0.21490907385305036,0.0005132759251864627,0.0078125,0.42920367320510344,77.7086197999306
261,4176,73,3.1255532140544657,-3.1255532140544657,4.5625,5.529464285714286,-0.001610073959454894,8.5300834774971,0.25104996003210545,0.0004260718292243837,0.0,0.42920367320510344,78.04018609994091
262,4192,66,3.0448009183012763,-3.0448009183012763,4.125,4.947916666666667,-0.04331907373853028,3.092366002500057,0.3098352337256074,0.0007272636430570856,0.0078125,0.42920367320510344,78.34153330000117
263,4208,59,2.111449081698724,-2.111449081698724,3.6875,5.767708333333333,-0.00711467447966907,3.0124022364616394,0.27052321285009384,0.0004424743192430469,0.008474576286971569,0.42920367320510344,78.60668650001753
264,4224,73,3.7768252295753193,-3.7768252295753193,4.5625,4.635119047619048,0.003992033889517188,6.792199790477753,0.3074414134025574,0.000791759013338833,0.00390625,0.42920367320510344,78.92374879994895
265,4240,76,2.8484513774519145,-2.8484513774519145,4.75,4.3550595238095235,-0.050491420668549836,4.152453035116196,0.25656908005476,0.0006630800205584819,0.005859375,0.42920367320510344,79.24710419995245
266,4256,62,3.6457408169872414,-3.6457408169872414,3.875,4.6761904761904765,-0.009353316325183547,36.73725414276123,0.3659560903906822,0.0010390416337031638,0.012096773833036423,0.42920367320510344,79.51247560000047
267,4272,66,2.6745022957531908,-2.6745022957531908,4.125,4.6875,0.5273357243277133,14.596188604831696,0.4861597307026386,0.021002572582801804,0.193359375,0.42920367320510344,79.80612399999518
268,4288,70,4.829369260617026,-4.829369260617026,4.375,5.209895833333333,-0.022659345297142863,13.097230017185211,0.25706949830055237,0.014617995233948022,0.02669270895421505,0.42920367320510344,80.11311609996483
269,4304,69,2.829645867644259,-2.829645867644259,4.3125,5.496875,-0.01211773487739265,2.6261969208717346,0.2425501449033618,0.001425376339284412,0.015625,0.42920367320510344,80.42355690000113
270,4320,57,1.5315266070272324,-1.5315266070272324,3.5625,6.722395833333334,-0.00587358381885128,3.1782498359680176,0.1501121111214161,0.0022109362253104337,0.02631578966975212,0.42920367320510344,80.67850519996136
271,4336,70,2.5813055098076547,-2.5813055098076547,4.375,5.5129464285714285,0.10744488029740751,5.806951195001602,0.21420960035175085,0.00038160213065907556,0.00390625,0.42920367320510344,80.9903965999838
272,4352,62,1.6960729338221296,-1.6960729338221296,3.875,4.509895833333333,-0.003507509768467365,3.0418021082878113,0.2654813379049301,8.989870525510923e-05,0.0,0.42920367320510344,81.27306209993549
273,4368,64,3.08407063806894,-3.08407063806894,4,4.705208333333333,-0.004241834278218448,4.864121317863464,0.2286708690226078,0.00017520714391139336,0.0,0.42920367320510344,81.54947440000251
274,4384,61,1.9593472450961724,-1.9593472450961724,3.8125,6.698214285714286,-0.0027067240448781504,4.424301385879517,0.2614535763859749,0.00012130674849686329,0.0,0.42920367320510344,81.8219650000101
275,4400,61,1.625,-1.625,3.8125,5.998958333333333,-0.011842309430501352,1.6450955867767334,0.22203045710921288,0.0004339239849286969,0.004098360426723957,0.42920367320510344,82.08959340001456
276,4416,62,2.3028206380689396,-2.3028206380689396,3.875,5.66875,-0.008566772595288263,4.499130725860596,0.2109137773513794,0.0008920433156163199,0.012096773833036423,0.42920367320510344,82.36384050000925
277,4432,78,2.7317477042468106,-2.7317477042468106,4.875,4.178869047619048,-0.023148374632000923,2.9949385076761246,0.2826408948749304,0.0006965450957068242,0.012834821827709675,0.42920367320510344,82.69030219991691
278,4448,69,3.168971097219578,-3.168971097219578,4.3125,4.45625,0.1273803999647498,5.336422979831696,0.16828649817034602,0.0006751057340581568,0.0078125,0.42920367320510344,82.99495339998975
279,4464,60,1.8083518366025524,-1.8083518366025524,3.75,5.066666666666666,-0.007379256817512392,5.624530911445618,0.2633818984031677,0.00020497826517384965,0.0,0.42920367320510344,83.25986250001006
280,4480,67,1.785398163397448,-1.785398163397448,4.1875,4.647916666666666,0.1868711467832327,7.522482305765152,0.2760474814567715,0.0007903759445344605,0.0,0.42920367320510344,83.56008299998939
281,4496,58,2.5577986225480864,-2.5577986225480864,3.625,5.861458333333333,-0.00502318725319062,11.315332889556885,0.23397347703576088,0.0003148437917843694,0.004310344811528921,0.42920367320510344,83.82631099992432
282,4512,58,1.8841261478765954,-1.8841261478765954,3.625,5.494791666666667,-0.006776591843186797,2.3209068179130554,0.2841533124446869,0.0006221255389391445,0.008620689623057842,0.42920367320510344,84.08958279993385
283,4528,61,1.8304756887259575,-1.8304756887259575,3.8125,6.648958333333334,-0.004147235196289678,3.3979517817497253,0.3009719252586365,0.00029225061371107586,0.004098360426723957,0.42920367320510344,84.36305949999951
284,4544,47,0.5804756887259571,-0.5804756887259571,2.9375,6.666666666666667,-0.007400545716394369,1.14530548453331,0.1685086227953434,0.000546447778106085,0.005319148767739534,0.42920367320510344,84.5859899999341
285,4560,67,3.481194490192345,-3.481194490192345,4.1875,5.897172619047619,-0.04760265350341797,3.9440302811563015,0.286000806838274,0.001380292191697663,0.01171875,0.42920367320510344,84.88279479998164
286,4576,64,1.4549224746714913,-1.4549224746714913,4,4.983333333333333,-0.003137369640171528,2.3851970434188843,0.19838004559278488,0.00013487877004081383,0.0,0.42920367320510344,85.16720799996983
287,4592,66,3.4991701789183023,-3.4991701789183023,4.125,5.129166666666666,0.15352578042075038,10.047517493367195,0.21427827840670943,0.0005565533938352019,0.009765625,0.42920367320510344,85.46773399994709
288,4608,75,3.7314710972195777,-3.7314710972195777,4.6875,4.767708333333333,-0.14986401703208685,11.015663087368011,0.29032979533076286,0.003907833471316735,0.034446023404598236,0.42920367320510344,85.79044189990964
289,4624,64,1.686946785945535,-1.686946785945535,4,5.291666666666667,-0.008664723485708237,3.3320425748825073,0.4123886600136757,0.0005063151475042105,0.0078125,0.42920367320510344,86.07111279992387
290,4640,61,3.173949081698725,-3.173949081698725,3.8125,5.0578125,-0.0043469883556870315,11.028737545013428,0.3566463217139244,0.002252444828627631,0.008196720853447914,0.42920367320510344,86.3463960000081
291,4656,72,5.486172474671491,-5.486172474671491,4.5,4.744345238095238,0.04487558291293681,22.405775368213654,0.3800496142357588,0.009341669108835049,0.04296875,0.42920367320510344,86.67320339998696
292,4672,65,3.3431967859455347,-3.3431967859455347,4.0625,5.3480654761904765,-0.1796615025959909,6.581028534623329,0.19442397746115603,0.0006873904494568706,0.005859375,0.42920367320510344,86.98460690001957
293,4688,70,3.994468801466388,-3.994468801466388,4.375,5.185119047619048,-0.03810014924965799,8.99280571937561,0.16478187346365303,0.0009528593409413588,0.005859375,0.42920367320510344,87.29424009996
294,4704,58,1.7906527549038276,-1.7906527549038276,3.625,5.121875,-0.010925570699578557,5.259452939033508,0.27603989839553833,0.0007230164283100748,0.008620689623057842,0.42920367320510344,87.54854589991737
295,4720,60,1.5315266070272329,-1.5315266070272329,3.75,4.702083333333333,-0.007563750806729885,6.014925837516785,0.25723838806152344,0.00019607332524174126,0.0,0.42920367320510344,87.8180307999719
296,4736,64,1.6468472450961724,-1.6468472450961724,4,5.316964285714286,-0.006856437772512436,7.099210262298584,0.2648376375436783,0.0005931056293775328,0.01171875,0.42920367320510344,88.09500329999719
297,4752,59,1.8390486225480864,-1.8390486225480864,3.6875,5.144791666666666,-0.0013763631806981147,2.329154074192047,0.1975819133222103,3.175050710524374e-05,0.0,0.42920367320510344,88.3567506999243
298,4768,66,1.1382743112740434,-1.1382743112740434,4.125,4.873958333333333,-0.3407927348744124,2.2262693643569946,0.165871456527384,0.0003431926161283627,0.005859375,0.42920367320510344,88.65294329996686
299,4784,64,2.7007743112740434,-2.7007743112740434,4,5.223363095238096,-0.007256437558680773,8.482563018798828,0.22737335413694382,0.0006246268749237061,0.0078125,0.42920367320510344,88.92816070001572
300,4800,64,2.401548622548088,-2.401548622548088,4,4.80141369047619,-0.0030505056492984295,8.556516885757446,0.2628975063562393,0.00012184878141852096,0.0,0.42920367320510344,89.20539999997709
301,4816,67,2.1786504591506377,-2.1786504591506377,4.1875,6.89375,0.0032361397752538323,3.9199333414435387,0.1764172519906424,0.0013026268134268548,0.00390625,0.42920367320510344,89.51546969998162
302,4832,76,3.8702986225480864,-3.8702986225480864,4.75,4.580877976190476,0.031657064566388726,10.395898818969727,0.2577893454581499,0.0008976971876109019,0.01171875,2.146018366025517,89.84992740000598
303,4848,66,2.1067477042468106,-2.1067477042468106,4.125,5.464583333333334,0.032264723209664226,5.195967931300402,0.24163729960764613,0.0013183346018195152,0.00390625,2.146018366025517,90.14585480000824
304,4864,70,3.088772015520853,-3.088772015520853,4.375,5.380729166666667,-0.06172484694980085,5.976154267787933,0.24753265921026468,0.0015505831779591972,0.0078125,2.146018366025517,90.46191989991348
305,4880,70,2.084347245096173,-2.084347245096173,4.375,5.229985119047619,0.10706564830616117,3.0012317523360252,0.3499005902558565,0.0016076827978395158,0.02864583395421505,2.146018366025517,90.76885709993076
306,4896,63,2.2591261478765956,-2.2591261478765956,3.9375,4.914583333333333,-0.004789041471667588,6.238643169403076,0.31230878829956055,0.0006402034905477194,0.003968254197388887,2.146018366025517,91.04193639999721
307,4912,62,2.388550918301276,-2.388550918301276,3.875,5.84375,-0.008371938906249543,3.405611276626587,0.2803174927830696,0.0013483656948665157,0.012096773833036423,2.146018366025517,91.31451299996115
308,4928,74,3.228429361931061,-3.228429361931061,4.625,4.861458333333333,-0.01753294444642961,4.319889396429062,0.316804526373744,0.00350038478973147,0.04257812537252903,2.146018366025517,91.63698790001217
309,4944,61,2.124170178918302,-2.124170178918302,3.8125,4.566220238095238,-0.0012674474661611423,9.60874080657959,0.2200186662375927,0.00025129931873379974,0.004098360426723957,2.146018366025517,91.91584039991722
310,4960,65,1.8254977042468103,-1.8254977042468103,4.0625,5.259077380952381,0.26885133411269635,2.3324474096298218,0.10030929376773656,0.0004958389617968351,0.00390625,2.146018366025517,92.21115059999283
311,4976,70,2.3310289027804223,-2.3310289027804223,4.375,5.5524305555555555,0.005397663684561849,2.4025115370750427,0.31979549024254084,0.0007705473050236833,0.00390625,2.146018366025517,92.52885689993855
312,4992,65,2.3971238521234053,-2.3971238521234053,4.0625,6.159226190476191,-0.07070511323399842,4.53101758658886,0.37446153526980197,0.0009004129678942263,0.0078125,2.146018366025517,92.82986199995503
313,5008,60,1.7370022957531899,-1.7370022957531899,3.75,5.295833333333333,-0.005646969954250292,3.502686619758606,0.3435950353741646,0.0006524088475998724,0.008333333767950535,2.146018366025517,93.10537879995536
314,5024,61,1.4637720155208533,-1.4637720155208533,3.8125,5.209077380952381,-0.006315489097299842,4.108876347541809,0.2365609034895897,0.00019455676647339715,0.0,2.146018366025517,93.389193699928
315,5040,71,2.3832963267948966,-2.3832963267948966,4.4375,4.98125,0.08207565837074071,6.44839209318161,0.2500425083562732,0.002184658752980795,0.02371651865541935,2.146018366025517,93.70404779992532
316,5056,63,2.5306967859455343,-2.5306967859455343,3.9375,5.423958333333333,-0.0035202690928672897,6.3670876026153564,0.3228905573487282,0.0002460792102283449,0.0,0.42920367320510344,93.99103799997829
317,5072,62,1.7184733929727676,-1.7184733929727676,3.875,5.896428571428571,-0.007856547892574284,6.027261018753052,0.28808456659317017,0.000827222558655194,0.008064515888690948,0.42920367320510344,94.26820519997273
318,5088,57,2.3974004591506386,-2.3974004591506386,3.5625,6.084449404761905,-0.007885339202179598,22.529547691345215,0.22727063670754433,0.000916497127036564,0.017543859779834747,0.42920367320510344,94.52322759991512
319,5104,67,3.030420178918302,-3.030420178918302,4.1875,5.476041666666667,0.11067357147112489,11.41345202922821,0.29727078322321177,0.0019165339183473407,0.005859375,0.42920367320510344,94.82179550000001
320,5120,63,2.598451377451914,-2.598451377451914,3.9375,5.552232142857143,-0.006281202744936376,5.178906321525574,0.30556828528642654,0.00022979872665018775,0.0,0.42920367320510344,95.10939449991565
321,5136,69,3.8166481633974483,-3.8166481633974483,4.3125,4.702083333333333,-0.12784307915717363,5.132734850049019,0.21394524117931724,0.0024367156437961057,0.013671875,0.42920367320510344,95.43643369991332
322,5152,69,2.2500000000000004,-2.2500000000000004,4.3125,4.772916666666667,-0.10523400385864079,4.553546756505966,0.17348108440637589,0.0014486307090777473,0.01171875,0.42920367320510344,95.75489410001319
323,5168,63,1.8622789027804225,-1.8622789027804225,3.9375,5.069791666666666,-0.008779738593610142,4.55508279800415,0.21600520238280296,0.0007203151271824026,0.007936508394777775,0.42920367320510344,96.02785059995949
324,5184,58,3.137721097219578,-3.137721097219578,3.625,5.809375,-0.013546460115447134,7.541012406349182,0.25964871048927307,0.0036123399331700057,0.030172413680702448,0.42920367320510344,96.28249979997054
325,5200,60,2.320519719767664,-2.320519719767664,3.75,5.5875,-0.004954382563785886,4.289008736610413,0.23776569217443466,0.0009427343793504406,0.025000001303851604,0.42920367320510344,96.542484399979
326,5216,59,1.4286504591506382,-1.4286504591506382,3.6875,5.547916666666667,-0.0012218196855631192,4.167968571186066,0.29034043848514557,0.0001936852786457166,0.0,0.42920367320510344,96.80504459992517
327,5232,62,1.66150459150638,-1.66150459150638,3.875,4.883333333333333,-0.004837712831607277,4.137375593185425,0.3318214416503906,0.00030928921933082165,0.004032257944345474,0.42920367320510344,97.07605679996777
328,5248,72,3.9051435718910694,-3.9051435718910694,4.5,5.115401785714286,-0.007831015158444643,18.38083004951477,0.27100080251693726,0.0006953318079467863,0.005859375,0.42920367320510344,97.39968559995759
329,5264,64,2.6913715563702154,-2.6913715563702154,4,5.095833333333333,-0.01413062121719122,5.203756809234619,0.26692745834589005,0.0017402342054992914,0.01953125,0.42920367320510344,97.67185889999382
330,5280,56,1.2497233929727671,-1.2497233929727671,3.5,5.176041666666666,-0.003827337254603602,2.9741766452789307,0.30503474920988083,0.00010170600944547914,0.0,0.42920367320510344,97.92210730002262
331,5296,70,2.48174770424681,-2.48174770424681,4.375,5.390476190476191,0.16007675975561142,3.815749377012253,0.27510787919163704,0.0010804373560517888,0.0078125,0.42920367320510344,98.23237250000238
332,5312,65,2.1615045915063797,-2.1615045915063797,4.0625,4.724553571428571,-0.16246041026897728,1.5194711326621473,0.16617403060297287,0.0006226692348718643,0.0078125,0.42920367320510344,98.52205139992293
333,5328,74,2.02157063806894,-2.02157063806894,4.625,4.510416666666667,-0.040856267092749476,3.084793284535408,0.26415074057877064,0.002286929472575139,0.022265625186264515,0.42920367320510344,98.84631589998025
334,5344,58,1.223451377451914,-1.223451377451914,3.625,5.367708333333333,-0.008641844093478346,3.1062474846839905,0.22897205129265785,0.001339221222224296,0.008620689623057842,0.42920367320510344,99.10166659997776
335,5360,65,1.9192477042468108,-1.9192477042468108,4.0625,4.427083333333333,0.12497613485902548,3.1434167632833123,0.16270546531877983,0.0006594635196961462,0.005859375,0.42920367320510344,99.39182989997789
336,5376,80,3.2104536732051034,-3.2104536732051034,5,4.077083333333333,-0.038014591205865145,3.768063336610794,0.2802305445075035,0.001981570472707972,0.025390625,0.42920367320510344,99.7314598999219
337,5392,59,1.7140486225480864,-1.7140486225480864,3.6875,5.614880952380952,-0.010470904272752102,5.058778285980225,0.2796979546546936,0.00043458074469526764,0.0042372881434857845,0.42920367320510344,99.99562990001868
338,5408,60,2.1158738521234053,-2.1158738521234053,3.75,4.905208333333333,-0.0064015497608727046,2.808750629425049,0.2828849107027054,0.0014894276537233964,0.008333333767950535,0.42920367320510344,100.26588149997406
339,5424,65,1.2718472450961722,-1.2718472450961722,4.0625,4.064583333333333,0.09180363721679896,4.487683575833216,0.10943665430071903,0.0002213420084444806,0.001953125,0.42920367320510344,100.565859299968
340,5440,60,1.8567477042468101,-1.8567477042468101,3.75,6.453125,-0.005594604675813242,4.36190927028656,0.25778336077928543,0.0003899241555700428,0.008333333767950535,0.42920367320510344,100.83603289991152
341,5456,65,3.540099540849362,-3.540099540849362,4.0625,4.7300595238095235,0.024270123802125454,18.081174582242966,0.2819422483796359,0.0035476621123962104,0.01953125,0.42920367320510344,101.12883469997905
342,5472,71,3.803650459150638,-3.803650459150638,4.4375,5.098958333333333,0.019399292999878526,7.32801365852356,0.3007990401238203,0.011761403833588702,0.0415736623108387,0.42920367320510344,101.47651129995938
343,5488,66,2.66482293382213,-2.66482293382213,4.125,5.081547619047619,0.17981639481149614,3.3032326884567738,0.30117462016642094,0.0012108560840715654,0.009765625,0.42920367320510344,101.76976389996707
344,5504,61,1.442201377451914,-1.442201377451914,3.8125,4.790625,-0.002734225245715649,2.7645811438560486,0.17723610624670982,8.186034119717078e-05,0.0,0.42920367320510344,102.0358446999453
345,5520,61,2.606194490192345,-2.606194490192345,3.8125,5.561979166666667,-0.006486056139692664,2.5394861102104187,0.20509348809719086,0.00045454453356796876,0.004098360426723957,0.42920367320510344,102.3017291999422
346,5536,64,2.736449081698724,-2.736449081698724,4,4.703125,-0.0032658767886459827,5.118222117424011,0.30201877653598785,0.0003774059296119958,0.00390625,0.42920367320510344,102.57420259993523
347,5552,62,2.5082963267948966,-2.5082963267948966,3.875,5.090178571428572,-0.007208551077412473,8.779361486434937,0.285594642162323,0.0002899358778449823,0.004032257944345474,0.42920367320510344,102.85286009998526
348,5568,46,1.21875,-1.21875,2.875,6.889583333333333,-0.010434214496458871,2.418880343437195,0.20526769012212753,0.000641723600892874,0.005434782709926367,0.42920367320510344,103.08216390002053
349,5584,60,1.6827986225480864,-1.6827986225480864,3.75,5.057291666666667,-0.011992218485102013,6.29157018661499,0.3047346994280815,0.0007576606003567576,0.008333333767950535,0.42920367320510344,103.35432839998975
350,5600,62,2.3653206380689396,-2.3653206380689396,3.875,5.2203125,-0.005758594229607006,5.201728701591492,0.19820765405893326,0.0010072513214254286,0.008064515888690948,0.42920367320510344,103.63468349992763
351,5616,65,1.6562500000000009,-1.6562500000000009,4.0625,5.686011904761905,0.27672011393588036,3.955865382216871,0.23796214903452473,0.0006372156203724444,0.005859375,0.42920367320510344,103.93404069996905
352,5632,64,1.9419247704246814,-1.9419247704246814,4,5.192708333333333,-0.006600640481337905,4.0936338901519775,0.358427494764328,0.0002879175590351224,0.0,0.42920367320510344,104.22334929998033
353,5648,59,1.624723392972767,-1.624723392972767,3.6875,5.494791666666667,-0.004183727740783683,4.0431875586509705,0.24004943296313286,0.00033188017005159054,0.0042372881434857845,0.42920367320510344,104.49895169993397
354,5664,63,1.8567477042468101,-1.8567477042468101,3.9375,4.49375,-0.006536092405902361,4.256260991096497,0.2186671867966652,0.0008218458842748078,0.007936508394777775,0.42920367320510344,104.77054990001488
355,5680,58,1.9549224746714917,-1.9549224746714917,3.625,7.359821428571428,-0.005498717713635415,3.8902129530906677,0.203400406986475,0.00025956350054912036,0.004310344811528921,0.42920367320510344,105.03756289999001
356,5696,76,1.700774311274043,-1.700774311274043,4.75,5.556746031746032,-0.10668844729661942,2.437953010201454,0.2614357341080904,0.0011038885322705028,0.022135416977107525,0.42920367320510344,105.3973295999458
357,5712,71,2.704369260617026,-2.704369260617026,4.4375,5.272916666666667,0.08038814039900899,2.943283185362816,0.32690639421343803,0.0008652208471175982,0.01785714365541935,0.42920367320510344,105.71968029998243
358,5728,67,2.763274311274043,-2.763274311274043,4.1875,4.318303571428571,-0.030266813468188047,2.0281978398561478,0.29921412840485573,0.004555185281787999,0.0494791679084301,0.42920367320510344,106.00997689994983
359,5744,56,2.222898163397448,-2.222898163397448,3.5,5.226041666666667,-0.010385584185964247,7.89922034740448,0.2668051943182945,0.0012120847695769044,0.008928571827709675,0.42920367320510344,106.26160349999554
360,5760,75,4.436946785945535,-4.436946785945535,4.6875,5.2084077380952385,0.06308805907610804,14.856209367513657,0.3673538491129875,0.06767497349574114,0.07634943351149559,0.42920367320510344,106.59441599994898
361,5776,62,2.2668692606170264,-2.2668692606170264,3.875,5.517708333333333,-0.0046982608281167515,4.1091941595077515,0.19021164998412132,0.00028780495722458,0.004032257944345474,0.42920367320510344,106.87432399997488
362,5792,59,1.7408738521234057,-1.7408738521234057,3.6875,5.809375,-0.006335347407434355,3.504389762878418,0.24793821200728416,0.00040610487940284656,0.008474576286971569,0.42920367320510344,107.13468199991621
363,5808,68,1.8791481633974483,-1.8791481633974483,4.25,4.9625,-0.018919070716947317,3.0502803027629852,0.15975960055584437,0.002092234521114733,0.03515625,0.42920367320510344,107.43455599993467
364,5824,60,2.42782063806894,-2.42782063806894,3.75,4.952083333333333,-0.007167671096976802,3.6280893087387085,0.3199831321835518,0.0005358271328077535,0.008333333767950535,0.42920367320510344,107.69660589995328
365,5840,65,1.7541481633974483,-1.7541481633974483,4.0625,4.598511904761905,0.04736297717317939,3.446542683335572,0.23097676807951473,0.00013720719289267436,0.001953125,0.42920367320510344,107.98868599999696
366,5856,63,2.235342653589795,-2.235342653589795,3.9375,5.095238095238095,-0.007161362153950801,2.7768699526786804,0.34849055111408234,0.00039326200021605473,0.007936508394777775,0.42920367320510344,108.27631849993486
367,5872,61,3.628594949342983,-3.628594949342983,3.8125,5.0461309523809526,-0.0032927344997364383,31.453797817230225,0.23410817235708237,7.108208114914305e-05,0.0,0.42920367320510344,108.55298399995081
368,5888,70,3.499170178918302,-3.499170178918302,4.375,5.249479166666666,-0.036834101658314466,6.602896198630333,0.2982935290783644,0.0009033225364873942,0.0078125,0.42920367320510344,108.87809879996348
369,5904,56,1.9455197197676641,-1.9455197197676641,3.5,6.3375,-0.007609902980870387,11.616695404052734,0.1919938027858734,0.0011354147209203802,0.013392857741564512,0.42920367320510344,109.13942339993082
370,5920,62,1.6155972450961729,-1.6155972450961729,3.875,5.404910714285714,-0.005766459412106517,3.2107908725738525,0.2037958949804306,0.0004625908977686777,0.008064515888690948,0.42920367320510344,109.42265919991769
371,5936,60,2.0135509183012763,-2.0135509183012763,3.75,5.43125,-0.0017722398023276575,3.4621552228927612,0.20796983316540718,5.6690721521590604e-05,0.0,0.42920367320510344,109.68600489990786
372,5952,69,3.226769719767664,-3.226769719767664,4.3125,4.5796875,-0.11713542207144201,7.187623918056488,0.2012454909272492,0.0008834143293139363,0.00390625,0.42920367320510344,109.99110119999386
373,5968,67,2.8661504591506386,-2.8661504591506386,4.1875,5.225,0.08689046488143504,3.320018008351326,0.23630003743164707,0.0002808745102811372,0.001953125,0.42920367320510344,110.29056379990652
374,5984,60,1.7411504591506382,-1.7411504591506382,3.75,5.017708333333333,-0.0016207282926190558,2.1961145401000977,0.1590811051428318,4.29297481332469e-05,0.0,0.42920367320510344,110.55207179998979
375,6000,64,1.5710729338221294,-1.5710729338221294,4,5.730208333333334,-0.003837158437818289,2.3735287189483643,0.2867892384529114,0.0006559269968420267,0.0078125,0.42920367320510344,110.85161869996227
376,6016,62,2.928373852123405,-2.928373852123405,3.875,4.862797619047619,-0.006749087482720739,13.686068058013916,0.22336126863956451,0.00036190677383274306,0.004032257944345474,0.42920367320510344,111.12655749998521
377,6032,59,1.7588495408493623,-1.7588495408493623,3.6875,4.960416666666667,-0.0058131065265022985,4.212443470954895,0.26308323442935944,0.0008167586147465045,0.008474576286971569,0.42920367320510344,111.38172970002051
378,6048,55,1.9997233929727674,-1.9997233929727674,3.4375,7.1328125,-0.011604871262203886,9.714208841323853,0.27340129017829895,0.002116165684128646,0.013636363204568624,0.42920367320510344,111.63119709992316
379,6064,63,2.7358958676442593,-2.7358958676442593,3.9375,5.639583333333333,-0.005769400334444175,7.242223620414734,0.24045821279287338,0.003576781222363934,0.019841270986944437,0.42920367320510344,111.9094105999684
380,6080,59,1.2364490816987241,-1.2364490816987241,3.6875,6.115625,-0.005361564558047149,2.583859622478485,0.23570488765835762,0.000188775653441553,0.0,0.42920367320510344,112.17277159995865
381,6096,57,1.9410949493429825,-1.9410949493429825,3.5625,5.617708333333334,-0.0023046783692399764,2.1679890155792236,0.15730243921279907,0.0004343827022239566,0.004385964944958687,0.42920367320510344,112.4262295999797
382,6112,61,2.1603981633974483,-2.1603981633974483,3.8125,5.990625,-0.007984433529257373,5.976556301116943,0.23868732899427414,0.0006977968823775882,0.008196720853447914,0.42920367320510344,112.70292299997527
383,6128,62,2.557245408493622,-2.557245408493622,3.875,6.093229166666667,-0.0028664161931843957,2.870773673057556,0.21188971400260925,7.230019355120021e-05,0.0,0.42920367320510344,112.97986419999506
384,6144,64,3.1023229338221294,-3.1023229338221294,4,5.5125,-0.0016577844507992268,4.57827365398407,0.1616460308432579,5.527667235583067e-05,0.0,0.42920367320510344,113.27554209996015
385,6160,64,2.8296458676442593,-2.8296458676442593,4,5.30625,-0.005975572392344475,4.733142375946045,0.2855900675058365,0.0001959902983799111,0.0,0.42920367320510344,113.55565519991796
386,6176,55,1.4814710972195777,-1.4814710972195777,3.4375,5.204166666666667,-0.005030009089122434,3.5360774397850037,0.12981438264250755,0.0013397269576671533,0.00909090880304575,0.42920367320510344,113.80908389994875
387,6192,60,1.5403761478765947,-1.5403761478765947,3.75,5.780208333333333,-0.0030537344030268088,3.436752438545227,0.24002735316753387,0.0001545596242067404,0.0,0.42920367320510344,114.08398160000797
388,6208,63,1.4375000000000004,-1.4375000000000004,3.9375,4.670535714285714,-0.004398682737253745,2.8998088240623474,0.2393677569925785,0.0009719180889078416,0.011904762592166662,0.42920367320510344,114.35895539994817
389,6224,69,2.59375,-2.59375,4.3125,4.423735119047619,0.025110988412052393,5.020095467567444,0.2361926669254899,0.0009916650188763754,0.001953125,0.42920367320510344,114.65969399991445
390,6240,67,2.5896018366025526,-2.5896018366025526,4.1875,5.155208333333333,-0.05579241877421737,2.548384040594101,0.1563135328469798,0.0009671004567137764,0.005859375,0.42920367320510344,114.96013459993992
391,6256,64,1.8611724746714917,-1.8611724746714917,4,5.659970238095238,-0.004005647962912917,2.144365966320038,0.26916395127773285,0.00018862891010940075,0.0,0.42920367320510344,115.24611429998185
392,6272,73,2.205199081698724,-2.205199081698724,4.5625,4.820833333333333,-0.0410659548942931,2.05965556204319,0.330510001629591,0.001115330400352832,0.019748263992369175,0.42920367320510344,115.56103559990879
393,6288,63,1.9145463267948968,-1.9145463267948968,3.9375,5.673511904761905,-0.0041113171305151575,2.664381504058838,0.24936330318450928,0.00010430717998133332,0.0,0.42920367320510344,115.85206639999524
394,6304,62,2.530696785945535,-2.530696785945535,3.875,5.614583333333333,-0.0057434423830393655,3.282744824886322,0.2321687489748001,0.0005440198801807128,0.012096773833036423,0.42920367320510344,116.12719039991498
395,6320,67,1.1559733929727674,-1.1559733929727674,4.1875,5.751041666666667,-0.08283317147288471,1.7721356078982353,0.21896561281755567,0.0015116513826143319,0.009765625,0.42920367320510344,116.43798739998601
396,6336,71,3.6205752295753193,-3.6205752295753193,4.4375,4.5640625,-0.08058192837052047,5.75215956568718,0.3008019272238016,0.0007511216428781609,0.0078125,0.42920367320510344,116.75816570001189
397,6352,72,2.495022015520853,-2.495022015520853,4.5,5.0375,-0.12102848431095481,3.913598507642746,0.2766536772251129,0.0006331750191748142,0.001953125,0.42920367320510344,117.08663859998342
398,6368,49,2.8033738521234053,-2.8033738521234053,3.0625,5.570833333333334,-0.009626989514206041,35.01058101654053,0.26172319799661636,0.0023332283381023444,0.01530612213537097,0.42920367320510344,117.35210689995438
399,6384,62,2.4728981633974483,-2.4728981633974483,3.875,5.4125,-0.0026760881174272555,2.1988049745559692,0.2021763026714325,4.252166320384276e-05,0.0,0.42920367320510344,117.62107999995351
400,6400,66,2.2771018366025517,-2.2771018366025517,4.125,5.284821428571428,0.1518602075520903,5.214223265647888,0.16532110475725403,0.002457552938722074,0.01171875,0.42920367320510344,117.92092609999236
401,6416,63,1.8567477042468101,-1.8567477042468101,3.9375,4.666666666666667,-0.005837356652288683,2.076559603214264,0.21801161020994186,0.00040661739603820024,0.003968254197388887,0.42920367320510344,118.19364599999972
402,6432,68,2.428373852123406,-2.428373852123406,4.25,4.491964285714285,-0.10517880786210299,5.059876933693886,0.24080252647399902,0.00043329159962013364,0.001953125,0.42920367320510344,118.49156629992649
403,6448,56,1.455475688725957,-1.455475688725957,3.5,6.270833333333333,-0.004526435314411437,2.4208977818489075,0.21234169602394104,0.00011641217577107454,0.0,0.42920367320510344,118.7560176999541
404,6464,68,3.400718801466388,-3.400718801466388,4.25,5.325,0.0398832387290895,8.738156855106354,0.30781079456210136,0.002218531386461109,0.0078125,0.42920367320510344,119.06378610001411
405,6480,67,2.8304756887259566,-2.8304756887259566,4.1875,5.327529761904762,-0.2764076143503189,1.6919973939657211,0.2266090721823275,0.0008042255588711633,0.005859375,0.42920367320510344,119.35693369992077
406,6496,67,2.4280972450961724,-2.4280972450961724,4.1875,5.024702380952381,0.1473286512773484,3.553349569439888,0.398244546726346,0.0016256604619115933,0.009765625,0.42920367320510344,119.65275419992395
407,6512,72,3.057798622548086,-3.057798622548086,4.5,4.745833333333334,0.02566426806151867,4.765530288219452,0.29299337044358253,0.00330052908975631,0.01953125,0.42920367320510344,119.96541089995299
408,6528,64,4.227046326794897,-4.227046326794897,4,5.429166666666667,-0.015566413290798664,23.71933603286743,0.2691513001918793,0.0015205857926048338,0.015625,0.42920367320510344,120.24152129993308
409,6544,63,2.3573009183012763,-2.3573009183012763,3.9375,5.136755952380953,-0.00034300251627428224,4.109777927398682,0.25368162617087364,0.00019650870308396406,0.0,0.42920367320510344,120.51434539991897
410,6560,75,3.5400995408493627,-3.5400995408493627,4.6875,4.784970238095238,-0.08211754442891106,4.013772889971733,0.27247691340744495,0.004152357547809515,0.017578125,0.42920367320510344,120.83731610001996
411,6576,57,1.4549224746714917,-1.4549224746714917,3.5625,5.5355654761904765,-0.00693376594950168,1.8332462012767792,0.1886003017425537,0.0012662395092775114,0.021929824724793434,0.42920367320510344,121.09276569995563
412,6592,65,2.8926990816987237,-2.8926990816987237,4.0625,4.142708333333333,-0.11584274028427899,6.026229098439217,0.12633775644917478,0.001008906401693821,0.005859375,0.42920367320510344,121.38749529991765
413,6608,74,2.339048622548086,-2.339048622548086,4.625,5.327678571428572,0.016981071792542934,2.8465364426374435,0.30606857500970364,0.00015624211357589957,0.001953125,0.42920367320510344,121.71181319991592
414,6624,68,2.865873852123405,-2.865873852123405,4.25,6.135714285714286,0.1030397851136513,6.868278920650482,0.22519694734364748,0.0012737801298499107,0.03515625,0.42920367320510344,122.02020559995435
415,6640,73,2.2853981633974483,-2.2853981633974483,4.5625,4.660416666666666,-0.07983615389093757,1.6153536140918732,0.1871030256152153,0.0036069065897095243,0.021701388992369175,0.42920367320510344,122.33695549995173
416,6656,63,2.5356747704246816,-2.5356747704246816,3.9375,5.051041666666666,-0.006191267836136882,2.7522215843200684,0.18903081119060516,0.0005170109234313713,0.007936508394777775,0.42920367320510344,122.60650579992216
417,6672,66,1.267975688725957,-1.267975688725957,4.125,4.557291666666667,-0.17742126795928925,1.9410182684659958,0.14743770423219438,0.0003110555117018521,0.00390625,0.42920367320510344,122.90898730000481
418,6688,65,4.141592653589793,-4.141592653589793,4.0625,6.367113095238095,0.006199351279065013,13.860774145461619,0.23657671286491677,0.0026653711101971567,0.009765625,0.42920367320510344,123.22106030001305
419,6704,69,1.8080752295753193,-1.8080752295753193,4.3125,4.3863095238095235,-0.08154676062986255,2.0276396200060844,0.23349166102707386,0.0006555458443529005,0.00390625,0.42920367320510344,123.5207818999188
420,6720,59,1.8697454084936211,-1.8697454084936211,3.6875,5.907291666666667,-0.0032009480223138542,2.297511100769043,0.20098993182182312,0.00013148847483535064,0.0042372881434857845,0.42920367320510344,123.7847018999746
421,6736,64,2.843196785945535,-2.843196785945535,4,4.938541666666667,-0.006255630869418383,6.384997844696045,0.2909025698900223,0.0015710002626292408,0.0078125,0.42920367320510344,124.06006369995885
422,6752,69,2.5713495408493623,-2.5713495408493623,4.3125,5.159895833333334,-0.006536646280437708,3.678158864378929,0.32471291813999414,0.0012002868990750315,0.015625,0.42920367320510344,124.36655419995077
423,6768,70,5.2535949493429825,-5.2535949493429825,4.375,5.2140625,0.02308199313119985,13.811143040657043,0.23292882042005658,0.0008869506223069257,0.005859375,0.42920367320510344,124.67929090000689
424,6784,67,3.34375,-3.34375,4.1875,6.171875,-0.2104693199507892,5.711774932220578,0.27792178839445114,0.0013064890129825812,0.0078125,0.42920367320510344,124.99503519991413
425,6800,69,1.6739490816987241,-1.6739490816987241,4.3125,4.789136904761905,0.18975120317190886,7.024656713008881,0.27023715898394585,0.0026063683967549878,0.005859375,0.42920367320510344,125.32902209996246
426,6816,70,2.4327986225480873,-2.4327986225480873,4.375,4.721056547619048,-0.036160585936158895,2.1220944821834564,0.33711013197898865,0.0009429264913123347,0.009765625,0.42920367320510344,125.65339549991768
427,6832,63,2.0801990816987246,-2.0801990816987246,3.9375,5.645833333333333,-0.002408055108389817,3.361529052257538,0.24397234618663788,0.00011120358021798893,0.0,0.42920367320510344,125.94024629995693
428,6848,58,2.3478981633974483,-2.3478981633974483,3.625,4.748660714285714,-0.006594781316254794,9.44355583190918,0.2648257240653038,0.00043787461072497535,0.004310344811528921,0.42920367320510344,126.19644169998355
429,6864,60,5.324667883165113,-5.324667883165113,3.75,5.296428571428572,-0.03275583802411974,21.927217960357666,0.23420168459415436,0.011029945046175271,0.05000000074505806,0.42920367320510344,126.46105509996414
430,6880,67,1.9861724746714915,-1.9861724746714915,4.1875,5.269047619047619,-0.05569485854357481,4.611819818615913,0.3274094653315842,0.0009005456771165044,0.00390625,0.42920367320510344,126.775738599943
431,6896,71,3.3042036732051034,-3.3042036732051034,4.4375,5.3897321428571425,-0.15230407333001494,4.485506519675255,0.2619242426007986,0.0197022233626285,0.0571986623108387,0.42920367320510344,127.1046340999892
432,6912,61,2.3384954084936207,-2.3384954084936207,3.8125,5.815625,-0.003088598421080224,3.159518599510193,0.29840392619371414,7.320080931094708e-05,0.0,0.42920367320510344,127.3793625999242
433,6928,63,2.3177545915063793,-2.3177545915063793,3.9375,5.551488095238096,-0.00784526210987857,7.7738200426101685,0.2887015715241432,0.000505740432345192,0.007936508394777775,0.42920367320510344,127.65708919998724
434,6944,58,1.8885509183012759,-1.8885509183012759,3.625,5.097916666666666,-0.0028548552464005006,2.9433754682540894,0.24324005469679832,0.00025995198484451976,0.0,0.42920367320510344,127.91843069996685
435,6960,60,1.6158738521234048,-1.6158738521234048,3.75,6.583556547619048,-0.00803540192234009,1.7292833030223846,0.26727254688739777,0.0004941140723531134,0.008333333767950535,0.42920367320510344,128.19691910000984
436,6976,68,2.6426990816987246,-2.6426990816987246,4.25,5.675669642857143,0.07358128624036908,3.898437038064003,0.23571535595692694,0.0051325058593647555,0.037109375,0.42920367320510344,128.51079480000772
437,6992,60,1.6153206380689398,-1.6153206380689398,3.75,5.189583333333333,-0.0032756023244776555,3.3738847970962524,0.26882943511009216,0.00021306524740793975,0.004166666883975267,0.42920367320510344,128.7922672999557
438,7008,75,3.4496678831651115,-3.4496678831651115,4.6875,4.701041666666667,0.00975489104166627,6.42402645945549,0.26279653795063496,0.002005580778075,0.021129261702299118,0.42920367320510344,129.12339979992248
439,7024,62,2.866150459150639,-2.866150459150639,3.875,5.660416666666666,-0.0054202559451015375,4.7330193519592285,0.18696686998009682,0.00044112106115790084,0.008064515888690948,0.42920367320510344,129.40511839999817
440,7040,59,2.56581834231575,-2.56581834231575,3.6875,5.521875,-0.012090676424677593,4.158345341682434,0.23464439809322357,0.002307824164745398,0.008474576286971569,0.42920367320510344,129.66551939991768
441,7056,71,3.851493112740431,-3.851493112740431,4.4375,4.8953125,-0.07129083666950464,17.714195489883423,0.20324028749018908,0.003998926208623743,0.009765625,0.42920367320510344,129.97296399995685
442,7072,72,2.325221097219578,-2.325221097219578,4.5,5.270238095238096,0.07426327420398593,2.7478106170892715,0.21598670817911625,0.00019782461458817124,0.0,0.42920367320510344,130.30450029997155
443,7088,65,2.138274311274043,-2.138274311274043,4.0625,5.273958333333334,-0.07568501413334161,2.0380330653861165,0.13366865756011248,0.0003605718375183642,0.00390625,0.42920367320510344,130.59699310001452
444,7104,64,1.8741701789183023,-1.8741701789183023,4,5.402083333333334,-0.011809742311015725,8.312575578689575,0.22921447828412056,0.0016647281299810857,0.01171875,0.42920367320510344,130.87621089990716
445,7120,70,4.347621556370216,-4.347621556370216,4.375,6.213095238095238,0.05350599205121398,45.03153216838837,0.3378699328750372,0.01596486339076364,0.04036458395421505,0.42920367320510344,131.203125
446,7136,67,1.6789270661778708,-1.6789270661778708,4.1875,5.475,-0.16658846801146865,2.497846871614456,0.2265169309284829,0.0012274534478819987,0.009765625,0.42920367320510344,131.50147349992767
447,7152,61,1.8523229338221294,-1.8523229338221294,3.8125,5.420833333333333,-0.006346558619550358,2.584504544734955,0.24292831122875214,0.00018996636890733498,0.0,0.42920367320510344,131.77381099993363
448,7168,66,3.3213495408493623,-3.3213495408493623,4.125,5.075,0.10390602727420628,10.00598156452179,0.19497031858190894,0.0006470695952884853,0.01171875,0.42920367320510344,132.06654079991858
449,7184,63,1.1786504591506382,-1.1786504591506382,3.9375,6.29375,-0.005144280897978193,3.2066702246665955,0.26989494264125824,0.00016541519471502397,0.0,0.42920367320510344,132.3467395999469
450,7200,67,3.0890486225480864,-3.0890486225480864,4.1875,5.740178571428571,0.01681891130283475,8.666561923921108,0.32243799418210983,0.0008129037007620354,0.005859375,0.42920367320510344,132.6448566999752
451,7216,68,3.6639931127404317,-3.6639931127404317,4.25,4.970833333333333,-0.07532064011320472,18.38379244506359,0.26056741923093796,0.005034637113567442,0.07421875,0.42920367320510344,132.9478206000058
452,7232,66,2.4947454084936203,-2.4947454084936203,4.125,4.932886904761904,-0.01980919297784567,2.063298860564828,0.35441446604772864,0.0007175449864007533,0.0,0.42920367320510344,133.26345899992157
453,7248,72,2.6913715563702154,-2.6913715563702154,4.5,5.202976190476191,-0.09281230298802257,3.5986386612057686,0.31510077975690365,0.001376245985738933,0.005859375,0.42920367320510344,133.59876219998114
454,7264,64,2.1471238521234053,-2.1471238521234053,4,4.959895833333333,-0.006611567921936512,5.632043361663818,0.26247985661029816,0.00028496989398263395,0.0,0.42920367320510344,133.89153729996178
455,7280,67,2.905143571891069,-2.905143571891069,4.1875,6.039732142857143,0.007657912326976657,4.001013308763504,0.26794480811804533,0.0005813553168181329,0.00390625,0.42920367320510344,134.1899288999848
456,7296,71,3.1910949493429825,-3.1910949493429825,4.4375,4.963541666666667,0.037613393855281174,8.681253969669342,0.25927601009607315,0.005934144500770344,0.005859375,0.42920367320510344,134.5009248999413
457,7312,65,1.7187500000000004,-1.7187500000000004,4.0625,5.99375,0.07105622766539454,2.9245542041026056,0.19723884924176627,0.00024152066907845438,0.00390625,0.42920367320510344,134.7936183999991
458,7328,66,2.1161504591506377,-2.1161504591506377,4.125,5.9558035714285715,-0.09436111454851925,1.8737853299826384,0.3326295017031953,0.00046328871394507587,0.00390625,0.42920367320510344,135.09243339998648
459,7344,70,1.6474004591506377,-1.6474004591506377,4.375,5.002083333333333,-0.048011333448812366,1.6718580424785614,0.22522404603660107,0.008615256383109227,0.03059895895421505,0.42920367320510344,135.4134061000077
460,7360,63,2.2181967859455347,-2.2181967859455347,3.9375,4.569444444444445,-0.0018518538210110513,2.797383725643158,0.17644891515374184,6.530544874294719e-05,0.0,0.42920367320510344,135.68754339998122
461,7376,61,1.8700220155208536,-1.8700220155208536,3.8125,6.201339285714286,-0.013741099787112576,3.9213614463806152,0.25799426436424255,0.0009419754496775568,0.012295081280171871,0.42920367320510344,135.9627266000025
462,7392,62,0.9463495408493622,-0.9463495408493622,3.875,5.129166666666666,-0.006910697014386624,1.2569882571697235,0.26680557429790497,0.00032612777158647077,0.008064515888690948,0.42920367320510344,136.23544710001443
463,7408,71,2.160121556370216,-2.160121556370216,4.4375,4.256770833333333,-0.007632739841938019,3.2566465884447098,0.24828707054257393,0.0006153029472670823,0.00390625,0.42920367320510344,136.54652849992272
464,7424,66,2.826050918301276,-2.826050918301276,4.125,6.679166666666666,-0.20632031961577013,2.487145571038127,0.2684812194575841,0.0008449388260487467,0.01171875,0.42920367320510344,136.8457139999373
465,7440,62,3.115044031041707,-3.115044031041707,3.875,5.265104166666667,-0.0068871984352174564,9.162436723709106,0.20312969386577606,0.0003834716162600671,0.004032257944345474,0.42920367320510344,137.1402610000223
466,7456,67,2.4908738521234057,-2.4908738521234057,4.1875,5.4765625,0.12490518589038402,3.090990148484707,0.2375070727430284,0.0008194662220073479,0.005859375,0.42920367320510344,137.4597576999804
467,7472,67,1.1963495408493623,-1.1963495408493623,4.1875,4.903125,-0.08272657613269985,3.8971192240715027,0.32070017512887716,0.008511269004884525,0.0989583358168602,0.42920367320510344,137.762925399933
468,7488,77,5.365044031041707,-5.365044031041707,4.8125,4.011755952380953,0.0934950951486826,8.470258861780167,0.3258700482547283,0.00143917762034107,0.015474759973585606,0.42920367320510344,138.09338430000935
469,7504,65,2.0124444901923453,-2.0124444901923453,4.0625,6.34375,-0.18719791586045176,2.49996005743742,0.18432963119994383,0.00011927424930036068,0.0,0.42920367320510344,138.39571289997548
470,7520,71,5.896847245096173,-5.896847245096173,4.4375,5.644196428571428,0.04854873334988952,27.306498616933823,0.4847617968916893,0.01296525209079391,0.1088169664144516,0.42920367320510344,138.72081630001776
471,7536,71,5.168971097219578,-5.168971097219578,4.4375,5.041220238095238,0.05282060639001429,35.627922773361206,0.35303384996950626,0.02047153778403299,0.04910714365541935,0.42920367320510344,139.0378438999178
472,7552,71,3.597344949342983,-3.597344949342983,4.4375,5.476488095238095,-0.015784310176968575,8.863880187273026,0.30312217213213444,0.0060563291273183495,0.0078125,0.42920367320510344,139.3555062999949
473,7568,73,2.1601215563702163,-2.1601215563702163,4.5625,5.876388888888889,0.04249707330018282,3.9683070182800293,0.2912885583937168,0.0011217103819944896,0.01171875,0.42920367320510344,139.6901586999884
474,7584,56,1.378871556370216,-1.378871556370216,3.5,6.0625,-0.005355184648319078,3.3673829436302185,0.2211855947971344,0.0005797570756840287,0.008928571827709675,0.42920367320510344,139.9507736999076
475,7600,64,3.5530972450961724,-3.5530972450961724,4,4.6265625,-0.01588620012626052,12.419793367385864,0.27430322021245956,0.0028993127125431783,0.0234375,0.42920367320510344,140.22799259994645
476,7616,65,2.548949081698724,-2.548949081698724,4.0625,4.540625,0.2100313592236489,2.070754697546363,0.1275611759843045,0.0009261762024834752,0.005859375,0.42920367320510344,140.51664599997457
477,7632,70,2.294247704246811,-2.294247704246811,4.375,6.172916666666667,-0.05033542437013239,3.7574926018714905,0.25441987067461014,0.00036860211184830405,0.00390625,0.42920367320510344,140.8252229000209
478,7648,58,2.3924224746714913,-2.3924224746714913,3.625,5.242708333333334,-0.010851465261958793,7.943566203117371,0.38831599801778793,0.002362703533435706,0.012931034434586763,0.42920367320510344,141.09454979992006
479,7664,58,2.2502766070272324,-2.2502766070272324,3.625,6.262648809523809,-0.011737650597532179,4.922813415527344,0.3605761080980301,0.0011202360001334455,0.008620689623057842,0.42920367320510344,141.37814709998202
480,7680,62,1.878871556370216,-1.878871556370216,3.875,5.218229166666666,-0.005140406452307289,2.3583849668502808,0.24236372113227844,0.0001601141832452413,0.0,0.42920367320510344,141.6513680999633
481,7696,71,2.673395867644259,-2.673395867644259,4.4375,4.958184523809524,0.030819589272141457,2.6514073610305786,0.24217810109257698,0.001099913219377413,0.01981026865541935,0.42920367320510344,141.97180930001196
482,7712,83,4.861172474671492,-4.861172474671492,5.1875,4.2663690476190474,-0.056877341819927096,11.406324625015259,0.40513595566153526,0.003039843330043368,0.02025082241743803,0.42920367320510344,142.3339426999446
483,7728,74,3.174778902780423,-3.174778902780423,4.625,4.732440476190476,-0.0024813732597976923,4.251122444868088,0.29812557622790337,0.0019106638901575934,0.01171875,0.42920367320510344,142.67269789997954
484,7744,68,2.391869260617026,-2.391869260617026,4.25,4.984375,0.021016268525272608,4.81783951818943,0.19730965327471495,0.0004548772412817925,0.0078125,0.42920367320510344,142.99269629991613
485,7760,67,1.512997704246811,-1.512997704246811,4.1875,4.994940476190476,0.20351696363650262,6.26446732878685,0.2165023759007454,0.000399159228948065,0.001953125,0.42920367320510344,143.2980446999427
486,7776,67,1.6111724746714917,-1.6111724746714917,4.1875,4.779910714285714,0.0181252877227962,2.1790889794938266,0.22492646891623735,0.00027769100688779247,0.001953125,0.42920367320510344,143.60549350001384
487,7792,55,1.3481747704246811,-1.3481747704246811,3.4375,5.019791666666666,-0.007875188979828085,2.2031006813049316,0.23355979099869728,0.0004264150120434351,0.00909090880304575,0.42920367320510344,143.86729550000746
488,7808,62,2.8830197197676646,-2.8830197197676646,3.875,4.655208333333333,-0.0032120182078223536,6.772236943244934,0.23414749279618263,0.0004289975877327379,0.004032257944345474,0.42920367320510344,144.14885719993617
489,7824,61,2.334900459150638,-2.334900459150638,3.8125,6.151041666666667,-0.016229924745857716,4.310944318771362,0.24296782910823822,0.0019234983483329415,0.012295081280171871,0.42920367320510344,144.44437289994676
490,7840,60,2.5224004591506373,-2.5224004591506373,3.75,5.388541666666667,-0.010882266641905058,7.043634414672852,0.24490371346473694,0.0018805703221005388,0.016666667070239782,0.42920367320510344,144.71758399996907
491,7856,57,1.6424224746714913,-1.6424224746714913,3.5625,5.011755952380953,-0.004057749459956961,1.2970713376998901,0.1938963457942009,0.00010734155875979923,0.0,0.42920367320510344,144.9726398999337
492,7872,66,2.0312500000000004,-2.0312500000000004,4.125,4.35625,-0.2946217186981812,2.390768676996231,0.17046128876972944,0.0006495793350040913,0.005859375,0.42920367320510344,145.27725659997668
493,7888,52,0.8033738521234055,-0.8033738521234055,3.25,5.317708333333333,-0.004500010561269585,1.437522530555725,0.2261761650443077,5.446331283565087e-05,0.0,0.42920367320510344,145.5235934999073
494,7904,65,2.7093472450961724,-2.7093472450961724,4.0625,4.561458333333333,-0.010796251241117716,4.059397957986221,0.2326032617202145,0.0001761888270266354,0.001953125,0.42920367320510344,145.81274029996712
495,7920,63,2.9814710972195773,-2.9814710972195773,3.9375,5.480208333333334,-0.00275765617316992,7.981514573097229,0.18828190863132477,5.916092140978435e-05,0.0,0.42920367320510344,146.09362099994905
496,7936,68,2.7043692606170273,-2.7043692606170273,4.25,5.173214285714286,-0.07842971617355943,4.999031398445368,0.20809564553201199,0.0007790136151015759,0.00390625,0.42920367320510344,146.40054599998984
497,7952,63,1.9994467859455347,-1.9994467859455347,3.9375,5.126041666666667,-0.004828983861473013,3.1282543540000916,0.20214248821139336,0.00013733983246311254,0.0,0.42920367320510344,146.67967959993985
498,7968,64,1.3794247704246814,-1.3794247704246814,4,4.4203125,-0.0030429319012910128,3.130277454853058,0.18450557440519333,0.0001535949995741248,0.0,0.42920367320510344,146.95225239999127
499,7984,70,2.6061944901923457,-2.6061944901923457,4.375,4.441666666666666,-0.06265037460252643,7.324135288596153,0.2485330729978159,0.0007818106860213447,0.00390625,0.42920367320510344,147.2564845000161
500,8000,64,2.0179756887259566,-2.0179756887259566,4,5.082291666666666,-0.006470153108239174,2.3716503977775574,0.1992730237543583,0.0008445385610684752,0.01171875,0.42920367320510344,147.54803179996088
